id,vendor,name,price,discount,price_0,description,full_description,link_product,link_image,type,combo,is_combo,is_salon_product,keywords
1,Christina,Christina - Unstress - Step 1: Gentle Cleansing Milk - 300ml (Sữa tẩy trang rửa mặt dành cho da nhạy cảm),2398000,%,2398000,"Christina - Unstress - Step 1: Gentle Cleansing Milk - 300ml (Sữa tẩy trang rửa mặt dành cho da nhạy cảm)
Dành cho làn da mỏng yếu, nhạy cảm, suy yếu do điều trị, sau thực hiện công nghệ cao, tổn thương do hóa chất, Laser, Peel, Treatment mạnh. 
Làn da dùng phải các sản phẩm có tính chất bào mòn, chứa thành phần corticoid, da lộ mao mạch, kích ứng, mẩn đỏ. ","Thành phần: 
- Calendula: giảm viêm và ngứa, làm dịu da
- Vitamin E: chất chống oxy hóa mạnh, ngăn ngừa sự hình thành các gốc tự do, củng cố hàng rào bảo vệ da, giảm mất nước qua biểu bì.
- Centheal: tác dụng chống viêm.

Công dụng: 
Nhẹ nhàng rửa sạch lớp trang điểm,
kem chống nắng, bụi bẩn và dầu thừa trên da, cho làn da cảm giác mịn màng và thông thoáng.

Chỉ định: 
Dành cho làn da mỏng yếu, nhạy cảm, suy yếu do điều trị, sau thực hiện công nghệ cao, tổn thương do hóa chất, Laser, Peel, Treatment mạnh. 
Làn da dùng phải các sản phẩm có tính chất bào mòn, chứa thành phần corticoid, da lộ mao mạch, kích ứng, mẩn đỏ. 

Hướng dẫn sử dụng: 
Dùng một lượng vừa đủ massage nhẹ nhàng sản phẩm lên da mặt rồi lau sạch
Dung tích: 300ML",https://vhndistribution.com/san-pham/1-sua-tay-trang-rua-mat-danh-cho-da-nhay-cam-gentle-cleansing-milk-300-ml/,https://vhndistribution.com/wp-content/uploads/2023/04/1-10.png,None,False,False,True,
2,Christina,"Christina - Unstress - Step 2: Revitalizing Toner - 300ml (Nước hoa hồng cân bằng, làm dịu và đổi mới da)",2266000,%,2266000,"Christina - Unstress - Step 2: Revitalizing Toner - 300ml (Nước hoa hồng cân bằng, làm dịu và đổi mới da)
Dành cho làn da mỏng yếu, nhạy cảm, suy yếu do điều trị, sau thực hiện công nghệ cao, tổn thương do hóa chất, Laser, Peel, Treatment mạnh. 
Làn da dùng phải các sản phẩm có tính chất bào mòn, chứa thành phần corticoid, da lộ mao mạch, kích ứng, mẩn đỏ. ","Thành phần: 
 - Biodetox peptide (lá lô hội, bioflavonoid, brocolli): bảo vệ da khỏi các chất ô nhiễm và căng thẳng từ môi trường.
- Glycolic acid và acid lactic: làm sạch và kích thích tái tạo tế bào.
- Chiết xuất dưa chuột: làm dịu kích ứng, giảm viêm.

Công dụng: 
Làm sạch, làm dịu, giảm đỏ, giúp tăng cường tái tạo tế bào.

Chỉ định: 
Dành cho làn da mỏng yếu, nhạy cảm, suy yếu do điều trị, sau thực hiện công nghệ cao, tổn thương do hóa chất, Laser, Peel, Treatment mạnh. 
Làn da dùng phải các sản phẩm có tính chất bào mòn, chứa thành phần corticoid, da lộ mao mạch, kích ứng, mẩn đỏ. 

Hướng dẫn sử dụng: 
Lấy 1 ml nước cân bằng vào bông cotton, sau đó thoa đều theo chiều cấu tạo da, làm sạch và cân bằng da.

Dung tích: 300ML",https://vhndistribution.com/san-pham/2-nuoc-hoa-hong-tai-tao-can-bang-da-revitalazing-toner-300-ml/,https://vhndistribution.com/wp-content/uploads/2023/04/2-4.png,None,False,False,True,
3,Christina,Christina - Unstress - Step 3:  Probiotic peel - 250ml (Peel thanh lọc và đổi mới da dịu nhẹ),7282000,%,7282000,"Christina - Unstress - Step 3:  Probiotic peel - 250ml (Peel thanh lọc và đổi mới da dịu nhẹ)
Dành cho làn da mỏng yếu, nhạy cảm, suy yếu do điều trị, sau thực hiện công nghệ cao, tổn thương do hóa chất, Laser, Peel, Treatment mạnh. 
Làn da dùng phải các sản phẩm có tính chất bào mòn, chứa thành phần corticoid, da lộ mao mạch, kích ứng, mẩn đỏ. ","Thành phần: 
- Probiotic: bảo vệ DNA và màng tế bào.
- Squalane: ngăn ngừa mất độ ẩm và phục hồi độ đàn hồi.
- Glycolic acid: tẩy tế bào chết, kích thích tái tạo tế bào.
-Bơ hạt mỡ: giữ ẩm và phục hồi da, làm mịn và cải thiện độ đàn hồi.

Công dụng: 
Pro-biotic Peel nhẹ nhàng tẩy tế bào chết, giúp làm sạch, thải độc mà không gây kích ứng, cải thiện cơ chế bảo vệ tự nhiên và phục hồi hàng rào bảo vệ da.

Chỉ định: 
Dành cho làn da mỏng yếu, nhạy cảm, suy yếu do điều trị, sau thực hiện công nghệ cao, tổn thương do hóa chất, Laser, Peel, Treatment mạnh. 
Làn da dùng phải các sản phẩm có tính chất bào mòn, chứa thành phần corticoid, da lộ mao mạch, kích ứng, mẩn đỏ. 

Hướng dẫn sử dụng: 
Thoa 1 lớp mỏng (1-2ml) lên bề mặt da, để nguyên sản phẩm trên da từ 1-3 phút, không massage thẩm thấu. 

Dung tích: 250ML",https://vhndistribution.com/san-pham/3-tay-da-chet-thanh-loc-va-tai-tao-da-diu-nhe-probiotic-peel-250-ml/,https://vhndistribution.com/wp-content/uploads/2023/04/3-4.png,None,False,False,True,
4,Christina,Christina - Unstress -Step 4: Frangipani Concentrate - 300ml (Huyết thanh làm dịu bảo vệ da),2800000,%,2800000,"Christina - Unstress -Step 4: Frangipani Concentrate - 300ml (Huyết thanh làm dịu bảo vệ da)
Dành cho làn da mỏng yếu, nhạy cảm, suy yếu do điều trị, sau thực hiện công nghệ cao, tổn thương do hóa chất, Laser, Peel, Treatment mạnh. 
Làn da dùng phải các sản phẩm có tính chất bào mòn, chứa thành phần corticoid, da lộ mao mạch, kích ứng, mẩn đỏ. ","Thành phần: 
- Chiết xuất Frangipani: thải độc & làm giảm kích ứng.
- Lipigenine (chiết xuất hạt lanh): tăng tổng hợp các axit béo thiết yếu.
- Rosanic (phức hợp thảo dược): làm dịu, giảm viêm và giảm đỏ.

Công dụng: 
Chiết xuất cô đặc, làm dịu da đồng thời tạo một lớp bảo vệ chống lại các chất ô nhiễm môi trường, các gốc tự do, và vi khuẩn.

Chỉ định: 
Dành cho làn da mỏng yếu, nhạy cảm, suy yếu do điều trị, sau thực hiện công nghệ cao, tổn thương do hóa chất, Laser, Peel, Treatment mạnh. 
Làn da dùng phải các sản phẩm có tính chất bào mòn, chứa thành phần corticoid, da lộ mao mạch, kích ứng, mẩn đỏ. 

Hướng dẫn sử dụng: 
Lấy 1ml chấm đều, vỗ nhẹ lên da, không lau đi


Dung tích: 300ML",https://vhndistribution.com/san-pham/4-huyet-thanh-lam-diu-bao-ve-da-frangipany-concentrate-300-ml/,https://vhndistribution.com/wp-content/uploads/2023/04/4-5.png,None,False,False,True,
5,Christina,Christina - Unstress - Step 5: Total Serenity Serum - 100ml (Huyết thanh phục hồi và làm dịu da),7150000,%,7150000,"Christina - Unstress - Step 5: Total Serenity Serum - 100ml (Huyết thanh phục hồi và làm dịu da)
Dành cho làn da mỏng yếu, nhạy cảm, suy yếu do điều trị, sau thực hiện công nghệ cao, tổn thương do hóa chất, Laser, Peel, Treatment mạnh. 
Làn da dùng phải các sản phẩm có tính chất bào mòn, chứa thành phần corticoid, da lộ mao mạch, kích ứng, mẩn đỏ. ","Thành phần: 
- Phức hợp Phytoceramide: công nghệ tiên tiến giúp cải thiện chức năng hàng rào da, độ đàn hồi và mềm mại của da. Tăng khả năng giữ ẩm và giảm ngứa.
- Squalane: ngăn ngừa mất độ ẩm và phục hồi độ đàn hồi.
- BSASM: kháng viêm, kháng khuẩn và chống oxy hóa
- Peptide, Venuceane (chiết xuất từ tảo)

Công dụng: 
Tăng cường hoạt động chống oxy hóa, ngăn ngừa glycation và làm dịu làn da bị kích thích. Tăng cường cấu trúc da và phục hồi da khỏe mạnh.

Chỉ định: 
Dành cho làn da mỏng yếu, nhạy cảm, suy yếu do điều trị, sau thực hiện công nghệ cao, tổn thương do hóa chất, Laser, Peel, Treatment mạnh. 
Làn da dùng phải các sản phẩm có tính chất bào mòn, chứa thành phần corticoid, da lộ mao mạch, kích ứng, mẩn đỏ. 

Hướng dẫn sử dụng: 
Lấy 1ml chấm đều, vỗ nhẹ lên da, không lau đi



Dung tích: 100ML",https://vhndistribution.com/san-pham/5-huyet-thanh-phuc-hoi-va-lam-diu-da-total-serenity-serum-100-ml/,https://vhndistribution.com/wp-content/uploads/2023/04/5-3.png,None,False,False,True,
6,Christina,Christina - Unstress - Step 6a: relaxing Massage cream - 500ml (Kem massage dưỡng ẩm và phục hồi da),3300000,%,3300000,"Christina - Unstress - Step 6a: relaxing Massage cream - 500ml (Kem massage dưỡng ẩm và phục hồi da)
Dành cho làn da mỏng yếu, nhạy cảm, suy yếu do điều trị, sau thực hiện công nghệ cao, tổn thương do hóa chất, Laser, Peel, Treatment mạnh. 
Làn da dùng phải các sản phẩm có tính chất bào mòn, chứa thành phần corticoid, da lộ mao mạch, kích ứng, mẩn đỏ. ","Thành phần: 
 - Phức hợp Phytoceramide (ceramide, omega 3, 6, 9 từ chiết xuất thực vật): công nghệ tiên tiến giúp cải thiện chức năng hàng rào da, độ đàn hồi và mềm mại của da. Tăng khả năng giữ ẩm và giảm ngứa.
- Squalane: ngăn ngừa mất độ ẩm và phục hồi độ đàn hồi.
- Vitamin E: chất chống oxy hóa mạnh, ngăn ngừa sự hình thành các gốc tự do, củng cố hàng rào bảo vệ da, giảm mất nước qua biểu bì.
- Sodium hyaluronat

Công dụng: 
Làm dịu và cấp ẩm cho làn da. Tăng cường sự bảo vệ ở cấp độ tế bào đồng thời cải thiện độ đàn hồi, độ mềm mịn và khả năng phục hồi của da.

Chỉ định: 
Dành cho làn da mỏng yếu, nhạy cảm, suy yếu do điều trị, sau thực hiện công nghệ cao, tổn thương do hóa chất, Laser, Peel, Treatment mạnh. 
Làn da dùng phải các sản phẩm có tính chất bào mòn, chứa thành phần corticoid, da lộ mao mạch, kích ứng, mẩn đỏ. 

Hướng dẫn sử dụng: 
Dùng 1-2 giọt tinh dầu của bước 6b trộn với 1 lượng kem của bước 6a vừa đủ, thoa một lớp mỏng lên da, massage nhẹ nhàng theo chiều cấu tạo da từ 10-15 phút, massage thẩm thấu hoàn toàn, đối với làn da quá khô hoặc nhiễm corticoid bị mẩn đỏ thì vỗ đều cho thẩm thấu.
Lưu ý: nếu còn thấy độ bóng trên bề mặt da, dùng giấy tissue thấm bớt dư lượng sản phẩm trước khi đắp mặt nạ.


Dung tích: 500ML",https://vhndistribution.com/san-pham/6a-kem-massage-duong-am-va-phuc-hoi-da-relaxing-massage-cream-500-ml/,https://vhndistribution.com/wp-content/uploads/2023/04/6A-Unstress.jpg,None,False,False,True,
7,Christina,Christina - Unstress - Step 6b: Multi Vitamin Supplement - 100ml (Tinh chất bổ sung Vitamin cho da),4246000,%,4246000,"Christina - Unstress - Step 6b: Multi Vitamin Supplement - 100ml (Tinh chất bổ sung Vitamin cho da)
Dành cho làn da mỏng yếu, nhạy cảm, suy yếu do điều trị, sau thực hiện công nghệ cao, tổn thương do hóa chất, Laser, Peel, Treatment mạnh. 
Làn da dùng phải các sản phẩm có tính chất bào mòn, chứa thành phần corticoid, da lộ mao mạch, kích ứng, mẩn đỏ. ","Thành phần: 
- Kalpariane: loại bỏ gốc tự do, thúc đẩy tổng hợp HA, collagen và elastin.
- Multi-dầu ACE: chất chống oxy hóa, nuôi dưỡng và làm mờ nếp nhăn. 
- Vitamin F: nuôi dưỡng làn da, giảm khô và bong tróc, cho làn da cảm giác thoải mái.
- Tinh dầu hướng dương, lúa mì

Công dụng:
Cung cấp nhiều dinh dưỡng, giàu chất chống oxy hóa, kháng viêm và ngân ngừa lão hóa. Tăng cường hàng rào bảo vệ biểu bì và cấp nước cho da.


Dung tích: 100ML",https://vhndistribution.com/san-pham/6b-tinh-chat-bo-sung-vitamin-cho-da-multi-vitamin-supplement-100ml/,https://vhndistribution.com/wp-content/uploads/2023/04/6-4.png,None,False,False,True,
8,Christina,Christina - Unstress - Step 7: Clarifying Mask - 250ml (Mặt nạ thải độc và làm dịu da),2900000,%,2900000,"Christina - Unstress - Step 7: Clarifying Mask - 250ml (Mặt nạ thải độc và làm dịu da)
Dành cho làn da mỏng yếu, nhạy cảm, suy yếu do điều trị, sau thực hiện công nghệ cao, tổn thương do hóa chất, Laser, Peel, Treatment mạnh. 
Làn da dùng phải các sản phẩm có tính chất bào mòn, chứa thành phần corticoid, da lộ mao mạch, kích ứng, mẩn đỏ. ","Thành phần: 
- Zinc oxide: chống viêm, bảo vệ da khỏi tia UVA và ngăn ngừa lão hóa da
- Venuceane: bảo vệ DNA & sợi cơ, ngăn ngừa viêm nhiễm, giảm TEWL, bảo vệ chống lại tác hại của tia cực tím & hồng ngoại.
- Chiết xuất cam thảo: làm sáng và đồng đều màu da

Công dụng: 
Giúp giảm thiểu các tổn thương ngoài môi trường, giảm đỏ, làm dịu da. Công thức giàu chất chống oxy hóa giải độc giúp làm giảm dấu hiệu lão hóa da sớm, chống lại các gốc tự do và làm đều màu da. Tăng cường hàng rào phòng thủ da và duy trì kết cấu da.c

Hướng dẫn sử dụng: 
Lấy 2 ml mặt nạ dùng cọ silicon, quét đều theo chiều cấu tạo da, để thư giãn trong đúng 10 phút.
Sau đó, làm sạch với nước trước, rồi sử dụng khăn ấm để lau sạch bề mặt da.


Dung tích: 250ML",https://vhndistribution.com/san-pham/7-mat-na-thai-doc-lam-diu-da-clarifying-mask-250-ml/,https://vhndistribution.com/wp-content/uploads/2023/04/7-8.png,None,False,False,True,
9,Christina,Christina - Unstress - Step 8: Optimal hydration mask - 250ml (Mặt nạ dưỡng ẩm và phục hồi da),3916000,%,3916000,"Christina - Unstress - Step 8: Optimal hydration mask - 250ml (Mặt nạ dưỡng ẩm và phục hồi da)
Dành cho làn da mỏng yếu, nhạy cảm, suy yếu do điều trị, sau thực hiện công nghệ cao, tổn thương do hóa chất, Laser, Peel, Treatment mạnh. 
Làn da dùng phải các sản phẩm có tính chất bào mòn, chứa thành phần corticoid, da lộ mao mạch, kích ứng, mẩn đỏ. ","Thành phần: 
 - Phức hợp Phytoceramide: công nghệ tiên tiến giúp cải thiện chức năng hàng rào da, độ đàn hồi và mềm mại của da. Tăng khả năng giữ ẩm và giảm ngứa.
- Probiotic: bảo vệ DNA và màng tế bào.
- Lipigenine: tăng tổng hợp các axit béo thiết yếu.

Công dụng: 
Tăng cường sức khoẻ của ớp sừng và cải thiện hydrat hóa. Giảm cảm giác ngứa và khó chịu. Cải thiện kết cấu và độ đàn hồi

Hướng dẫn sử dụng: 
Lấy 2 ml mặt nạ dùng cọ silicon, quét đều theo chiều cấu tạo da, để thư giãn 10 phút cho sản phẩm thẩm thấu. Sau đó, massage nhẹ 2 phút để sản phẩm thẩm thấu, dùng khăn ấm lau sạch.


Dung tích: 250ML",https://vhndistribution.com/san-pham/8-mat-na-duong-am-phuc-hoi-da-optimal-hydration-mask-250ml/,https://vhndistribution.com/wp-content/uploads/2023/04/8-7.png,None,False,False,True,
10,Christina,Christina - Unstress - Step 9: ProBiotic Moisturizer SPF 15 - 150ml (Kem dưỡng ẩm làm dịu và bảo vệ da SPF15),7315000,%,7315000,"Christina - Unstress - Step 9: ProBiotic Moisturizer SPF 15 - 150ml (Kem dưỡng ẩm làm dịu và bảo vệ da SPF15)
Dành cho làn da mỏng yếu, nhạy cảm, suy yếu do điều trị, sau thực hiện công nghệ cao, tổn thương do hóa chất, Laser, Peel, Treatment mạnh. 
Làn da dùng phải các sản phẩm có tính chất bào mòn, chứa thành phần corticoid, da lộ mao mạch, kích ứng, mẩn đỏ. ","Thành phần: 
 - Quintescine peptide: chất chống oxy hóa, chống phản ứng glycation, bảo vệ DNA, giảm stress do oxy hóa.
- Venuceane: bảo vệ DNA & sợi cơ, ngăn ngừa viêm nhiễm, giảm TEWL, bảo vệ chống lại tác hại của tia cực tím & hồng ngoại.
- Eco-skin: chống viêm, giảm thiểu biểu hiện rối loạn của da
- Sun filters: thành phần chống nắng bảo vệ da trước tia UV
Công dụng: 
Kem ngày tăng cường khả năng miễn dịch. Bảo vệ da chống lại tia UV và bức xạ. Chống lại các gốc tự do, kháng viêm và ngăn ngừa lão hóa da sớm.
Chỉ định: 
Dành cho làn da mỏng yếu, nhạy cảm, suy yếu do điều trị, sau thực hiện công nghệ cao, tổn thương do hóa chất, Laser, Peel, Treatment mạnh. 
Làn da dùng phải các sản phẩm có tính chất bào mòn, chứa thành phần corticoid, da lộ mao mạch, kích ứng, mẩn đỏ. 
Hướng dẫn sử dụng: 
Lấy một lượng vừa đủ (0,2– 0,3 ml) chia đều
 5 điểm trên khuôn mặt, dùng hai ngón tay vỗ đều cho thẩm thấu.
Dung tích: 150ML",https://vhndistribution.com/san-pham/9-kem-duong-am-lam-diu-va-bao-ve-da-probiotic-moiturizer-spf15-150ml/,https://vhndistribution.com/wp-content/uploads/2023/04/9-5.png,None,False,False,True,
11,Christina,Christina - Unstress - Gentle Cleansing milk - 300ml (Sữa tẩy trang rửa mặt dành cho da nhạy cảm),1900000,%,1900000,"Christina - Unstress - Gentle Cleansing milk - 300ml (Sữa tẩy trang rửa mặt dành cho da nhạy cảm)
Sử dụng cho những làn da nhạy cảm, thiếu độ ẩm, da bị kích ứng, dị ứng. Da dễ mẩn đỏ, khó chịu khi thay đổi thời tiết, ô nhiễm môi trường. Da sau khi thực hiện các liệu trình công nghệ cao, liệu trình chuyên sâu.","Thành phần: 
- Chiết xuất hoa cúc
- Chiết xuất hoa đại
- Allantoin
- Panthenol
- Glycerin

Công dụng:
Sản phẩm với kết cấu dạng sữa loại bỏ lớp trang điểm và làm sạch nhẹ nhàng bụi bẩn, tạp chất trên da. Thành phần giàu chiết xuất thực vật giúp giảm khô căng và cân bằng độ ẩm tự nhiên cho làn da, phù hợp với cả làn da nhạy cảm nhất, da kích ứng.

Hướng dẫn sử dụng:
Dùng một lượng vừa đủ massage nhẹ nhàng sản phẩm lên da mặt rồi lau sạch


Dung tích: 300ML",https://vhndistribution.com/san-pham/sua-tay-trang-rua-mat-danh-cho-da-nhay-cam-gentle-cleansing-milk-300ml/,https://vhndistribution.com/wp-content/uploads/2023/04/5-12.png,None,False,False,False,
12,Christina,"Christina - Unstress - Stabilizing Toner - 300ml (Nước hoa hồng cân bằng, làm dịu và đổi mới da)",1900000,%,1900000,"Christina - Unstress - Stabilizing Toner - 300ml (Nước hoa hồng cân bằng, làm dịu và đổi mới da)
Sử dụng cho những làn da nhạy cảm, thiếu độ ẩm, da bị kích ứng, dị ứng. Da dễ mẩn đỏ, khó chịu khi thay đổi thời tiết, ô nhiễm môi trường. Da sau khi thực hiện các liệu trình công nghệ cao, liệu trình chuyên sâu.","Thành phần: 
- Chiết xuất rau má
- Dưa chuột
- Lô hội
- Lactic acid
- Glycolic acid
- Allantoin

Công dụng:
Nước hoa hồng cân bằng độ pH trên da, làm sạch và thanh lọc giúp da sẵn sàng tiếp nhận các bước nuôi dưỡng tiếp theo. Làm dịu làn da căng thẳng với công thức giàu Vitamin B5 đồng thời cung cấp độ ẩm cho da mềm mại, mịn màng.

Hướng dẫn sử dụng:
Sau bước sữa rửa mặt, thấm một lượng vừa đủ vào bông cotton, lau đều toàn mặt. Sau đó, sử dụng serum, kem dưỡng phù hợp


Dung tích: 300ML",https://vhndistribution.com/san-pham/nuoc-hoa-hong-tai-tao-can-bang-da-stabilising-toner-300ml/,https://vhndistribution.com/wp-content/uploads/2023/04/4-16.png,None,False,False,False,
13,Christina,Christina - Unstress - Total Serenity Serum - 50ml (Huyết thanh phục hồi và làm dịu da),3190000,%,3190000,"Christina - Unstress - Total Serenity Serum - 50ml (Huyết thanh phục hồi và làm dịu da)
Sử dụng cho những làn da nhạy cảm, thiếu độ ẩm, da bị kích ứng, dị ứng. Da dễ mẩn đỏ, khó chịu khi thay đổi thời tiết, ô nhiễm môi trường. Da sau khi thực hiện các liệu trình công nghệ cao như laser, hifu, IPL hay các liệu trình trị liệu peel, meso.
","Thành phần: 
- Quintescine Peptide
- BSASM (Phức hợp 7 loại thảo dược làm dịu & phục hồi da)
- Hyaluronic acid
- Peptide Q10
- Probiotic
- Venuceane

Công dụng:
Sản phẩm chuyên biệt dành cho làn da mỏng yếu, nhạy cảm, da sau điều trị công nghệ cao, mang tới hiệu quả làm dịu và thư giãn tức thì. Từng giọt tinh chất cung cấp năng lượng hồi phục mạnh mẽ cho làn da mỏng manh, đồng thời tăng cường khả năng miễn dịch tự nhiên, tái tạo hàng rào bảo vệ da chống chọi lại các yếu tố tiêu cực từ môi trường.

Hướng dẫn sử dụng:
Sáng và tối, sau nước cân bằng, dùng một lượng vừa đủ, chia đều 5 điểm trên mặt, vỗ đều thẩm thấu.


Dung tích: 50ML",https://vhndistribution.com/san-pham/huyet-thanh-phuc-hoi-va-lam-diu-da-total-serenity-serum-50ml/,https://vhndistribution.com/wp-content/uploads/2023/04/7-19.png,None,False,False,False,"1. Huyết thanh phục hồi và làm dịu da được mệnh danh là Huyết thanh phục hồi cao cấp SOS serum chăm sóc, phục hồi, unstress - thư giãn cho làn da nhạy cảm và hư tổn
 2. Công thức độc đáo và cân bằng của Christina với sự kết hợp của Phức hợp chống oxy hóa siêu mạnh gồm Venuceane + Quenetecin + Peptide Q10 CÙNG Phức hợp đa thực vật Rosanic làm dịu - giảm đỏ - giảm viêm, cung cấp lượng siêu thực phẩm Superfood cho da mang lại hiệu quả rõ rệt:
 + Làm dịu, giảm đỏ, giảm viêm tức thì
 + Khôi phục thảm vi sinh, hàng rào bảo vệ da
+ Bảo vệ DNA và chức năng tế bào
 + Cấp ẩm, chống oxy hóa, phục hồi da lâu dài
 -> Da giảm đỏ, rát, ẩm, bóng tức thì và khỏe mạnh và lâu dài
 3. Sản phẩm kết hợp đa dạng trong phác đồ tại Spa/ clinic và tại nhà trong tất cả các phác đồ: nhạy cảm, nám, lão hóa, mụn, dưỡng ẩm...
 Kê đơn đa dạng: da nhạy cảm, treatment, tổn thương, sau peel - laser, máy công nghệ cao...
 Không chỉ là SOS serum chăm sóc, điều trị da nhạy cảm, hư tổn, Huyết thanh Unstress còn là 1 PREP SKIN SERUM: chuẩn bị nền da khỏe mạnh tăng khả năng đáp ứng điều trị trước liệu trình. Đồng thời chăm sóc trong và sau liệu trình điều trị da.
4. Sản phẩm lý tưởng kết hợp trong liệu trình điều trị da nhiễm cort: phác đồ tại Spa và tại nhà. 
 5. Sản phẩm với thiết kế dạng bơm ấn với tông xanh mát mắt và sang trọng, kết cấu thẩm thấu nhanh, không bết dính, không gây mụn, hương thơm tự nhiên dễ chịu - thư giãn - unstress cho da"
14,Christina,Christina - Unstress - Probiotic Day Cream SPF 15 - 50ml (Kem dưỡng ẩm làm dịu và bảo vệ da SPF15),3410000,%,3410000,"Christina - Unstress - Probiotic Day Cream SPF 15 - 50ml (Kem dưỡng ẩm làm dịu và bảo vệ da SPF15)
Sử dụng cho những làn da nhạy cảm, thiếu độ ẩm, da bị kích ứng, dị ứng. Da dễ mẩn đỏ, khó chịu khi thay đổi thời tiết, ô nhiễm môi trường. Da sau khi thực hiện các liệu trình công nghệ cao như laser, hifu, IPL hay các liệu trình trị liệu peel, meso.","Thành phần: 
- Quintescine peptide 
- Probiotic
- Collaxyl
- Venuceane
- Titanium dioxide

Công dụng:
Kem dưỡng ngày hoạt động như 1 lá chắn bảo vệ da mạnh mẽ khỏi các yếu tố tiêu cực từ môi trường bằng cách tăng cường hệ thống miễn dịch tự nhiên của da. Công thức probiotic độc đáo kết hợp cùng các peptide tiên tiến phục hồi & duy trì hàng rào bảo vệ da, tối đa hóa cơ chế bảo vệ DNA tự nhiên và chức năng của tế bào. Làm dịu, dưỡng ẩm, giảm viêm, ngăn ngừa lão hóa sớm giúp da khỏe mạnh, mịn màng.
Công thức chống nắng có khả năng bảo vệ da chống lại những tác động có hại từ tia UVA/ UVB

Hướng dẫn sử dụng:
Buổi sáng, sau bước nước cân bằng, dùng một lượng vừa đủ, chia đều 5 điểm trên mặt, vỗ đều thẩm thấu một lớp mỏng trên da

Dung tích: 50ML",https://vhndistribution.com/san-pham/kem-duong-am-lam-diu-va-bao-ve-da-spf-15-probiotic-day-cream-spf-15-50ml/,https://vhndistribution.com/wp-content/uploads/2023/04/2-13.png,None,False,False,False,
15,Christina,"Christina - Unstress - Harmonizing Night Cream - 50ml (Kem phục hồi, đổi mới và làm sáng da ban đêm)",2860000,%,2860000,"Christina - Unstress - Harmonizing Night Cream - 50ml (Kem phục hồi, đổi mới và làm sáng da ban đêm)
Sử dụng cho những làn da nhạy cảm, thiếu độ ẩm, da bị kích ứng, dị ứng. Da dễ mẩn đỏ, khó chịu khi thay đổi thời tiết, ô nhiễm môi trường. Da sau khi thực hiện các liệu trình công nghệ cao, liệu trình chuyên sâu.","Thành phần: 
- Quintescine peptide
- Retinol hình cầu
- Hyaluronic acid 
- Ceramide 3
- Panthenol

Công dụng:
Một loại kem đêm lý tưởng cho làn da nhạy cảm và da cần phục hồi bởi khả năng: Kháng viêm, làm dịu da. Tăng cường tái tạo tế bào, khôi phục hàng rào bảo vệ, phục hồi tổn thương làn da chịu suốt thời gian ban ngày. Thúc đẩy sự hình thành Collagen tăng độ đàn hồi da, chống lão hóa. Làm đều màu, làm sáng da rõ rệt

Hướng dẫn sử dụng:
Buổi tối, sau bước nước cân bằng, dùng một lượng vừa đủ, chia đều 5 điểm trên mặt, vỗ đều thẩm thấu một lớp mỏng trên da

Dung tích: 50ml",https://vhndistribution.com/san-pham/huyet-thanh-phuc-hoi-da-nhe-nhang-total-serenity-serum-30ml/,https://vhndistribution.com/wp-content/uploads/2023/06/Unstress-Harmonizing-night-cream-50.png,None,False,False,False,
16,Christina,"Christina - Unstress - Replenishing mask - 50ml (Mặt nạ phục hồi, đổi mới da dành cho da nhạy cảm)",2100000,%,2100000,"Christina - Unstress - Replenishing mask - 50ml (Mặt nạ phục hồi, đổi mới da dành cho da nhạy cảm)
Sử dụng cho những làn da nhạy cảm, thiếu độ ẩm, da bị kích ứng, dị ứng. Da dễ mẩn đỏ, khó chịu khi thay đổi thời tiết, ô nhiễm môi trường. Da sau khi thực hiện các liệu trình công nghệ cao, liệu trình chuyên sâu, meso,....","Thành phần: 
- Melfade J
- Pentavitin
- Vitamin F, B12, E
- Allantoin
- Bơ hạt mỡ

Công dụng:
Mặt nạ ngủ chuyên sâu dành cho làn da nhạy cảm, da mệt mỏi cần phục hồi nhanh chóng với ba tác động: Làm dịu & phục hồi làn da trong suốt giấc ngủ. Làm sáng, cấp nước, nuôi dưỡng da xóa tan mệt mỏi, mang lại diện mạo tươi mới, tràn đầy sức sống cho da vào buổi sáng. Tăng sinh collagen, chống lão hóa, tạo bề mặt da căng mịn

Hướng dẫn sử dụng:
Lấy lượng vừa đủ sản phẩm quét đều lên vùng da mặt, cổ, ngực. Để sản phẩm qua đêm và rửa sạch vào buổi sáng. Sử dụng 2 lần/ tuần

Dung tích: 50ml",https://vhndistribution.com/san-pham/mat-na-tai-tao-phuc-hoi-danh-cho-da-nhay-cam-replenising-mask-50ml/,https://vhndistribution.com/wp-content/uploads/2024/07/rep-mask.jpg,None,False,False,False,
17,Christina,Christina - Bio Phyto -1 Mild Facial Cleanser - 500ml (Sữa rửa mặt làm sạch sâu),2390000,%,2390000,"Christina - Bio Phyto -1 Mild Facial Cleanser - 500ml (Sữa rửa mặt làm sạch sâu)
Độ tuổi từ 15 trở lên. Thích hợp với mọi loại da: Da thường, da dầu, da hỗn hợp, dày sừng, lỗ chân lông rộng. Da xỉn màu, mất nước, thiếu cân bằng độ ẩm.","Thành phần: 
- Advanced cleansers: có nguồn gốc từ dầu dừa, dịu nhẹ, không gây kích ứng.
- Trà xanh: chống viêm, chống vi khuẩn và chống oxy hóa tốt.
- Dưa chuột: chất chống oxy hóa, làm dịu, chống viêm và cấp ẩm.

Công dụng:
Làm sạch toàn bộ lượng dầu thừa, lớp trang điểm và bụi bẩn trên bề mặt da.

Chỉ định:
Độ tuổi từ 15 trở lên. Thích hợp với mọi loại da: Da thường, da dầu, da hỗn hợp, dày sừng, lỗ chân lông rộng. Da xỉn màu, mất nước, thiếu cân bằng độ ẩm, da nhạy cảm ở cấp độ nhẹ đến vừa.

Hướng dẫn sử dụng:
Tạo ẩm khuôn mặt, lấy 1 ml sản phẩm vào lòng bàn tay, tạo bọt, thoa đều toàn mặt theo chiều cấu tạo da.
Massage, rửa mặt trong 1-2 phút. Sau đó, rửa sạch với nước.

                                                                                                                    
Dung tích: 500ML",https://vhndistribution.com/san-pham/1-sua-rua-mat-lam-sach-sau-mild-facial-cleanser-500ml/,https://vhndistribution.com/wp-content/uploads/2023/04/1-7.png,None,False,False,True,
18,Christina,Christina - Bio Phyto -2 Refreshing Toner - 500ml (Nước hoa hồng dịu nhẹ từ thảo dược),2508000,%,2508000,"Christina - Bio Phyto -2 Refreshing Toner - 500ml (Nước hoa hồng dịu nhẹ từ thảo dược)
Độ tuổi từ 15 trở lên. Thích hợp với mọi loại da: Da thường, da dầu, da hỗn hợp, dày sừng, lỗ chân lông rộng. Da xỉn màu, mất nước, thiếu cân bằng độ ẩm.","Thành phần: 
- Phức hợp Bio - Astringent: điều tiết bã nhờn giúp thu nhỏ lỗ chân lông, duy trì độ ẩm tối ưu.
- Phức hợp Moisture: nhân tố giữ ẩm NMF làm mềm, mịn và dưỡng ẩm.
- Chiết xuất gừng: tính chất chống oxy hóa và chống viêm.

Công dụng:
Làm sạch, cân bằng da và loại bỏ bã nhờn nhưng không gây khô da.

Chỉ định:
Độ tuổi từ 15 trở lên. Thích hợp với mọi loại da: Da thường, da dầu, da hỗn hợp, dày sừng, lỗ chân lông rộng. Da xỉn màu, mất nước, thiếu cân bằng độ ẩm, da nhạy cảm ở cấp độ nhẹ đến vừa.

Hướng dẫn sử dụng:
Lấy 1ml nước cân bằng vào bông cotton, sau đó thoa đều theo chiều cấu tạo da, làm sạch và cân bằng da.

Dung tích: 500ML",https://vhndistribution.com/san-pham/2-nuoc-hoa-hong-diu-nhe-tu-thao-duoc-refreshing-toner-500ml/,https://vhndistribution.com/wp-content/uploads/2023/04/2-2.png,None,False,False,True,
19,Christina,Christina - Bio Phyto -3 Suppling Gel - 250ml (Gel làm tăng độ đàn hồi của da),1880000,%,1880000,"Christina - Bio Phyto -3 Suppling Gel - 250ml (Gel làm tăng độ đàn hồi của da)
Độ tuổi từ 15 trở lên. Thích hợp với mọi loại da: Da thường, da dầu, da hỗn hợp, dày sừng, lỗ chân lông rộng. Da xỉn màu, mất nước, thiếu cân bằng độ ẩm.","Thành phần: 
- Chiết xuất Artemisia (hoa trong họ cúc): làm dịu và thư giãn da giúp lấy mụn hiệu quả
- Chiết xuất Aloe vera - chống kích ứng, liên kết độ ẩm cho da, cung cấp một cảm giác sảng khoái. Có tác dụng chống viêm, chống oxy hóa, và đặc tính kháng khuẩn.

Công dụng: 
Gel nhẹ nhàng làm mềm và cải thiện tính đàn hồi của da. Làm thông thoáng lỗ chân lông để dễ dàng làm sạch mụn cám mà không cảm thấy khó chịu, là một bước chuẩn bị da lý tưởng cho các trị liệu tiếp theo.

Chỉ định:
Độ tuổi từ 15 trở lên. Thích hợp với mọi loại da: Da thường, da dầu, da hỗn hợp, dày sừng, lỗ chân lông rộng. Da xỉn màu, mất nước, thiếu cân bằng độ ẩm, da nhạy cảm ở cấp độ nhẹ đến vừa.

Hướng dẫn sử dụng: 
Lấy 2 ml gel thoa đều lên bề mặt da, để nguyên sản phẩm trên da, không mát xa thẩm thấu. Có thể kết hợp với máy xông từ 3- 5 phút để tăng hiệu quả tẩy da chết.
Làm sạch bằng khăn ấm, hoặc khăn ẩm.
Lưu ý: Nếu khách hàng không có cảm giác châm chích, nóng đỏ bề mặt da ở bước này thì dùng tiếp bước 4a.

Dung tích: 250ML",https://vhndistribution.com/san-pham/3-gel-lam-tang-do-dan-hoi-cua-da-suppling-gel-250ml/,https://vhndistribution.com/wp-content/uploads/2023/04/3-2.png,None,False,False,True,
20,Christina,Christina - Bio Phyto -4a Herbal Peel - 250ml (Mặt nạ làm sạch sâu từ thảo dược),4356000,%,4356000,"Christina - Bio Phyto -4a Herbal Peel - 250ml (Mặt nạ làm sạch sâu từ thảo dược)
Độ tuổi từ 15 trở lên. Thích hợp với mọi loại da: Da thường, da dầu, da hỗn hợp, dày sừng, lỗ chân lông rộng. Da xỉn màu, mất nước, thiếu cân bằng độ ẩm.","Thành phần: 
- BHA: hoạt chất keratolitic hỗ trợ loại bỏ tế bào chết hiệu quả.
- Hoa hồi: một chất chống oxy hóa mạnh với đặc tính kháng khuẩn.
- Capsicum: kích thích và làm ấm da, tăng cường lưu thông và cải thiện quá trình trao đổi chất.
- Chiết xuất quế: đặc tính chống vi khuẩn và thanh lọc.
- Hoa bạc hà khô: đặc tính chống nhiễm trùng và chống nhiễm khuẩn.
- Tinh dầu bạc hà: đặc tính chống vi khuẩn, tăng cường lưu thông và có tác dụng làm mát.

Công dụng: 
Có tác dụng giải độc, loại bỏ bã nhờn và tế bào bị hư hỏng. Tăng cường sự lưu thông vi lượng và sự linh hoạt vi mao mạch để cung cấp oxy đến tế bào, hỗ trợ chuyển đổi bề mặt tế bào và tăng cường tính phòng vệ.

Chỉ định:
Độ tuổi từ 15 trở lên. Thích hợp với mọi loại da: Da thường, da dầu, da hỗn hợp, dày sừng, lỗ chân lông rộng. Da xỉn màu, mất nước, thiếu cân bằng độ ẩm, da nhạy cảm ở cấp độ nhẹ đến vừa.

Hướng dẫn sử dụng: 
Lấy 1- 2ml dung dịch, dùng chổi quét đều sản phẩm lên bề mặt da, để thư giãn trên da khoảng 1-3 phút tùy tình trạng da.
Sau đó lau sạch bằng khăn ẩm.
Note: Da sưng đỏ, kích ứng thì lau ngay


Dung tích: 250ML",https://vhndistribution.com/san-pham/4a-mat-na-lam-sach-sau-tu-thao-duoc-herbal-peel-250ml/,https://vhndistribution.com/wp-content/uploads/2023/04/4-3.png,None,False,False,True,
21,Christina,Christina - Bio Phyto -5 Comforting Massage Cream - 500ml (Kem massage cung cấp dưỡng chất),3910000,%,3910000,"Christina - Bio Phyto -5 Comforting Massage Cream - 500ml (Kem massage cung cấp dưỡng chất)
Độ tuổi từ 15 trở lên. Thích hợp với mọi loại da: Da thường, da dầu, da hỗn hợp, dày sừng, lỗ chân lông rộng. Da xỉn màu, mất nước, thiếu cân bằng độ ẩm.","Thành phần: 
- Phyto – Ceramide Complex: tăng cường hàng rào bảo vệ tự nhiên, ngăn ngừa thoát ẩm, giảm châm chích, củng cố cấu trúc đàn hồi da. 
- Phức hợp vitamin B: duy trì hoạt động của tế bào khỏe mạnh, giải quyết các vấn đề về rối loạn của da.
- Bơ hạt mỡ: giữ ẩm và phục hồi da, làm mịn và cải thiện độ đàn hồi

Công dụng: 
Bổ sung dưỡng chất và độ ẩm, tái thiết lại hàng rào bảo vệ da, tăng cường và bảo vệ chống lại các tác nhân gây tổn hại. Giúp cải thiện kết cấu và độ đàn hồi của làn da.

Chỉ định:
Độ tuổi từ 15 trở lên. Thích hợp với mọi loại da: Da thường, da dầu, da hỗn hợp, dày sừng, lỗ chân lông rộng. Da xỉn màu, mất nước, thiếu cân bằng độ ẩm, da nhạy cảm ở cấp độ nhẹ đến vừa.

Hướng dẫn sử dụng: 
Lấy 2ml sản phẩm, mát xa nhẹ nhàng cho thẩm thấu hoàn toàn trong 10-15 phút lên toàn bộ vùng mặt (cổ).
Không lau lại với nước, để nguyên trên da để đắp mặt nạ tiếp theo.

Dung tích: 500ML",https://vhndistribution.com/san-pham/5-kem-massage-cung-cap-duong-chat-comforting-massage-cream-500ml/,https://vhndistribution.com/wp-content/uploads/2023/04/6-2.png,None,False,False,True,
22,Christina,Christina - Bio Phyto -6a Seb-Adjustor Mask - 250ml (Mặt nạ phục hồi và se khít lỗ chân lông),2190000,%,2190000,"Christina - Bio Phyto -6a Seb-Adjustor Mask - 250ml (Mặt nạ phục hồi và se khít lỗ chân lông)
Độ tuổi từ 15 trở lên. Thích hợp với mọi loại da: Da thường, da dầu, da hỗn hợp, dày sừng, lỗ chân lông rộng. Da xỉn màu, mất nước, thiếu cân bằng độ ẩm.","Thành phần: 
- Phức hợp Bio - Astringent: điều tiết bã nhờn giúp thu nhỏ lỗ chân lông, duy trì độ ẩm tối ưu.
-  BioSulphur: giúp giảm dầu cho da và ngăn ngừa sự hình thành lỗ chân lông.
-  Colophonium: đóng vai trò quan trọng trong việc thu nhỏ lỗ chân lông lớn.

Công dụng: 
Mặt nạ làm se khít lỗ chân lông, tác dụng điều chỉnh và giảm sự tiết bã nhờn, giúp làm mờ vết thâm

Chỉ định:
Độ tuổi từ 15 trở lên. Thích hợp với mọi loại da: Da thường, da dầu, da hỗn hợp, dày sừng, lỗ chân lông rộng. Da xỉn màu, mất nước, thiếu cân bằng độ ẩm, da nhạy cảm ở cấp độ nhẹ đến vừa.

Hướng dẫn sử dụng:          
Dùng 2-3 ml mặt nạ thoa đều lên bề mặt da, để thư giãn trên da 10 phút. 
Sau đó, làm sạch với nước trước, rồi sử dụng khăn ấm để lau sạch bề mặt da.
Lưu ý: Mặt nạ dạng kem, nên không để quá khô trên bề mặt da, tránh hình thành nếp nhăn giả.
Phải sử dụng khăn ấm lau lại để làm tan lớp kem mặt nạ, tránh phát sinh tình trạng lên mụn.

Dung tích: 250ML",https://vhndistribution.com/san-pham/6a-mat-na-phuc-hoi-va-se-khit-lo-chan-long-seb-adjustor-mask-250ml/,https://vhndistribution.com/wp-content/uploads/2023/04/7-3.png,None,False,False,True,
23,Christina,"Christina - Bio Phyto -6b Zaatar Mask - 250ml (Mặt nạ làm dịu, giảm vi khuẩn và trẻ hóa da)",3250000,%,3250000,"Christina - Bio Phyto -6b Zaatar Mask - 250ml (Mặt nạ làm dịu, giảm vi khuẩn và trẻ hóa da)
Độ tuổi từ 15 trở lên. Thích hợp với mọi loại da: Da thường, da dầu, da hỗn hợp, dày sừng, lỗ chân lông rộng. Da xỉn màu, mất nước, thiếu cân bằng độ ẩm.","Thành phần: 
- Tinh dầu Thyme: chất chống oxy hóa mạnh, giúp kích thích, phục hồi, trẻ hóa da
- Tinh dầu Majoram: làm dịu và thư giãn da
- Retinol viên cầu: tăng cường cấu trúc da, chống lão hóa
- Vitamin E: chất chống oxy hóa mạnh, ngăn ngừa sự hình thành gốc tự do, tăng cường hàng rào bảo vệ da, giảm mất nước qua biểu bì

Công dụng: 
Cung cấp độ ẩm, làm dịu kích ứng da, giảm viêm do các yếu tố môi trường. Chất chống oxy hóa mạnh, thúc đẩy tái tạo và bảo vệ da.

Chỉ định:
Độ tuổi từ 15 trở lên. Thích hợp với mọi loại da: Da thường, da dầu, da hỗn hợp, dày sừng, lỗ chân lông rộng. Da xỉn màu, mất nước, thiếu cân bằng độ ẩm, da nhạy cảm ở cấp độ nhẹ đến vừa.

Hướng dẫn sử dụng:          
Dùng 2-3 ml mặt nạ thoa đều lên bề mặt da, để thư giãn trên da 10 phút. 
Sau đó, làm sạch với nước trước, rồi sử dụng khăn ấm để lau sạch bề mặt da.
Lưu ý: Mặt nạ dạng kem, nên không để quá khô trên bề mặt da, tránh hình thành nếp nhăn giả.
Phải sử dụng khăn ấm lau lại để làm tan lớp kem mặt nạ, tránh phát sinh tình trạng lên mụn.

Dung tích: 250ML",https://vhndistribution.com/san-pham/6b-mat-na-lam-diu-khang-khuan-va-tre-hoa-da-zaatar-mask-250ml/,https://vhndistribution.com/wp-content/uploads/2023/04/8-3.png,None,False,False,True,
24,Christina,Christina - Bio Phyto - 7 Alluring Serum - 100ml (Tinh chất làm căng bóng và tăng cường đàn hồi cho da),3916000,%,3916000,"Christina - Bio Phyto - 7 Alluring Serum - 100ml (Tinh chất làm căng bóng và tăng cường đàn hồi cho da)
Độ tuổi từ 15 trở lên. Thích hợp với mọi loại da: Da thường, da dầu, da hỗn hợp, dày sừng, lỗ chân lông rộng. Da xỉn màu, mất nước, thiếu cân bằng độ ẩm.","Thành phần: 
- Sodium hyaluronate: giúp cấp ẩm tối ưu do tính chất giữ nước.
- Vitamin C: chất chống oxy hóa mạnh mẽ, bảo vệ da khỏi các gốc tự do. Giúp tăng cường collagen, làm sáng da.
- Chiết xuất Prodizia: bảo vệ và sửa chữa cấu trúc protein bị hư hỏng do glycation.

Công dụng: 
Cung cấp độ ẩm, cải thiện sự đàn hồi và hàng rào bảo vệ da. Tăng cường tái tạo tế bào, cấp nước, làm sáng da xỉn màu.

Chỉ định:
Độ tuổi từ 15 trở lên. Thích hợp với mọi loại da: Da thường, da dầu, da hỗn hợp, dày sừng, lỗ chân lông rộng. Da xỉn màu, mất nước, thiếu cân bằng độ ẩm, da nhạy cảm ở cấp độ nhẹ đến vừa.

Hướng dẫn sử dụng: 
Lấy một lượng vừa đủ (0,2– 0,5 ml) chia đều 5
điểm trên khuôn mặt, dùng hai ngón tay vỗ đều cho thẩm thấu.

Dung tích: 100ML",https://vhndistribution.com/san-pham/7-tinh-chat-lam-cang-bong-va-tang-do-dan-hoi-cho-da-alluring-serum-100ml/,https://vhndistribution.com/wp-content/uploads/2023/04/10.png,None,False,False,True,
25,Christina,Christina - Bio Phyto - 8a Zaatar Cream - 250ml (Kem dưỡng thải độc và bảo vệ da từ thảo dược),3058000,%,3058000,"Christina - Bio Phyto - 8a Zaatar Cream - 250ml (Kem dưỡng thải độc và bảo vệ da từ thảo dược)
Độ tuổi từ 15 trở lên. Thích hợp với mọi loại da: Da thường, da dầu, da hỗn hợp, dày sừng, lỗ chân lông rộng. Da xỉn màu, mất nước, thiếu cân bằng độ ẩm.","Thành phần: 
- Tinh dầu Thyme: chất chống oxy hóa mạnh, giúp kích thích, phục hồi, trẻ hóa da.
- Tinh dầu Majoram: làm dịu và thư giãn da.
- Retinol viên cầu: tăng cường cấu trúc da, chống lão hóa.
- Vitamin E: chất chống oxy hóa mạnh, ngăn ngừa sự hình thành gốc tự do, tăng cường hàng rào bảo vệ da, giảm mất nước qua biểu bì.

Công dụng: 
Thải độc, làm tinh khiết, cân bằng và hỗ trợ hoạt động của tế bào, làm dịu da, trị liệu da bị khô tróc và điều hòa tuyến bã.

Chỉ định:
Độ tuổi từ 15 trở lên. Thích hợp với mọi loại da: Da thường, da dầu, da hỗn hợp, dày sừng, lỗ chân lông rộng. Da xỉn màu, mất nước, thiếu cân bằng độ ẩm, da nhạy cảm ở cấp độ nhẹ đến vừa.

Hướng dẫn sử dụng: 
Lấy một lượng vừa đủ 0,2– 0,3 ml chia đều
 5 điểm trên khuôn mặt, dùng hai ngón tay vỗ đều cho thẩm thấu.


Dung tích: 250ML",https://vhndistribution.com/san-pham/8a-kem-duong-thai-doc-va-bao-ve-da-tu-thao-moc-zaatar-cream-250ml/,https://vhndistribution.com/wp-content/uploads/2023/04/11.png,None,False,False,True,
26,Christina,Christina - Bio Phyto - Mild Facial Cleanser - 250ml (Sữa rửa mặt làm sạch sâu),1518000,%,1518000,"Christina - Bio Phyto - Mild Facial Cleanser - 250ml (Sữa rửa mặt làm sạch sâu)
Độ tuổi từ 15 trở lên. Thích hợp với mọi loại da: Da thường, da dầu, da hỗn hợp, dày sừng, lỗ chân lông to. Da xỉn màu, mất nước, thiếu cân bằng độ ẩm.","Thành phần: 
- Citric acid
- Salicylic acid
- Cây phỉ
- Trà xanh
- Diệp lục

Công dụng: 
Là sản phẩm làm sạch được yêu thích hàng đầu tại Việt Nam bởi khả năng: làm sạch sâu nhưng không ảnh hưởng tới lớp hàng rào bảo vệ da, cân bằng độ ẩm tự nhiên, hỗ trợ kháng khuẩn, kháng viêm và làm dịu da, không gây căng, khô, rát da. Làn da sạch, mềm mại với hương thơm thư giãn.

Chỉ định:
Độ tuổi từ 15 trở lên. Thích hợp với mọi loại da: Da thường, da dầu, da hỗn hợp, dày sừng, lỗ chân lông rộng. Da xỉn màu, mất nước, thiếu cân bằng độ ẩm, da nhạy cảm ở cấp độ nhẹ đến vừa.

Hướng dẫn sử dụng: 
Lấy 1 ml ra lòng bàn tay, thêm nước, tạo bọt, mát xa nhẹ nhàng theo chiều cấu tạo da. Sau đó, rửa sạch với nước ấm.

Dung tích: 250ML",https://vhndistribution.com/san-pham/sua-rua-mat-lam-sach-sau-mild-facial-cleanser-250ml/,https://vhndistribution.com/wp-content/uploads/2023/04/6-10.png,None,False,False,False,
27,Christina,Christina - Bio Phyto - Refreshing Toner - 300ml (Nước hoa hồng dịu nhẹ từ thảo dược),1826000,%,1826000,"Christina - Bio Phyto - Refreshing Toner - 300ml (Nước hoa hồng dịu nhẹ từ thảo dược)
Độ tuổi từ 15 trở lên. Thích hợp với mọi loại da: Da thường, da dầu, da hỗn hợp, dày sừng, lỗ chân lông rộng. Da xỉn màu, mất nước, thiếu cân bằng độ ẩm.","Thành phần: 
- Citric acid
- Glycerin  
- Chiết xuất gừng
- Niacinamide
- Panthenol

Công dụng: 
Nước hoa hồng từ thảo dược với khả năng cân bằng độ pH lý tưởng cho làn da, hỗ trợ làm sạch và se khít lỗ chân lông. Chống oxy hóa và cân bằng độ ẩm cho làn da. Dưỡng chất từ thiên nhiên mang lại cảm giác tươi mát, mềm mại cùng hương thơm thư giãn.

Chỉ định:
Độ tuổi từ 15 trở lên. Thích hợp với mọi loại da: Da thường, da dầu, da hỗn hợp, dày sừng, lỗ chân lông rộng. Da xỉn màu, mất nước, thiếu cân bằng độ ẩm, da nhạy cảm ở cấp độ nhẹ đến vừa.

Hướng dẫn sử dụng: 
Dùng lượng vừa đủ thấm vào bông cotton, lau đều theo chiều cấu tạo da.

Dung tích: 300ML",https://vhndistribution.com/san-pham/nuoc-hoa-hong-diu-nhe-tu-thao-duoc-refreshing-toner-300ml/,https://vhndistribution.com/wp-content/uploads/2023/04/8-13.png,None,False,False,False,
28,Christina,Christina - Comodex - 1 Clean & Clear Cleanser - 500ml (Sữa rửa mặt làm sạch và kháng khuẩn),2800000,%,2800000,"Christina - Comodex - 1 Clean & Clear Cleanser - 500ml (Sữa rửa mặt làm sạch và kháng khuẩn)
Điều trị các loại mụn cấp độ từ nhẹ đến nặng vừa. Da dầu, da hỗn hợp, lỗ chân lông to. Da bít tắc thô sần.","Thành phần: 
- Marine C thiopeptide: kháng viêm và kháng khuẩn
- Citric acid: làm sáng, thúc đẩy sự hình thành collagen, cải thiện sự đàn hồi của da
- Lycopene: kháng vi khuẩn, kháng viêm, ngăn chặn sự nhiễm độc, chống oxy hóa

Công dụng: 
Thúc đẩy quá trình làm sạch mà không làm khô da, giảm viêm nhiễm và loại bỏ lớp dầu thừa trên da.

Chỉ định: 
Điều trị các loại mụn cấp độ từ nhẹ đến nặng vừa. Da dầu, da hỗn hợp, lỗ chân lông to. Da bít tắc thô sần.

Hướng dẫn sử dụng: 
Lấy 1ml tạo bọt, rửa mặt theo kỹ thuật.

Dung tích: 500 ml",https://vhndistribution.com/san-pham/1-sua-rua-mat-lam-sach-va-khang-khuan-clean-clear-cleanser-500ml/,https://vhndistribution.com/wp-content/uploads/2023/04/1-8.png,None,False,False,True,"1. SRM kháng khuẩn với chiết xuất làm sạch tự nhiên từ cây xà phòng và lá khuynh diệp
2. Đồng thời kháng viêm và chống oxy hóa với chiết xuất cam chanh và lycopene từ cà chua
3. Thích hợp cho da dầu và da mụn từ nhẹ đến nặng"
29,Christina,Christina - Comodex - 2 Scrub & Smooth Exfoliator - 250ml (Tẩy da chết làm sạch sâu ngăn ngừa mụn),2700000,%,2700000,"Christina - Comodex - 2 Scrub & Smooth Exfoliator - 250ml (Tẩy da chết làm sạch sâu ngăn ngừa mụn)
Điều trị các loại mụn cấp độ từ nhẹ đến nặng vừa. Da dầu, da hỗn hợp, lỗ chân lông to. Da bít tắc thô sần.","Thành phần: 
- Hạt mơ: thành phần tẩy da chết tuyệt vời
- Chiết xuất cam thảo và quýt: làm sáng, có khả năng chống oxy hóa và làm dịu

Công dụng: 
Tẩy da chết nhẹ nhàng dạng kem giúp loại bỏ bụi bẩn và cặn dầu từ lỗ chân lông giúp mịn màng bề mặt da và đồng đều màu da.

Chỉ định: 
Điều trị các loại mụn cấp độ từ nhẹ đến nặng vừa. Da dầu, da hỗn hợp, lỗ chân lông to. Da bít tắc thô sần.

Hướng dẫn sử dụng: 
Lấy 1 ml sản phẩm bôi một lớp mỏng lên những vùng da cần loại bỏ lớp sừng, da sần dày bì thô ráp, mụn đầu đen, mụn đầu trắng. Dùng tay mát xa hình tròn theo chiều cấu tạo da nhẹ nhàng cho lớp kem rơi xuống. Sau đó lau sạch đi.

Dung tích: 250 ml",https://vhndistribution.com/san-pham/2-tay-da-chet-thanh-loc-da-scrubsmooth-exfoliator-250ml/,https://vhndistribution.com/wp-content/uploads/2023/04/2-3.png,None,False,False,True,
30,Christina,Christina - Comodex - 3A Treat&Regenerate Peel - 150ml (Peel làm sạch sâu và thanh lọc da),3245000,%,3245000,"Christina - Comodex - 3A Treat&Regenerate Peel - 150ml (Peel làm sạch sâu và thanh lọc da)
Điều trị các loại mụn cấp độ từ nhẹ đến nặng vừa. Da dầu, da hỗn hợp, lỗ chân lông to. Da bít tắc thô sần.","Thành phần: 
- Glycolic & lactic acid: kích thích tái tạo tế bào.
- Chiết xuất Kojic & bearberry: ức chế sự hình thành melanin.
- Salicylic acid dạng viên: hình thành loại bỏ các tế bào chết, giảm dầu và giảm vi khuẩn.

Công dụng: 
Loại bỏ vi khuẩn, lớp sừng dư thừa, điều tiết bã nhỡn, tăng cường tái tạo tế bào, ức chế sản sinh melanin.

Chỉ định: 
Điều trị các loại mụn cấp độ từ nhẹ đến nặng vừa. Da dầu, da hỗn hợp, lỗ chân lông to. Da bít tắc thô sần.

Hướng dẫn sử dụng: 
Lấy 1 ml sản phẩm, dùng chổi quét đều lên mặt, để khoảng 1-3 phút tùy theo tình trạng da, sau đó rửa lại thật sạch bằng nước.

Dung tích: 150 ml",N/A,N/A,None,False,False,True,
31,Christina,Christina - Comodex - 3B Peel&Renew Peel Forte - 150ml (Peel làm sạch sâu và tái tạo da),3520000,%,3520000,"Christina - Comodex - 3B Peel&Renew Peel Forte - 150ml (Peel làm sạch sâu và tái tạo da)
Điều trị các loại mụn cấp độ từ nhẹ đến nặng vừa. Da dầu, da hỗn hợp, lỗ chân lông to. Da bít tắc thô sần.","Thành phần: 
- Retinol dạng viên: đảm bảo sự thẩm thấu ở mức tối đa và tổng hợp tế bào, tăng cường sản sinh collagen và HA.
- Perfection Peptide: tăng cường tái tạo da và hydrat hóa của da.
- Salicylic acid dạng viên: hình thành loại bỏ các tế bào chết, giảm dầu và giảm vi khuẩn.
- Glycolic acid: kích thích tái tạo tế bào.

Công dụng: 
Điều trị chuyên sâu giúp tăng cường tái tạo da. Loại bỏ tế bào chết, dầu thừa & vi khuẩn còn lại trên da. Tăng cường sản sinh collagen, giúp đồng màu da, cải thiện cấu trúc da

Chỉ định: 
Điều trị các loại mụn cấp độ từ nhẹ đến nặng vừa. Da dầu, da hỗn hợp, lỗ chân lông to. Da bít tắc thô sần.

Hướng dẫn sử dụng: 
Lấy 1 ml sản phẩm, dùng chổi quét đều lên mặt, để khoảng 1-3 phút, sau đó rửa lại thật sạch bằng nước.

Dung tích: 150 ml",https://vhndistribution.com/san-pham/3b-mat-na-lam-sach-sau-va-tai-tao-da-peelrenew-peel-forte-150ml/,https://vhndistribution.com/wp-content/uploads/2023/04/4-4.png,None,False,False,True,
32,Christina,Christina - Comodex - 4 Stimulate&Detox Solution - 300ml (Dung dịch kích thích tái tạo và thanh lọc da),2800000,%,2800000,"Christina - Comodex - 4 Stimulate&Detox Solution - 300ml (Dung dịch kích thích tái tạo và thanh lọc da)
Điều trị các loại mụn cấp độ từ nhẹ đến nặng vừa. Da dầu, da hỗn hợp, lỗ chân lông to. Da bít tắc thô sần.","Thành phần: 
- Chiết xuất quế: kháng khuẩn và làm se
- Chiết xuất ớt: kích thích và làm ấm da, tăng cường lưu thông và chuyển hóa tế bào
- Chiết xuất trà xanh: chống vi khuẩn, chống viêm và loại bỏ gốc tự do

Công dụng: 
Tăng cường lưu thông máu và chuyển hóa tế bào, thải độc và tăng oxy trong tế bào, giúp kháng khuẩn và hỗ trợ lấy mụn dễ dàng.

Chỉ định: 
Điều trị các loại mụn cấp độ từ nhẹ đến nặng vừa. Da dầu, da hỗn hợp, lỗ chân lông to. Da bít tắc thô sần.

Hướng dẫn sử dụng: 
Lấy 1 ml sản phẩm đổ ra bông tẩy trang, lau đều lên mặt, kết hợp máy xông từ 5-7 phút, sau đó lấy mụn. Không lau lại bằng nước.

Dung tích: 300 ml",https://vhndistribution.com/san-pham/4-dung-dich-kich-thich-tai-tao-va-khu-doc-da-stimulate-detox-solution-300ml/,https://vhndistribution.com/wp-content/uploads/2023/04/6-3.png,None,False,False,True,
33,Christina,Christina - Comodex - 5 Bright&Balance Solution - 300ml (Dung dịch làm sáng và cân bằng da),2800000,%,2800000,"Christina - Comodex - 5 Bright&Balance Solution - 300ml (Dung dịch làm sáng và cân bằng da)
Điều trị các loại mụn cấp độ từ nhẹ đến nặng vừa. Da dầu, da hỗn hợp, lỗ chân lông to. Da bít tắc thô sần.","Thành phần: 
- Chiết xuất Kojic & bearberry: ức chế sự hình thành melanin.
- Retinol dạng viên: đảm bảo sự thẩm thấu ở mức tối đa và tổng hợp tế bào, tăng cường sản sinh collagen và HA.
- Vitamin C ổn định: chống oxy hoá, giảm viêm và kích ứng, tăng cường tổng hợp collagen

Công dụng: 
Cân bằng da, giảm thâm, thúc đẩy 1 làn da đều màu, ngăn ngừa tăng sắc tố sau viêm.

Chỉ định: 
Điều trị các loại mụn cấp độ từ nhẹ đến nặng vừa. Da dầu, da hỗn hợp, lỗ chân lông to. Da bít tắc thô sần.

Hướng dẫn sử dụng: 
Lấy 1 ml sản phẩm đổ ra bông tẩy trang, lau đều lên mặt. Không lau lại bằng nước chuyển sang bước 6.

Dung tích: 300 ml",https://vhndistribution.com/san-pham/5-dung-dich-lam-sang-can-bang-da-bright-balance-solution-300ml/,https://vhndistribution.com/wp-content/uploads/2023/04/7-4.png,None,False,False,True,
34,Christina,Christina - Comodex - 6 Astringe&Regulate Mask - 250ml (Mặt nạ kiểm soát dầu và làm dịu),2420000,%,2420000,"Christina - Comodex - 6 Astringe&Regulate Mask - 250ml (Mặt nạ kiểm soát dầu và làm dịu)
Điều trị các loại mụn cấp độ từ nhẹ đến nặng vừa. Da dầu, da hỗn hợp, lỗ chân lông to. Da bít tắc thô sần.","Thành phần: 
- Kaolin, calamine & zinc oxide: hấp thu lượng dầu thừa và làm khô các nốt mụn
- Sulfur: kiểm soát sự tiết bã nhờn
- Pore-reductyl: chống viêm, làm se, và thu nhỏ lỗ chân lông
- Lycopene: kháng khuẩn, kháng viêm, chống oxy hóa.

Công dụng: 
Giảm bã nhờn, kháng khuẩn, giúp hấp thụ dầu dư thừa. Làm dịu làn da bị kích ứng giúp thu nhỏ lỗ chân lông.

Chỉ định: 
Điều trị các loại mụn cấp độ từ nhẹ đến nặng vừa. Da dầu, da hỗn hợp, lỗ chân lông to. Da bít tắc thô sần.

Hướng dẫn sử dụng: 
Lấy 2ml sản phẩm thoa đều lên mặt, để khoảng 10 phút. Lau sạch bằng khăn ấm.

Dung tích: 250 ml",https://vhndistribution.com/san-pham/6-mat-na-kiem-soat-dau-va-lam-diu-astringe-regulate-mask-250ml/,https://vhndistribution.com/wp-content/uploads/2023/04/8-5.png,None,False,False,True,
35,Christina,Christina - Comodex - 7 Mattify&Protect Cream SPF 15 - 150ml (Kem dưỡng kiềm dầu và bảo vệ cho da mụn),2500000,%,2500000,"Christina - Comodex - 7 Mattify&Protect Cream SPF 15 - 150ml (Kem dưỡng kiềm dầu và bảo vệ cho da mụn)
Điều trị các loại mụn cấp độ từ nhẹ đến nặng vừa. Da dầu, da hỗn hợp, lỗ chân lông to. Da bít tắc thô sần.","Thành phần: 
- Kollaren- peptide sinh học: tăng cường sự đàn hồi, cải thiện tái tạo da và làm lành vết thương.
- Pentavitin: cung cấp chất dinh dưỡng và độ ẩm
- UV sun filter: ngăn chặn sự ảnh hưởng có hại của mặt trời.

Công dụng: 
Làm giàu với các chất dưỡng ẩm, tăng cường tái tạo tự nhiên, giảm sự sáng bóng quá mức.

Chỉ định: 
Điều trị các loại mụn cấp độ từ nhẹ đến nặng vừa. Da dầu, da hỗn hợp, lỗ chân lông to. Da bít tắc thô sần.

Hướng dẫn sử dụng:
Sử dụng 0,3ml, dùng tay vỗ đều sản phẩm lên da mặt.

Dung tích: 150 ml",https://vhndistribution.com/san-pham/7-kem-kiem-soat-dau-va-bao-ve-da-spf-15-mattify-protect-cream-spf15-150ml/,https://vhndistribution.com/wp-content/uploads/2023/04/9-4.png,None,False,False,True,
36,Christina,Christina - Comodex - Clean & Clear Cleanser - 250ml (Sữa rửa mặt làm sạch và kháng khuẩn),1190000,%,1190000,"Christina - Comodex - Clean & Clear Cleanser - 250ml (Sữa rửa mặt làm sạch và kháng khuẩn)
Sử dụng cho những làn da dầu, lỗ chân lông to. Da đang gặp tình trạng bít tắc lỗ chân lông, thô sần, xỉn màu. Da mụn viêm, mụn ẩn.","Thành phần: 
- Citric acid
- Lycopene
- Marine C Thiopeptide 
- Saponaria Officinalis
- Chiết xuất cam, quýt

Công dụng: 
Sản phẩm làm sạch lý tưởng cho làn da dầu mụn với với các hoạt chất thông minh loại bỏ bụi bẩn, bã nhờn, tạp chất sâu trong da mà không gây khô căng. Công thức từ thực vật và peptide giúp giảm viêm, tăng sinh tái tạo da, hỗ trợ quá trình điều trị mụn hiệu quả.
Dùng được cho da nhạy cảm nhẹ.

Chỉ định: 
Điều trị các loại mụn cấp độ từ nhẹ đến nặng vừa. Da dầu, da hỗn hợp, lỗ chân lông to. Da bít tắc thô sần.

Hướng dẫn sử dụng: 
Lấy lượng vừa đủ, massage nhẹ nhàng theo chiều cấu tạo da để làm sạch  sau đó rửa lại với nước. Dùng ngày 2 lần, sáng và tối.


Dung tích: 250ML",https://vhndistribution.com/san-pham/sua-rua-mat-lam-sach-khang-khuan-clean-clear-cleanser-250ml/,https://vhndistribution.com/wp-content/uploads/2023/04/9-12.png,None,False,False,False,"1. SRM kháng khuẩn với chiết xuất làm sạch tự nhiên từ cây xà phòng và lá khuynh diệp
2. Đồng thời kháng viêm và chống oxy hóa với chiết xuất cam chanh và lycopene từ cà chua
3. Thích hợp cho da dầu và da mụn từ nhẹ đến nặng"
37,Christina,Christina - Comodex - Purify & Balance Toner - 300ml (Nước hoa hồng kháng khuẩn và làm dịu da),1430000,%,1430000,"Christina - Comodex - Purify & Balance Toner - 300ml (Nước hoa hồng kháng khuẩn và làm dịu da)
Sử dụng cho những làn da dầu, lỗ chân lông to. Da đang gặp tình trạng bít tắc lỗ chân lông, thô sần, xỉn màu. Da mụn viêm, mụn ẩn.","Thành phần: 
- Citric acid
- Melafresh T96
- Chiết xuất cây bạch đàn
- Chiết xuất hạt tiêu Tasmania

Công dụng: 
Sản phẩm giúp cân bằng và thanh lọc da. Loại bỏ tạp chất, giảm bít tắc lỗ chân lông ngăn ngừa mụn và thâm. Chiết xuất thực vật làm dịu và phục hồi da trong quá trình điều trị mụn.

Chỉ định: 
Điều trị các loại mụn cấp độ từ nhẹ đến nặng vừa. Da dầu, da hỗn hợp, lỗ chân lông to. Da bít tắc thô sần.

Hướng dẫn sử dụng: 
Thấm toner vào bông cotton, thoa đều toàn măt. Sử dụng ngày 2 lần, sáng và tối

Dung tích: 300ML",https://vhndistribution.com/san-pham/nuoc-hoa-hong-diu-nhe-khang-khuan-purify-balance-toner-300ml/,https://vhndistribution.com/wp-content/uploads/2023/04/5-1-1.png,None,False,False,False,
38,Christina,Christina - Comodex - Scrub & Smooth Exfoliator - 75ml (Tẩy da chết làm sạch sâu ngăn ngừa mụn),1250000,%,1250000,"Christina - Comodex - Scrub & Smooth Exfoliator - 75ml (Tẩy da chết làm sạch sâu ngăn ngừa mụn)
Sử dụng cho những làn da dầu, lỗ chân lông to. Da đang gặp tình trạng bít tắc lỗ chân lông, thô sần, xỉn màu. Da mụn viêm, mụn ẩn. Không sử dụng cho da đang có nhiều mụn viêm, mụn hở.","Thành phần: 
- Hạt mơ 
- Chiết xuất cam thảo
- Chiết xuất cam quýt 
- Chiết xuất cà chua
- Vitamin E

Công dụng: 
Tẩy tế bào chết, giảm sừng, giảm bít tắc cổ nang lông. Công thức thúc đẩy tái tạo tế bào cho làn da sáng mịn và đồng đều sắc tố.

Chỉ định: 
Điều trị các loại mụn cấp độ từ nhẹ đến nặng vừa. Da dầu, da hỗn hợp, lỗ chân lông to. Da bít tắc thô sần.

Hướng dẫn sử dụng: 
Lấy 1ml đưa lên da thoa đều sau đó massage nhẹ nhàng theo hình tròn rồi rửa sạch lại với nước. Sử dụng 1-2 lần/ tuần

Dung tích: 75ML",https://vhndistribution.com/san-pham/scrub-smooth-exfoliator-tay-da-chet-lam-sach-sau-ngan-ngua-mun-75ml/,https://vhndistribution.com/wp-content/uploads/2023/04/7-1-1.png,None,False,False,False,
39,Christina,Christina - Comodex - Hydrate & restore Serum - 30ml (Tinh chất cung cấp độ ẩm và tái tạo da),1600000,%,1600000,"Christina - Comodex - Hydrate & restore Serum - 30ml (Tinh chất cung cấp độ ẩm và tái tạo da)
Sử dụng cho những làn da dầu, lỗ chân lông to. Da đang gặp tình trạng bít tắc lỗ chân lông, thô sần, xỉn màu. Da mụn viêm, mụn ẩn. Dùng được sau điều trị công nghệ cao như laser, hifu, IPL hay các liệu trình trị liệu peel, meso.","Thành phần: 
- Perfection TriPeptide
- Hyaluronic acid
- Vitamin C
- Glycerin
- Chiết xuất hoa cúc

Công dụng: 
Công thức chuyên biệt cho da dầu, mụn với 4 tác động: Cấp nước, cân bằng dầu nước trong da, phục hồi da tổn thương do mụn. Làm dịu giảm viêm, hỗ trợ điều trị mụn. Làm sáng, giảm thâm sau mụn. Tăng cường tái tạo tế bào, làm mới bề mặt da.
Dùng được cho da nhạy cảm nhẹ.

Chỉ định: 
Điều trị các loại mụn cấp độ từ nhẹ đến nặng vừa. Da dầu, da hỗn hợp, lỗ chân lông to. Da bít tắc thô sần.

Hướng dẫn sử dụng: 
Lấy lượng vừa đủ thoa đều lên da , vỗ nhẹ cho sản phẩm thẩm thấu. Sử dụng ngày 2 lần , sáng và tối trước kem dưỡng

Dung tích: 30ML",https://vhndistribution.com/san-pham/serum-duong-am-danh-cho-da-dau-mun-hydrate-restore-serum-30ml/,https://vhndistribution.com/wp-content/uploads/2023/04/3-1-3.png,None,False,False,False,"1. Serum dưỡng ẩm và tái tạo da lý tưởng đối với làn da mụn.
2. Công thức độc đáo tác động vào tất cả các giai đoạn hình thành mụn trứng cá, mang lại hiệu quả cao, hỗ trợ tối ưu quá trình điều trị mụn:
+ Pore Reductyl (chiết xuất từ nấm rơm) và Chiết xuất lên men Pseudoalteromonas: giúp giảm tiết bã nhờn, se khít lỗ chân lông và làm mịn bề mặt da. 
+Perfection Tripeptide hỗ trợ loại bỏ tế bào sừng già cỗi. HA đa phân tử giúp cẩm ẩm đa tầng, ngăn chặn hiện tượng mất ẩm xuyên bì TEWL, kết hợp với chiết xuất Cúc la mã và các axit amin hỗ trợ làm dịu da và phục hồi da, lý tưởng cho các nền da mụn bị tổn thương hàng rào bảo vệ.
+ Phức hợp Retinol Blending gồm: Retinol tinh khiết và Retinol HPR bọc Liposome có tác dụng tương đương Tretinoin nhưng an toàn hơn, giúp kiểm soát bã nhờn, bình thường quá trình sừng hoá, thúc đẩy tái tạo da, tác động đúng đích... trong quá trình điều trị mụn. Cùng với Kojic Acid giúp là mờ vết thâm sau mụn.
3. Kết cấu mỏng nhẹ, thẩm thấu nhanh chóng, không gây bết dính, không gây mụn."
40,Christina,Christina - Comodex - Control & Regulate day treatment - 50ml (Kem dưỡng kiểm soát nhờn ban ngày),1450000,%,1450000,"Christina - Comodex - Control & Regulate day treatment - 50ml (Kem dưỡng kiểm soát nhờn ban ngày)
Sử dụng cho những làn da dầu, lỗ chân lông to. Da đang gặp tình trạng bít tắc lỗ chân lông, thô sần, xỉn màu. Da mụn viêm, mụn ẩn.","Thành phần: 
- Sepicontrol A5
- Pore – reductyl
- Nio sebactive
- Sodium Hyaluronate
- Chiết xuất trà xanh

Công dụng: 
Kem ngày giúp kiềm dầu, se khít lỗ chân lông. Chống viêm và chống vi khuẩn, ngăn ngừa các vết thâm và tăng tốc quá trình chữa lành. Kết cấu lỏng nhẹ thẩm thấu nhanh cho bề mặt da thông thoáng, dễ chịu suốt cả ngày.

Chỉ định: 
Điều trị các loại mụn cấp độ từ nhẹ đến nặng vừa. Da dầu, da hỗn hợp, lỗ chân lông to. Da bít tắc thô sần.

Hướng dẫn sử dụng: 
Thoa đều sản phẩm lên da đã được làm sạch, sau đó sử dụng thêm kem chống nắng phù hợp để bảo vệ làn da khỏi tác hại của tia UV.

Dung tích: 50ML",https://vhndistribution.com/san-pham/kem-duong-kiem-soat-nhon-cho-da-dau-mun-ban-ngay-control-regulate-day-treatment-50ml/,https://vhndistribution.com/wp-content/uploads/2023/04/1-1-1.png,None,False,False,False,
41,Christina,Christina - Comodex - Renew&Repair Night treatment - 50ml (Gel tái tạo và phục hồi da ban đêm),1680000,%,1680000,"Christina - Comodex - Renew&Repair Night treatment - 50ml (Gel tái tạo và phục hồi da ban đêm)


Sử dụng cho những làn da dầu, lỗ chân lông to. Da đang gặp tình trạng bít tắc lỗ chân lông, thô sần, xỉn màu. Da mụn viêm, mụn ẩn.","Thành phần: 
- Retinol hình cầu
- Salicylic acid
- Perfection TriPeptide 
- Tổ hợp AHA (Phytic acid, Lactic acid, Kojic acid, Citric acid)
- Chiết xuất thực vật (hoa cúc, rau má, cam thảo…)

Công dụng: 
Kem đêm với công thức trị liệu chuyên sâu giúp làm mới và tái tạo làn da dầu, mụn. Tổ hợp AHA & Salicylic acid giảm sừng, làm thông thoáng và se khít lỗ chân lông. Chiết xuất thực vật giảm viêm, làm dịu da. Kết hợp giữa Retinol hình cầu và Perfection TriPeptide cải thiện toàn diện cấu trúc bề mặt mang lại làn da mịn màng, tươi sáng và săn chắc.

Chỉ định: 
Điều trị các loại mụn cấp độ từ nhẹ đến nặng vừa. Da dầu, da hỗn hợp, lỗ chân lông to. Da bít tắc thô sần.

Hướng dẫn sử dụng: 
Lấy 1 lượng vừa đủ chấm 5 điểm trên khuôn mặt sau đó thoa đều sản phẩm lên da. Dùng 2-3 lần/ tuần khi mới sử dụng sau đó tăng dần lên khi da đã quen. Sử dụng vào buổi tối.


Dung tích: 50ML",https://vhndistribution.com/san-pham/gel-tai-tao-va-phuc-hoi-ban-dem-danh-cho-da-mun-renew-repair-night-50ml/,https://vhndistribution.com/wp-content/uploads/2023/04/6-1-1.png,None,False,False,False,"1. Kem đêm sửa chữa và tái tạo da lý tưởng dành cho làn da mụn, dầu, lỗ chân lông rộng, da dày sừng
2. Công thức lý tưởng tác động vào các giai đoạn hình thành mụn trứng cá, đồng thời, tái tạo và phục hồi da trong suốt giấc ngủ.
+ Salicylic acid 2% ở dạng bọc Liposome giúp làm sạch sâu lỗ chân lông, kiểm soát bã nhờn, hỗ trợ se cồi mụn, giảm thiểu khả năng kích ứng so với salicylic acid thông thường. 
+ Kết hợp cùng tổ hợp AHA có tác dụng bạt sừng, hạn chế bít tắc và break out, hiệu quả được tăng cường nhờ Perfection Tripeptide. 
+ Phức hợp đa thực vật Rosanic giúp làm dịu, chống oxy hóa và giảm đỏ da.
3. Kết cấu mỏng nhẹ dạng gel dễ dàng thẩm thấu không gây bết dinh trên da. "
42,Christina,Christina - Comodex - Mattify&Protect Cream SPF 15 -75ml (Kem dưỡng kiềm dầu và bảo vệ cho da mụn),1630000,%,1630000,"Christina - Comodex - Mattify&Protect Cream SPF 15 -75ml (Kem dưỡng kiềm dầu và bảo vệ cho da mụn)
Sử dụng cho những làn da dầu, lỗ chân lông to. Da đang gặp tình trạng bít tắc lỗ chân lông, thô sần, xỉn màu. Da mụn viêm, mụn ẩn.","Thành phần: 
- Kollaren – peptide sinh học
- Pentavitin
- Niacinamide
- Vitamin E 
- Bộ lọc tia chống nắng 

Công dụng: 
Kem dưỡng ngày với khả năng cân bằng lượng dầu nước trong da. Tăng cường khả năng tái tạo, thu nhỏ lỗ chân lông. Bảo vệ da khỏi tác hại tia UV và môi trường. Cho bề mặt da thông thoáng, mềm mịn suốt cả ngày.
Dùng được cho da nhạy cảm nhẹ.

Chỉ định: 
Điều trị các loại mụn cấp độ từ nhẹ đến nặng vừa. Da dầu, da hỗn hợp, lỗ chân lông to. Da bít tắc thô sần.

Hướng dẫn sử dụng: 
Lấy 1 lượng vừa đủ đưa lên da sau đó vỗ nhẹ để sản phẩm thẩm thấu vào da. Dùng sau bước serum vào mỗi sáng 


Dung tích: 75ML",https://vhndistribution.com/san-pham/kem-duong-kiem-dau-va-bao-ve-danh-cho-da-mun-spf-15-mattify-protect-cream-spf15-75ml/,https://vhndistribution.com/wp-content/uploads/2023/04/4-1-1.png,None,False,False,False,
43,Christina,Christina - Comodex - Correct & Prevent Gel - 30ml (Gel chấm ngăn ngừa và cải thiện mụn trứng cá),1485000,%,1485000,"Christina - Comodex - Correct & Prevent Gel - 30ml (Gel chấm ngăn ngừa và cải thiện mụn trứng cá)
Dùng cho vùng mụn sưng viêm.","Thành phần: 
- Salicylic acid
- Marine C Thiopeptide
- Lycopene
- Sulfur
- Allantoin

Công dụng: 
Gel chấm mụn với công thức chuyên biệt đem lại hiệu quả mạnh mẽ khi sử dụng trực tiếp trên vùng da có mụn sưng viêm. Nhanh chóng làm giảm viêm, diệt khuẩn giúp mụn se cồi mụn. Đồng thời, tăng cường quá trình tái tạo da, ngăn ngừa hình thành thâm, sẹo do mụn.

Chỉ định: 
Điều trị các loại mụn cấp độ từ nhẹ đến nặng vừa. Da dầu, da hỗn hợp, lỗ chân lông to. Da bít tắc thô sần.

Hướng dẫn sử dụng: 
Chấm trực tiếp sản phẩm vào các điểm mụn, trước bước kem ngày hoặc đêm


Dung tích: 30ML",https://vhndistribution.com/san-pham/gel-tri-mun-diet-khuan-va-tai-tao-da-correct-prevent-gel-30ml/,https://vhndistribution.com/wp-content/uploads/2023/04/2-1-3.png,None,False,False,False,"1. Gel chấm kháng khuẩn và se cồi mụn với 2% Salicylic acid
2. Công thức kháng khuẩn kháng viêm với Sulfur và sailcylic acid
3. Làm dịu, giảm đỏ và ngừa thâm sau mụn nhờ Marine C Thiopeptide, Lycopene từ cà chua và Allantoin
4. Tuýp đầu vỏ nhỏ giúp sử dụng chính xác tác các nốt mụn và giúp bảo quản sản phẩm hiệu quả."
44,Christina,Christina - Comodex - Soothe & Regulate Mask - 75ml (Mặt nạ điều tiết bã nhờn),1350000,%,1350000,"Christina - Comodex - Soothe & Regulate Mask - 75ml (Mặt nạ điều tiết bã nhờn)
Sử dụng cho những làn da dầu, lỗ chân lông to. Da đang gặp tình trạng bít tắc lỗ chân lông, thô sần, xỉn màu. Da mụn viêm, mụn ẩn.","Thành phần: 
- Phức hợp thảo dược làm dịu (hoa cúc, rau má, cam thảo, trà xanh, hương thảo, hoàng cầm, cốt khí)
- Niacinamide
- Kaolin
- Chiết xuất hạt tiêu Tasmania
- Salicylic acid

Công dụng: 
Mặt nạ giúp cân bằng dầu nước và điều tiết bã nhờn trên da. Phức hợp thảo dược làm dịu, giảm đỏ và phục hồi làn da trong & sau quá trình điều trị mụn. Kháng khuẩn, kháng viêm ngăn ngừa hình thành mụn. Thu nhỏ lỗ chân lông, hỗ trợ giảm thâm & đồng đều màu sắc da
Dùng được cho da nhạy cảm nhẹ.

Chỉ định: 
Điều trị các loại mụn cấp độ từ nhẹ đến nặng vừa. Da dầu, da hỗn hợp, lỗ chân lông to. Da bít tắc thô sần.

Hướng dẫn sử dụng: 
Lấy 3ml thoa đều lên da, sau 15p lau sạch lại với nước. Tuần đắp 1-2 lần

Dung tích: 75ML",https://vhndistribution.com/san-pham/mat-na-dieu-tiet-dau-soothe-regulate-mask-75ml/,https://vhndistribution.com/wp-content/uploads/2023/04/8-15.png,None,False,False,False,
45,Christina,Christina - Nuance - 1 Pre-Peel Cleanser - 300ml (Sữa rửa mặt và chuẩn bị da trước peel),N/A,%,N/A,"Christina - Nuance - 1 Pre-Peel Cleanser - 300ml (Sữa rửa mặt và chuẩn bị da trước peel)
Mọi loại da","Thành phần: 
- Chiết xuất quả mâm xôi: kháng viêm, chống oxy hoá, giàu Vitamin C, kích thích tăng sinh collagen.
- Chiết xuất lựu: chống oxy hoá, chống lão hoá 
- Chiết xuất nho: giàu resveratrol, giảm sự xuất hiện của các dấu hiệu lão hoá trên da. 

Công dụng: 
Sự kết hợp giữa các thành phần từ trái cây, quả mọng với đặc tính chống oxy hoá cao, giúp làm sạch da nhẹ nhàng và làm mềm da.

Hướng dẫn sử dụng: 
Thoa một lượng nhỏ lên miếng bông ướt và làm sạch mặt và cổ theo chuyển động tròn. Lau nhẹ bằng khăn ẩm. Dùng khăn giấy thấm khô da
.
Dung tích: 300ML",N/A,N/A,None,False,False,True,
46,Christina,"Christina - Nuance - 2 Glyco-Mineral Peel - 100ml (Dung dịch peel da đa acid AHA, BHA, PHA)",N/A,%,N/A,"Christina - Nuance - 2 Glyco-Mineral Peel - 100ml (Dung dịch peel da đa acid AHA, BHA, PHA)
Mọi loại da","Thành phần: 
- Tổ hợp 20% nhóm AHA, BHA, PHA
+ AHA: bạt sừng, loại bỏ tế bào sừng già, sừng chết trên bề mặt da. Làm sáng da, ngăn chặn những dấu hiệu lão hoá da. 
+ BHA: làm sạch sâu lỗ chân lông, loại bỏ bã nhờn, bít tắc. Làm sạch sâu da. 
+ PHA: làm sáng da, làm ẩm da, hỗ trợ chức năng bảo vệ da, giúp khoá ẩm và làm giảm sự xuất hiện của các nếp nhăn.

Công dụng: 
Loại bỏ tế bào chết, cải thiện toàn diện các vấn đề về da, từ tình trạng da xỉn màu, kết cấu không đồng đều đến nếp nhăn và tăng sắc tố.

Hướng dẫn sử dụng: 
Dùng cọ thoa một lớp mỏng, đều lên vùng mặt và cổ, từ ngoài vào trong. Lưu trên da trong 3-5 phút, tùy theo phản ứng của da rồi lau sạch bằng nước ấm.


Dung tích: 100ML",N/A,N/A,None,False,False,True,
47,Christina,Christina - Nuance - 3 Glyco-Mineral Peel Mask - 250ml (Mặt nạ khoáng chất hỗ trợ peel da),N/A,%,N/A,"Christina - Nuance - 3 Glyco-Mineral Peel Mask - 250ml (Mặt nạ khoáng chất hỗ trợ peel da)
Mọi loại da","Thành phần: 
- Kaolin: làm sạch sâu bã nhờn, dầu thừa, thanh lọc làn da. 
- Calamine, kẽm, đồng, magiê: cung cấp những khoáng chất cần thiết cho da.
- Niacinamide: cung cấp độ ẩm, làm dịu da. 
- Panthenol: làm dịu da
- Citric acid: làm sáng da

Công dụng: 
Mặt nạ giúp làm sạch sâu, cung cấp các khoáng chất và dinh dưỡng cần thiết cho da.

Hướng dẫn sử dụng: 
Dùng cọ thoa một lớp mỏng, đều lên vùng mặt và cổ, từ ngoài vào trong. Lưu trên da trong 3-5 phút, tùy theo phản ứng của da.

Dung tích: 250ML",N/A,N/A,None,False,False,True,
48,Christina,Christina - Nuance - 4 Grape-Dew Hydrating Tonic 100 (Toner cân bằng và trẻ hóa da),N/A,%,N/A,"Christina - Nuance - 4 Grape-Dew Hydrating Tonic 100 (Toner cân bằng và trẻ hóa da)
Mọi loại da","Thành phần: 
- Chiết xuất gừng: có tính ấm, kích thích lưu thông tuần hoàn máu
- Chiết xuất cây phỉ: kháng viêm, chống oxy hoá, làm sạch da nhẹ nhàng
- Chiết xuất nho xanh: chống oxy hoá cao
- Hyaluronic acid: duy trì độ ẩm trên da, phục hồi làn da khoẻ mạnh.

Công dụng: 
Bổ sung độ ẩm và làm săn chắc da, thúc đẩy sự hấp thụ tối ưu của các sản phẩm tiếp theo

Hướng dẫn sử dụng: 
Xịt từ khoảng cách 20 cm lên mặt đã rửa sạch. Vỗ nhẹ bằng đầu ngón tay cho đến khi sản phẩm thẩm thấu hoàn toàn.

Dung tích: 100ML",N/A,N/A,None,False,False,True,
49,Christina,Christina - Nuance - 5 Eyes-Up Booster Mask - 75ml (Mặt nạ tăng cường trẻ hóa da vùng mắt),N/A,%,N/A,"Christina - Nuance - 5 Eyes-Up Booster Mask - 75ml (Mặt nạ tăng cường trẻ hóa da vùng mắt)
Mọi loại da","Thành phần: 
- Chiết xuất cây phỉ: kháng viêm, chống oxy hoá, làm sạch nhẹ nhàng. 
- Panthenol: làm dịu da
- Bơ hạt mỡ (Theobroma Grandiflorum Seed Butter): cung cấp chất béo cần thiết, nuôi dưỡng làn da

Công dụng: 
Được bào chế chuyên nghiệp để làm mờ nếp nhăn và làm cho làn da mỏng manh quanh mắt trông trẻ trung hơn. Có đặc tính nâng cơ và thẩm thấu dễ dàng, giúp đôi mắt trẻ trung và rạng rỡ hơn

Hướng dẫn sử dụng: 
Dùng cọ nhỏ, thoa một lớp mỏng, đều lên vùng mắt. Massage cho đến khi thẩm thấu hoàn toàn.

Dung tích: 75ML",N/A,N/A,None,False,False,True,
50,Christina,"Christina - Nuance - 6 Intense Repair Cream Rich - 500ml	 (Kem massage giàu dưỡng chất, tăng cường sửa chữa da)",N/A,%,N/A,"Christina - Nuance - 6 Intense Repair Cream Rich - 500ml	 (Kem massage giàu dưỡng chất, tăng cường sửa chữa da)
Mọi loại da","Thành phần: 
- Cây bất tử: kháng viêm, làm dịu da, chống oxy hoá cao.
- Collagen acid amin: phục hồi độ đàn hồi, độ ẩm trên da. Kích thích tăng sinh collagen, elastin. 
- Squalane: cấp ẩm, nuôi dưỡng da.

Công dụng: 
Giàu dinh dưỡng và Omega giúp phục hồi độ đàn hồi và độ ẩm, chống oxy hóa và tăng cường sức đề kháng cho da.

Hướng dẫn sử dụng: 
Dùng cọ /thìa, thoa đều lên mặt, cổ và vùng quai xanh. Massage cho đến khi thẩm thấu hoàn toàn. Lau sạch phần còn lại bằng khăn ẩm.

Dung tích: 500ML",N/A,N/A,None,False,False,True,
51,Christina,Christina - Nuance - 7 Marine Algae Cooling Mask - 150ml (Mặt nạ tảo biển làm mát),N/A,%,N/A,"Christina - Nuance - 7 Marine Algae Cooling Mask - 150ml (Mặt nạ tảo biển làm mát)
Mọi loại da","Thành phần: 
- Tảo xoắn xanh: kháng viêm mạnh mẽ, chống oxy hoá cao. 
- Peptide: chống lão hoá, ngăn chặn sự hình thành của các dấu hiệu lão hoá sớm. 
- Chiết xuất hạt diêm mạch thuỷ phân: giữ ẩm cho da, giàu axit béo cần thiết, khôi phục chức năng rào cản da, giúp giữ ẩm và duy trì sự mềm mại cho làn da. Giàu Vitamin C, bảo vệ da khỏi tác hại từ tia UV. 

Công dụng: 
Mang lại hiệu ứng săn chắc và làm mịn da, mang lại vẻ ngoài trẻ trung hơn.

Hướng dẫn sử dụng: 
Trộn 3 thìa bột mặt nạ với 5 thìa nước lạnh từ từ thêm vào để tạo thành hỗn hợp sệt, mịn. Dùng thìa, quét lên mặt và cổ. Để khô trong 7-10 phút. Lột nhẹ nhàng từ dưới lên trên.

Dung tích: 150ML",N/A,N/A,None,False,False,True,
52,Christina,Christina - Nuance - 8 Immortelle-Infused Elixir Serum - 100ml	 (Serum tăng cường trẻ hóa và bảo vệ da từ cây bất tử),N/A,%,N/A,"Christina - Nuance - 8 Immortelle-Infused Elixir Serum - 100ml	 (Serum tăng cường trẻ hóa và bảo vệ da từ cây bất tử)
Mọi loại da","Thành phần: 
- Cây Immortelle: chất chống oxy hóa, flavonoid, chất dưỡng ẩm và đặc tính làm dịu
- Collagen acid amin: phục hồi độ đàn hồi, độ ẩm trên da. Kích thích tăng sinh collagen, elastin.
- Squalane: cấp ẩm, nuôi dưỡng da.

Công dụng: 
Giàu dinh dưỡng và Omega giúp phục hồi độ đàn hồi và độ ẩm, chống oxy hóa và tăng cường sức đề kháng cho da.

Hướng dẫn sử dụng: 
Thoa một vài giọt lên mặt và cổ, massage nhẹ nhàng thẩm thấu.

Dung tích: 100ML",N/A,N/A,None,False,False,True,
53,Christina,Christina - Nuance - 9A Protective Day Wear SPF 30 -  150ml (Kem dưỡng ban ngày trẻ hóa và bảo vệ da SPF30),N/A,%,N/A,"Christina - Nuance - 9A Protective Day Wear SPF 30 -  150ml (Kem dưỡng ban ngày trẻ hóa và bảo vệ da SPF30)
Mọi loại da","Thành phần: 
- Ferulic acid: đặc tính chống oxy hoá cao, 
- Chiết xuất Yacon: cây sâm đất có nguồn gốc từ Nam Mỹ, là nguồn fructooligosaccharides (FOS) dồi dào, giúp duy trì hệ vi sinh vật khỏe mạnh, chống lại các tác nhân gây hại từ môi trường bên ngoài.  
- Acetyl Tetrapeptide-2: kích thích tăng sinh và tổng hợp collagen.
- Tocopheryl Acetate (vitamin E): chống oxy hoá, dưỡng ẩm và làm mềm da. 

Công dụng: 
Phức hợp peptide mạnh mẽ được tăng cường với axit ferulic cung cấp khả năng bảo vệ mạnh mẽ chống lại các gốc tự do, giúp làn da luôn tươi trẻ và đàn hồi. Được làm giàu với chiết xuất yacon, tăng cường sức đề kháng và độ tươi mới cho làn da

Hướng dẫn sử dụng: 
Sử dụng hàng ngày dành cho vùng da mặt và cổ. Vỗ nhẹ bằng đầu ngón tay cho đến khi thẩm thấu hoàn toàn.

Dung tích: 150ML",N/A,N/A,None,False,False,True,
54,Christina,Christina - Nuance - 9B Pro-Collagen Radiance Cream - 150ml	 (Kem dưỡng trẻ hóa và làm rạng rỡ da),N/A,%,N/A,"Christina - Nuance - 9B Pro-Collagen Radiance Cream - 150ml	 (Kem dưỡng trẻ hóa và làm rạng rỡ da)
Mọi loại da","Thành phần: 
- Collagen axit amin: phục hồi độ đàn hồi, độ ẩm trên da. Kích thích tăng sinh collagen, elastin. 
- Melatonin liposome: chống oxy hoá, chống viêm. 
- Chiết xuất hạt diêm mạch thuỷ phân: giữ ẩm cho da, giàu axit béo cần thiết, khôi phục chức năng rào cản da, giúp giữ ẩm và duy trì sự mềm mại cho làn da. Giàu Vitamin C, bảo vệ da khỏi tác hại từ tia UV. 

Công dụng: 
Công nghệ tiên tiến, kem dưỡng ẩm hiệu suất cao trong công thức lai kết hợp các mảnh collagen axit amin mới và melatonin liposome. Cải thiện độ săn chắc, kết cấu và làm mờ đường nhăn nhăn và nếp nhăn nhỏ.

Hướng dẫn sử dụng: 
Thoa lên mặt đã rửa sạch. Massage nhẹ nhàng cho đến khi thẩm thấu hoàn toàn.

Dung tích: 150ML",N/A,N/A,None,False,False,True,
55,Christina,"Christina - Nuance - Total Corrector Serum - 30ml (Tinh chất sửa chữa, trẻ hoá da toàn diện)",N/A,%,N/A,"Christina - Nuance - Total Corrector Serum - 30ml (Tinh chất sửa chữa, trẻ hoá da toàn diện)
Mọi loại da","Thành phần: 
- Sodium Hyaluronate: Cấp ẩm, làm dịu, phục hồi, kích thích tăng sinh collagen
- Niacinamide: Cung cấp độ ẩm, làm dịu da. 
- Chiết xuất cây phỉ: Kháng khuẩn, kháng viêm

Công dụng: 
Huyết thanh tạo hình mang tính cách mạng, nhắm vào cả các đường nhăn và rãnh nhăn trên gương mặt, bao gồm cả các nếp nhăn tĩnh và các nếp nhăn biểu cảm. Sự kết hợp sang trọng của peptide và axit hyaluronic, làm mờ rõ rệt các nếp nhăn sâu và làm săn chắc làn da chảy xệ, mang lại vẻ rạng rỡ trẻ trung

Hướng dẫn sử dụng: 
Nhỏ vài giọt lên toàn bộ mặt và mát xa nhẹ nhàng cho đến khi hoàn toàn
thấm vào da

Dung tích: 30ML",N/A,N/A,None,False,False,False,
56,Christina,Christina - Nuance - Raspberry Cleansing Emulsion - 300ml (Làm sạch dạng sữa chiết xuất từ quả mâm xôi),N/A,%,N/A,"Christina - Nuance - Raspberry Cleansing Emulsion - 300ml (Làm sạch dạng sữa chiết xuất từ quả mâm xôi)
Mọi loại da","Thành phần: 
- Sodium PCA: Dưỡng ẩm, làm mềm 
- Citric Acid: làm sáng da
- Chiết xuất quả mâm xôi: kháng viêm, chống oxy hoá, giàu Vitamin C, kích thích tăng sinh collagen.
- Chiết xuất lựu: chống oxy hoá, chống lão hoá 
- Chiết xuất nho: giàu resveratrol, giảm sự xuất hiện của các dấu hiệu lão hoá trên da. 

Công dụng: 
Hỗn hợp nhẹ nhàng, tươi mát của các thành phần được chế tác tỉ mỉ để làm sạch và thanh lọc da. Được bổ sung chiết xuất từ quả mâm xôi, lựu và nho.

Hướng dẫn sử dụng: 
Thoa một lượng nhỏ lên bông tẩy trang ướt và làm sạch mặt và cổ bằng chuyển động tròn. Nhẹ nhàng lau sạch bằng vải ẩm

Dung tích: 300ML",N/A,N/A,None,False,False,False,
57,Christina,"Christina - Nuance - Shine-Bright Radiance Enhancer - 50ml (Kem dưỡng sáng da, phục hồi và cải thiện kết cấu da)",N/A,%,N/A,"Christina - Nuance - Shine-Bright Radiance Enhancer - 50ml (Kem dưỡng sáng da, phục hồi và cải thiện kết cấu da)
Mọi loại da","Thành phần: 
- Glycolic Acid: tẩy tế bào chết, chống oxy hóa và dưỡng ẩm
- Lactic Acid: Dưỡng ẩm, phụ hồi và tẩy da chết nhẹ nhàng
- Tranexamic Acid: Giảm phản ứng viêm và ức chế tân sinh mạch

Công dụng: 
Kem tái tạo da tiên tiến, được bào chế với bộ ba axit mạnh mẽ: axit glycolic, axit lactic và axit tranexamic hoạt động kết hợp với nhau giúp da trở nên rạng rỡ, giảm thiểu sự xỉn màu. Kết cấu đồng nhất

Hướng dẫn sử dụng: 
Thoa một lớp mỏng lên mặt và cổ đã được làm sạch hai lần một tuần vào ban đêm, vỗ nhẹ cho đến khi sản phẩm thẩm thấu hết vào da

Dung tích: 50ML",N/A,N/A,None,False,False,False,
58,Christina,Christina - Nuance - Red clover tightening mask - 50ml (Mặt nạ làm săn chắc da từ cỏ ba lá đỏ),N/A,%,N/A,"Christina - Nuance - Red clover tightening mask - 50ml (Mặt nạ làm săn chắc da từ cỏ ba lá đỏ)
Mọi loại da","Thành phần: 
- Isaflavone: Nuôi dưỡng, cấp ẩm, ngăn ngừa lão hóa 
- Saccharide Isomerate: Ngăn ngừa mất nước và kháng viêm hiệu quả
- Lactobacillus Ferment: Cân bằng hệ vi sinh vật trên da, tăng cường miễn dịch làn da.

Công dụng: 
Mặt nạ với hàm lượng lớn thành phần Isoflavone được biết tới đa công dụng trong việc nuôi dưỡng, cấp ẩm, trẻ hóa da. Mặt nạ ngủ thích hợp với những làn da khô, thiếu độ ẩm và kết cấu không đồng đều

Hướng dẫn sử dụng: 
Thoa một lượng vừa đủ lên mặt và cổ để trên da trong 2-3 phút, sau đó massage nhẹ nhàng cho đến khi hoàn toàn thẩm thấu. Sử dụng 1-2 lần/ tuần.

Dung tích: 50ML",N/A,N/A,None,False,False,False,
59,Christina,Christina - Nuance - Protective Day Wear SPF 30 - 75ml (Kem dưỡng ban ngày trẻ hóa và bảo vệ da SPF30),N/A,%,N/A,"Christina - Nuance - Protective Day Wear SPF 30 - 75ml (Kem dưỡng ban ngày trẻ hóa và bảo vệ da SPF30)
Mọi loại da","Thành phần: 
- Ferulic acid: đặc tính chống oxy hoá cao, 
- Chiết xuất Yacon: cây sâm đất có nguồn gốc từ Nam Mỹ, là nguồn fructooligosaccharides (FOS) dồi dào, giúp duy trì hệ vi sinh vật khỏe mạnh, chống lại các tác nhân gây hại từ môi trường bên ngoài.  
- Acetyl Tetrapeptide-2: kích thích tăng sinh và tổng hợp collagen.
- Tocopheryl Acetate (vitamin E): chống oxy hoá, dưỡng ẩm và làm mềm da. 

Công dụng: 
Phức hợp peptide mạnh mẽ được tăng cường với axit ferulic cung cấp khả năng bảo vệ mạnh mẽ chống lại các gốc tự do, giúp làn da luôn tươi trẻ và đàn hồi. Được làm giàu với chiết xuất yacon, tăng cường sức đề kháng và độ tươi mới cho làn da

Hướng dẫn sử dụng: 
Sử dụng hàng ngày dành cho vùng da mặt và cổ. Vỗ nhẹ bằng đầu ngón tay cho đến khi thẩm thấu hoàn toàn.

Dung tích: 75ML",N/A,N/A,None,False,False,False,
60,Christina,Christina - Nuance - Pro Collagen Vitality Cream - 50ml (Kem dưỡng trẻ hoá và tăng cường sức sống cho da),N/A,%,N/A,"Christina - Nuance - Pro Collagen Vitality Cream - 50ml (Kem dưỡng trẻ hoá và tăng cường sức sống cho da)
Mọi loại da","Thành phần: 
- Collagen axit amin: phục hồi độ đàn hồi, độ ẩm trên da. Kích thích tăng sinh collagen, elastin. 
- Melatonin liposome: chống oxy hoá, chống viêm. 
- Chiết xuất hạt diêm mạch thuỷ phân: giữ ẩm cho da, giàu axit béo cần thiết, khôi phục chức năng rào cản da, giúp giữ ẩm và duy trì sự mềm mại cho làn da. Giàu Vitamin C, bảo vệ da khỏi tác hại từ tia UV. 

Công dụng: 
Công nghệ tiên tiến, kem dưỡng ẩm hiệu suất cao trong công thức lai kết hợp các mảnh collagen axit amin mới và melatonin liposome. Cải thiện độ săn chắc, kết cấu và làm mờ đường nhăn nhăn và nếp nhăn nhỏ.

Hướng dẫn sử dụng: 
Thoa lên mặt đã rửa sạch. Massage nhẹ nhàng cho đến khi thẩm thấu hoàn toàn.

Dung tích: 50ML",N/A,N/A,None,False,False,False,
61,Christina,Christina - Nuance-  Grape-Dew Hydrating Tonic - 100ml (Toner cân bằng và trẻ hóa da),N/A,%,N/A,"Christina - Nuance-  Grape-Dew Hydrating Tonic - 100ml (Toner cân bằng và trẻ hóa da)
Mọi loại da","Thành phần: 
- Chiết xuất gừng: có tính ấm, kích thích lưu thông tuần hoàn máu
- Chiết xuất cây phỉ: kháng viêm, chống oxy hoá, làm sạch da nhẹ nhàng
- Chiết xuất nho xanh: chống oxy hoá cao
- Hyaluronic acid: duy trì độ ẩm trên da, phục hồi làn da khoẻ mạnh.

Công dụng: 
Bổ sung độ ẩm và làm săn chắc da, thúc đẩy sự hấp thụ tối ưu của các sản phẩm tiếp theo

Hướng dẫn sử dụng: 
Xịt từ khoảng cách 20 cm lên mặt đã rửa sạch. Vỗ nhẹ bằng đầu ngón tay cho đến khi sản phẩm thẩm thấu hoàn toàn.

Dung tích: 100ML",N/A,N/A,None,False,False,False,
62,Christina,Christina - Nuance - Eyes-up Booster cream - 30ml (Kem dưỡng tăng cường trẻ hóa da vùng mắt),N/A,%,N/A,"Christina - Nuance - Eyes-up Booster cream - 30ml (Kem dưỡng tăng cường trẻ hóa da vùng mắt)
Mọi loại da","Thành phần: 
- Palmitoyl Tetrapeptide-7
- Collagen Amino Acids: phục hồi độ đàn hồi, độ ẩm trên da. Kích thích tăng sinh collagen, elastin. 
- Panthenol: Dưỡng ẩm, làm dịu da

Công dụng: 
Được công thức hóa một cách chuyên nghiệp để làm mờ nếp nhăn và làm cho làn da nhạy cảm xung quanh mắt
trở nên trẻ trung hơn, rạng rỡ hơn

Hướng dẫn sử dụng: 
Thoa một lớp mỏng, đều lên vùng mắt. Massage cho đến khi hoàn toàn hấp thụ.

Dung tích: 30ML",N/A,N/A,None,False,False,False,
63,Christina,"Christina - Nuance - Advanced Firming Neck Cream - 50ml (Kem dưỡng trẻ hoá, làm săn chắc vùng da cổ)",N/A,%,N/A,"Christina - Nuance - Advanced Firming Neck Cream - 50ml (Kem dưỡng trẻ hoá, làm săn chắc vùng da cổ)
Mọi loại da","Thành phần: 
- Ferulic acid: đặc tính chống oxy hoá cao
- Sodium hyaluronate: duy trì độ ẩm trên da, phục hồi làn da khoẻ mạnh.
- Palmitoyl Tripeptide-1: kích thích tăng sinh và tổng hợp collagen.
- Palmitoyl Tetrapeptide-7:  kích thích tăng sinh và tổng hợp collagen.

Công dụng: 
Khôi phục độ mềm mại và nâng cao
độ linh hoạt với sự kết hợp mạnh mẽ của peptide collagen
và vitamin C. Làm mờ sự xuất hiện của nếp nhăn sâu, độ chùng nhão của da

Hướng dẫn sử dụng: 
Thoa một lớp mỏng, đồng nhất theo chuyển động hướng lên trên lên da đã được làm sạch.

Dung tích: 50ML",N/A,N/A,None,False,False,False,
64,Christina,Christina - Nuance - Absolute Immortelle - 30ml (Tinh chất trẻ hoá da từ cây hoa bất tử),N/A,%,N/A,"Christina - Nuance - Absolute Immortelle - 30ml (Tinh chất trẻ hoá da từ cây hoa bất tử)
Mọi loại da","Thành phần: 
- Cây Immortelle: chất chống oxy hóa, flavonoid, chất dưỡng ẩm và đặc tính làm dịu
- Retinoid: Kích thích sản sinh collagen, trẻ hóa da
- Vitamin C: chống oxy hoá, giảm viêm và kích ứng, tăng cường tổng hợp collagen

Công dụng: 
Tinh chất ban đêm chứa chiết xuất Immortelle
Plant, Retinoid và Vitamin C, có tác dụng để làm trẻ hóa da, cải thiện độ đàn hồi và làm sáng da, đồng thời giảm thiểu sự xuất hiện của nếp nhăn và các sắc tố.

Hướng dẫn sử dụng: 
Thoa một lượng vừa đủ lên toàn bộ khuôn mặt và mát xa nhẹ nhàng cho đến khi hoàn toàn thẩm thấu. 

Dung tích: 30ML",N/A,N/A,None,False,False,False,
65,Christina,Christina - Nuance - 10% AHA+PHA Peel Mask - 75ml (Mặt nạ peel da với AHA và PHA),N/A,%,N/A,"Christina - Nuance - 10% AHA+PHA Peel Mask - 75ml (Mặt nạ peel da với AHA và PHA)
Mọi loại da","Thành phần: 
- Tổ hợp 10% nhóm AHA, PHA
+ AHA: bạt sừng, loại bỏ tế bào sừng già, sừng chết trên bề mặt da. Làm sáng da, ngăn chặn những dấu hiệu lão hoá da. 
+ PHA: làm sáng da, làm ẩm da, hỗ trợ chức năng bảo vệ da, giúp khoá ẩm và làm giảm sự xuất hiện của các nếp nhăn.

Công dụng: 
Sự kết hợp mạnh mẽ của 10% của 2 nhóm axit  AHA & PHA giúp giải quyết nhiều vấn đề về da, từ da xỉn màu thô sần đến nếp nhăn, sắc tố.

Hướng dẫn sử dụng: 
Thoa một lớp mỏng, đều lên mặt, cổ và vùng ngực. Tránh vùng mắt. Để trên da trong 5-7 phút, tùy thuộc vào phản ứng của da. Rửa sạch hoàn toàn.


Dung tích: 75ML",N/A,N/A,None,False,False,False,
66,Christina,Christina - Nude - 1 Balancing Cleanser - 500ml (),N/A,%,N/A,"Christina - Nude - 1 Balancing Cleanser - 500ml ()
Mọi loại da","Thành phần: 
- Salicylic acid – điều tiết bã nhờn, duy trì mức bã nhờn của da cân bằng và ngăn ngừa sự hình thành các vết thâm mới. Thúc đẩy quá trình thay mới tế bào tự nhiên của da, giúp da mềm mại và mịn màng hơn.
- Niacinamide - giúp cân bằng da, đồng thời bổ sung độ ẩm cần thiết, giúp da mềm mại và dịu nhẹ. Bổ sung lipid thiết yếu giúp bảo vệ chức năng hàng rào bảo vệ da.
- Trà xanh và cải xoăn – siêu thực phẩm với hàm lượng chất chống oxy hoá cao giúp bảo vệ da khỏi các gốc tự do, các tác nhân gây hại và ô nhiễm từ môi trường. Giúp làm dịu da, giảm mẩn đỏ và kích ứng. Tăng cường làm đồng đều màu da và rạng rỡ hơn.

Công dụng: 
Sữa tắm làm sạch dịu nhẹ có chứa Salicylic acid và Niacinamide. Loại bỏ tạp chất và loại bỏ bã nhờn dư thừa từ lỗ chân lông, giúp làm sạch sâu làn da cơ thể. Chiết xuất trà xanh và cải xoăn giúp giải độc, làm dịu và bảo vệ da.

Hướng dẫn sử dụng: 
Làm ướt tay và tạo bọt một lượng nhỏ sản phẩm. Thoa lên da ẩm và massage theo chuyển động tròn. Lau sạch bằng khăn ấm.

Dung tích: 500ML",N/A,N/A,None,False,False,True,
67,Christina,Christina - Nude - 2A Berries Smoothing Scrub - 250ml (),N/A,%,N/A,"Christina - Nude - 2A Berries Smoothing Scrub - 250ml ()
Mọi loại da","Thành phần: 
- Axit trái cây (Glycolic, Malic, Mandelic Acid) – Các chất tẩy tế bào chết mạnh này hòa tan các tế bào da chết và giúp thông thoáng lỗ chân lông, giúp da mịn màng và đàn hồi hơn. Chúng có tác dụng tăng cường quá trình tái tạo tự nhiên của da, giúp da tươi mới và rạng rỡ.
- Gluconolactone – Một loại axit polyhydroxy (PHA) được biết đến là có hiệu quả như AHA, thúc đẩy quá trình tái tạo bề mặt da và giúp giữ lại các phân tử nước trong da, mang lại làn da căng mọng, ẩm mượt.
- Bột hạt mơ – Một chất tẩy tế bào chết cơ học tự nhiên giúp loại bỏ các tế bào da chết, đặc biệt là ở những vùng da khô và dày hơn. Các kích thước hạt khác nhau của nó mang lại hiệu ứng làm mịn ngay lập tức, giúp da mềm mại và mượt mà khi chạm vào.
- Hợp chất quả mọng (Goji, Bearberry, Mulberry) – Hỗn hợp có nguồn gốc từ thực vật này rất giàu cả AHA và axit amin, thúc đẩy quá trình tái tạo tế bào và mang lại làn da mịn màng hơn. Chứa nhiều chất chống oxy hóa, nó giúp dưỡng ẩm, làm mềm và cải thiện độ đàn hồi của da, đồng thời tăng cường chức năng hàng rào bảo vệ da.

Công dụng: 
Tẩy tế bào chết 2 trong 1 mạnh mẽ kết hợp các chất tẩy tế bào chết hóa học và vật lý bao gồm axit trái cây, bột hạt mơ và phức hợp quả mọng nuôi dưỡng. Làm mịn kết cấu da ngay lập tức đồng thời thúc đẩy quá trình tái tạo tự nhiên của da. Nó loại bỏ hiệu quả các tế bào da chết, giúp da mềm mại, ngậm nước và tươi mới mà không gây khô hoặc kích ứng.

Hướng dẫn sử dụng: 
Nhẹ nhàng massage hỗn hợp tẩy tế bào chết lên da ướt và lau sạch.

Dung tích: 100ML",N/A,N/A,None,False,False,True,
68,Christina,Christina - Nude - 2B Deep Herbal Peel - 250ml (),N/A,%,N/A,"Christina - Nude - 2B Deep Herbal Peel - 250ml ()
Mọi loại da","Thành phần: 
- Antioxidant peptide-FA Peptide chống oxy hóa-FA – Một phức hợp chống oxy hóa mạnh mẽ kết hợp Acetyl Tetrapeptide-2 và axit ferulic. Nó cung cấp khả năng bảo vệ toàn diện chống lại lão hóa do ánh sáng và duy trì sức khỏe làn da.
- Caffeine – Kích thích và dẫn lưu, mang lại làn da mịn màng, tươi sáng. Nó làm co mạch máu và giảm lưu lượng máu, giúp da sáng hơn và săn chắc hơn. Axit salicylic và benzoic – Điều trị các rối loạn về da bằng phương pháp tác động kép.
- Axit salicylic: giúp làm sạch bụi bẩn và kiểm soát dầu lỗ chân lông.

Công dụng: 
Giúp da hô hấp tốt hơn và tăng cường lưu thông máu, mang lại làn da sáng hơn, săn chắc hơn. Peel có tác dụng ở cả cấp độ nhìn thấy được, cải thiện tông màu và kết cấu da, và ở cấp độ vô hình, loại bỏ các gốc tự do.

Hướng dẫn sử dụng: 
Thoa với động tác massage nhẹ nhàng và để trên da trong 5-7 phút hoặc ít hơn, tùy thuộc vào phản ứng của da. Lau sạch hoàn toàn.

Dung tích: 250ML",N/A,N/A,None,False,False,True,
69,Christina,Christina - Nude - 2C FRANGIPANI MILD PEEL (),N/A,%,N/A,"Christina - Nude - 2C FRANGIPANI MILD PEEL ()
Mọi loại da","Thành phần: 
- Glycolic acid 3,5% – Loại bỏ hiệu quả các tế bào da chết và tạp chất trên bề mặt da đồng thời kích thích tái tạo da để có kết cấu mịn màng hơn, đều màu hơn và làn da tươi mới hơn
- Phức hợp Tripeptide – Một peptide mô phỏng sinh học được thiết kế để đẩy nhanh quá trình thay đổi tế bào, mang lại làn da trẻ trung và rạng rỡ hơn. Nó nhắm vào lớp sừng ngoài cùng, nơi nó phá vỡ các liên kết giữa các tế bào chết, thúc đẩy quá trình bong tróc nhẹ nhàng.

Công dụng: 
Sản phẩm peel tác động kép đặc biệt này, với kết cấu dạng kem sang trọng, kết hợp sức mạnh tẩy tế bào chết của axit glycolic và tripeptide để tái tạo da tối ưu. Được làm giàu với squalane, bơ hạt mỡ, chiết xuất thực vật và tinh chất làm dịu của hoa sứ, sản phẩm nuôi dưỡng sâu làn da mới tẩy tế bào chết, giúp da mịn màng hơn, tươi trẻ hơn và đều màu hơn. Lý tưởng để có được làn da rạng rỡ đồng thời cung cấp độ ẩm và chăm sóc làm dịu cho quá trình phục hồi sau khi tẩy tế bào chết.

Hướng dẫn sử dụng: 
Thoa đều kem lên da. Để trong 5–10 phút, điều chỉnh dựa trên độ nhạy cảm của da. Lau sạch hoàn toàn.


Dung tích: 250ML",N/A,N/A,None,False,False,True,
70,Christina,Christina - Nude - 2D SEA HERBS PEEL - 30GR (),N/A,%,N/A,"Christina - Nude - 2D SEA HERBS PEEL - 30GR ()
Mọi loại da","Thành phần: 
- Bột san hô – Một chất kích thích mạnh mẽ quá trình thay đổi tế bào. Loại lột da không có tính axit này, được làm giàu với các loại thảo mộc biển và chiết xuất thực vật, giúp tăng cường tái tạo tế bào và kích thích tái tạo da.
- Chiết xuất Boswellia – Làm giảm mẩn đỏ và viêm. Nó hỗ trợ cải thiện kết cấu da, tính toàn vẹn và giúp làm chậm sự phát triển của các khuyết điểm trên da.
- Tảo xoắn – Một chiết xuất tảo thực vật có chất chống oxy hóa và chống viêm giúp làm dịu da và bảo vệ chống lại các gốc tự do.
- Axit salicylic – Điều chỉnh sản xuất dầu để duy trì mức bã nhờn cân bằng và ngăn ngừa sự hình thành các vết thâm mới.
- Axit ascorbic – Làm sáng da xỉn màu, làm mờ các đốm đen và làm đều màu da.

Công dụng: 
Xà phòng peel sử dụng các chất tẩy tế bào chết tự nhiên, bao gồm hàng triệu silicat san hô thu nhỏ để tái tạo da. Nhắm vào các vùng da không đều màu, tăng khả năng phục hồi và giúp ngăn ngừa các biểu hiện không mong muốn của da.

Hướng dẫn sử dụng: 
Làm mềm xà phòng trước khi sử dụng bằng cách ngâm trong nước ấm trong vài phút. Tạo bọt xà phòng vào đầu ngón tay và massage lên vùng da được điều trị trong 1-2 phút. Lau sạch hoàn toàn.

Dung tích: 30GR",N/A,N/A,None,False,False,True,
71,Christina,Christina - Nude - 3A PHYTO-REPAIR MASSAGE CREAM (),N/A,%,N/A,"Christina - Nude - 3A PHYTO-REPAIR MASSAGE CREAM ()
Mọi loại da","Thành phần: 
- Hỗn hợp tảo biển – Hỗn hợp mạnh mẽ này gồm tảo xanh lam, xanh lục và nâu giúp tăng cường
độ ẩm cho da, bảo vệ da khỏi stress oxy hóa và cải thiện chất lượng mô. 
- Phyto Ceramides – Một hỗn hợp thực vật được điều chế để tăng cường và bảo vệ làn da khô, lão hóa và bị tổn thương. Tăng cường chức năng hàng rào bảo vệ của da, giảm mất nước qua biểu bì (TEWL) và cải thiện độ đàn hồi.
- Marine Moist – Chứa các axit amin dưỡng ẩm và tái tạo mạnh mẽ mang lại sự thoải mái đặc biệt cho làn da, ngay cả trong điều kiện khắc nghiệt

Công dụng: 
Kem massage body có kết cấu nhẹ, mượt mang lại hiệu quả tức thì và hydrat hóa lâu dài. Công thức tăng cường khả năng giữ ẩm trong mọi điều kiện thời tiết, giữ cho làn da mịn màng và dẻo dai suốt cả ngày. Giàu amino axit, phyto-ceramides và tảo biển, kem giúp tăng khả năng bảo vệ của hàng rào tự nhiên của da, khóa ẩm và mang lại cảm giác mềm mại, mượt mà. Ngoài ra, nó còn tăng cường độ đàn hồi của da, giúp da mềm mại hơn, đàn hồi hơn và được nuôi dưỡng sâu hơn.

Hướng dẫn sử dụng: 
Thoa một lượng vừa đủ và massage body

Dung tích: 500ML",N/A,N/A,None,False,False,True,
72,Christina,Christina - Nude - 3B CALMING MASK (),N/A,%,N/A,"Christina - Nude - 3B CALMING MASK ()
Mọi loại da","Thành phần: 
- Chiết xuất từ củ Yacon (Địa tàng thiên) - chiết xuất này rất giàu fructo oligosaccharides (FOS), hoạt động như prebiotic. Nó bảo vệ và tăng cường hệ vi sinh vật của da, cải thiện chức năng và tính toàn vẹn của hàng rào bảo vệ da.
- Kaolin và kẽm: Đất sét tự nhiên có tác dụng giải độc bằng cách hấp thụ dầu thừa và loại bỏ cặn bã, giúp lỗ chân lông thông thoáng, làm dịu kích ứng và giảm khó chịu.
- Tảo xoắn: Một loại tảo siêu nhỏ có tác dụng chống oxy hóa, nuôi dưỡng và giữ ẩm cho da đồng thời cung cấp đặc tính bảo vệ da khỏi tác hại của các gốc tự do.

Công dụng: 
Mặt nạ đất sét làm dịu và cân bằng các vấn đề về da cơ thể. Công thức phục hồi này nhắm vào các khuyết điểm, mang lại hiệu quả giúp làm da dịu, ngậm nước và sáng hơn. Sản phẩm lý tưởng giúp giải quyết các rối loạn về da body, giúp tăng cường độ sáng và mềm mại trong khi vẫn duy trì độ ẩm tối ưu.

Hướng dẫn sử dụng: 
Thoa một lớp đều lên vùng điều trị và để trong 10 phút. Lau nhẹ bằng khăn ướt, ấm để tránh gây kích ứng.

Dung tích: 250ML",N/A,N/A,None,False,False,True,
73,Christina,Christina - Nude - 4A RADIANCE SERUM (),N/A,%,N/A,"Christina - Nude - 4A RADIANCE SERUM ()
Mọi loại da","Thành phần: 
- Radiance active (phức hợp quả mọng): Một hỗn hợp của quả mâm xôi, dâu tằm, dâu đen và dâu gấu, giàu vitamin C tự nhiên. Phức hợp này làm sáng làn da xỉn màu, thúc đẩy quá trình tổng hợp collagen và thúc đẩy làn da đều màu, rạng rỡ hơn.
- Niacinamide (Vitamin B3): Một thành phần hoạt tính đa chức năng giúp cải thiện kết cấu và vẻ ngoài của da.

Công dụng: 
Serum dưỡng ẩm nhẹ nhàng với sắc tố sapphire phản chiếu, vitamin C có nguồn gốc từ quả mọng đỏ và niacinamide giúp cải thiện tông màu và kết cấu da không đều, mang lại vẻ rạng rỡ tươi mới. Axit hyaluronic và polysaccharides tăng cường khả năng giữ ẩm, cung cấp độ ẩm lâu dài, thúc đẩy độ đàn hồi của da và bảo vệ hàng rào bảo vệ da.

Hướng dẫn sử dụng: 
Thoa một lượng vừa đủ massage cho đến khi thẩm thấu hoàn toàn, tập trung vào những vùng cần làm sáng hơn.

Dung tích: 100ML",N/A,N/A,None,False,False,True,
74,Christina,Christina - Nude - 4B PROTECTING MIST (),N/A,%,N/A,"Christina - Nude - 4B PROTECTING MIST ()
Mọi loại da","Thành phần: 
- Chiết xuất nhũ hương (Boswellia) - ức chế hai loại enzyme gây viêm, 5-lipoxygenase và elastase chịu trách nhiệm sản xuất các chất trung gian gây viêm, từ đó, hỗ trợ hiệu ứng chống viêm, giảm đỏ, cải thiện kết cấu da và tính toàn vẹn của da cũng như làm chậm quá trình lão hóa da. 
- Chiết xuất cúc vạn thọ (Calendula) - làm giảm mẩn đỏ và ngứa, ngăn ngừa sự hình thành các gốc tự do, tăng cường hàng rào bảo vệ da. 
​​- Chiết xuất thực vật - Phức hợp thúc đẩy tác dụng làm dịu và tái tạo, lý tưởng cho làn da nhạy cảm hoặc bị kích ứng

Công dụng: 
Xịt toàn thân trong suốt, mát lạnh mang đến tác động nhanh chóng đến những vùng khó tiếp cận, hiệu quả nổi trội trong việc ngăn ngừa mụn toàn cơ thể. Giàu dưỡng chất với chiết xuất ​​cây nhũ hương (Boswellia) và cúc vạn thọ (Calendula), sản phẩm bảo vệ da khỏi ô nhiễm, vi khuẩn và các gốc tự do. Hợp chất làm dịu của cây sáng mắt (Euphrasia), bạc hà (Mint) và mộc lan (Magnolia) giúp giảm kích ứng, cung cấp độ ẩm và lợi ích làm dịu cho làn da sáng hơn, khỏe mạnh hơn.

Hướng dẫn sử dụng: 
Giữ bình xịt cách cơ thể khoảng 30 cm và xịt lên vùng da sau khi làm sạch và lau khô. Để khô trong 30-60 giây trước khi mặc quần áo.

Dung tích: 150ML",N/A,N/A,None,False,False,True,
75,Christina,Christina - Nude - Moisturizing Body Milk - 300ml (),N/A,%,N/A,"Christina - Nude - Moisturizing Body Milk - 300ml ()
Mọi loại da","Thành phần: 
- Hỗn hợp tảo biển – Hỗn hợp tảo xanh lam, xanh lục và nâu với hiệu quả mạnh mẽ giúp tăng cường độ ẩm cho da, ngăn ngừa stress oxy hóa và cải thiện chất lượng mô.
- Phyto Ceramides – Một hỗn hợp bảo vệ của các ceramide thực vật được thiết kế cho làn da khô, lão hóa và bị tổn thương.
- Marine Moist – Chứa các axit amin có hiệu quả mạnh mẽ trong việc dưỡng ẩm và tái tạo mang lại sự thoải mái, êm dịu cho da, ngay cả trong điều kiện khắc nghiệt. Hệ thống chuyển tải, khoá ẩm của thành phần tăng cường khả năng thẩm thấu, giảm TEWL, tăng cường hydrat hóa và tăng cường hàng rào bảo vệ. 

Công dụng: 
Sữa dưỡng thể kết cấu nhẹ, mượt mà, cung cấp độ ẩm tức thời và lâu dài. Sản phẩm tăng cường khả năng giữ ẩm của da trong mọi điều kiện thời tiết, giúp da mềm mại và được nuôi dưỡng tốt. Công thức được làm giàu dưỡng chất với các axit amin, phyto-ceramides và tảo biển để tăng cường hàng rào bảo vệ da, thúc đẩy sự mềm mại và cải thiện độ đàn hồi.

Hướng dẫn sử dụng: 
Thực hiện các thao tác massage theo cử động tròn đến khi sản phẩm hoàn toàn thẩm thấu

Dung tích: 300ML",N/A,N/A,None,False,False,False,
76,Christina,Christina - Nude - Radiance Serum - 100ml (),N/A,%,N/A,"Christina - Nude - Radiance Serum - 100ml ()
Mọi loại da","Thành phần: 
- Hoạt chất làm sáng (phức hợp quả mọng) - Hỗn hợp mâm xôi, dâu tằm, mâm xôi đen và dâu gấu, giàu vitamin C tự nhiên. Phức hợp giúp làm sáng làn da xỉn màu, thúc đẩy quá trình tổng hợp collagen và thúc đẩy làn da đều màu, rạng rỡ hơn.
- Niacinamide (Vitamin B3) - Một thành phần hoạt tính đa chức năng giúp cải thiện kết cấu và vẻ ngoài của da. Làm sáng và cân bằng lại tông màu da không đều.
- Resveratrol - Chống oxy hóa

Công dụng: 
Serum dưỡng ẩm nhẹ nhàng với ánh sapphire phản chiếu, Vitamin C có nguồn gốc từ quả mọng đỏ và Niacinamide giúp cải thiện tông màu và kết cấu da không đều, mang lại vẻ rạng rỡ tươi mới. Axit hyaluronic và polysaccharides tăng cường khả năng giữ ẩm, cung cấp độ ẩm lâu dài, thúc đẩy độ đàn hồi của da và bảo vệ hàng rào bảo vệ da.

Hướng dẫn sử dụng: 
Thoa khắp cơ thể hoặc lên những vùng cần chăm sóc đặc biệt và nhẹ nhàng massage trên da theo chuyển động tròn.

Dung tích: 100ML",N/A,N/A,None,False,False,False,
77,Christina,Christina - Nude - Mulberry Enzymatic Scrub - 250ml (),N/A,%,N/A,"Christina - Nude - Mulberry Enzymatic Scrub - 250ml ()
Mọi loại da","Thành phần: 
- Chiết xuất dâu tằm & dứa – Giúp nhẹ nhàng loại bỏ tế bào chết bằng cách phá vỡ sự kết dính của tế bào sừng già và thúc đẩy quá trình tái tạo tế bào mới. Mang đến hiệu quả làm đều màu da và làm sáng da.
- Chiết xuất quả mâm xôi & quả lựu – Giàu chất chống oxy hóa, giúp bảo vệ da khỏi các gốc tự do, tác nhân gây hại từ môi trường và các chất ô nhiễm. Mang hiệu quả làm dịu da, giảm mẩn đỏ và kích ứng đồng thời tăng cường độ rạng rỡ và tông màu tổng thể.
- Caffeine – Được biết đến với đặc tính kích thích và làm khô, caffeine làm co mạch máu và giảm lưu lượng máu, mang lại cho làn da vẻ ngoài sáng mịn, săn chắc và rạng rỡ hơn.
- Tẩy tế bào chết từ bột gỗ – Một chất tẩy tế bào chết tự nhiên có nguồn gốc từ bột gỗ, cellulose tổng hợp này vừa có thể tái tạo vừa có thể phân hủy sinh học, mang lại hiệu quả tẩy tế bào chết hiệu quả đồng thời thân thiện với môi trường.

Công dụng: 
Sản phẩm tẩy tế bào chết toàn thân cao cấp kết hợp enzyme trái cây, chiết xuất thực vật và caffeine giúp loại bỏ ngay lập tức tế bào da chết, tạp chất, mang lại làn da mềm mại, mịn màng và tươi mới.

Hướng dẫn sử dụng: 
Làm ướt da, nhẹ nhàng massage hỗn hợp tẩy tế bào chết theo chuyển động tròn. sau đó rửa sạch. Để có kết quả tốt nhất, hãy sử dụng 1-2 lần một tuần.

Dung tích: 250ML",N/A,N/A,None,False,False,False,
78,Christina,Christina - Nude - Balancing Cleanser - 300ml (),N/A,%,N/A,"Christina - Nude - Balancing Cleanser - 300ml ()
Mọi loại da","Thành phần: 
- Axit salicylic - điều chỉnh bài tiết dầu, cân bằng bã nhờn của da và ngăn ngừa sự hình thành các vết thâm mới. Thúc đẩy quá trình tẩy tế bào chết tự nhiên của da, giúp da mềm mại và mịn màng hơn.
- Niacinamide - giúp cân bằng da, đồng thời bổ sung độ ẩm cần thiết, giúp da mềm mại và dịu nhẹ. Bổ sung lipid thiết yếu để giúp bảo vệ chức năng hàng rào bảo vệ da.
- Trà xanh và cải xoăn - chất chống oxy hóa siêu thực phẩm bảo vệ da khỏi các gốc tự do, tác nhân gây hại và ô nhiễm từ môi trường. Giúp làm dịu da, giảm mẩn đỏ và kích ứng. Thúc đẩy tông màu da đều màu và rạng rỡ hơn.

Công dụng: 
Xà phòng làm sạch dịu nhẹ có chứa axit salicylic và niacinamide. Loại bỏ tạp chất và loại bỏ bã nhờn dư thừa từ lỗ chân lông, giúp làn da được thở. Chiết xuất trà xanh và cải xoăn giúp giải độc, làm dịu và bảo vệ da.

Hướng dẫn sử dụng: 
Thoa lên da ẩm. Massage nhẹ nhàng. Rửa sạch và thấm khô da.

Dung tích: 300ML",N/A,N/A,None,False,False,False,
79,Christina,Christina - Rose De Mer - 1 Savon Supreme - 150ml (Xà bông giảm vi khuẩn và làm sạch sâu),2156000,%,2156000,"Christina - Rose De Mer - 1 Savon Supreme - 150ml (Xà bông giảm vi khuẩn và làm sạch sâu)
Mọi đối tượng từ tuổi thiếu niên cần điều trị. Da dày sừng, lỗ chân lông to, thiếu độ mịn màng. Sắc tố da không đồng đều (nám, tàn nhang, …), da có dấu hiệu lão hóa (nhăn, trùng chảy xệ).","Thành phần: 
- Chiết xuất Arnica: kháng khuẩn và sát khuẩn
- Chiết xuất trà xanh: làm dịu kích ứng, đỏ và bảo vệ da khỏi tia UV
- Glycolic acid: kích thích loại bỏ tế bào chết
- Chiết xuất cà chua: đặc tính kháng khuẩn, làm sạch

Dung tích: 150 ml",https://vhndistribution.com/san-pham/1-xa-bong-khang-khuan-lam-sach-sau-savon-supreme-150ml/,https://vhndistribution.com/wp-content/uploads/2023/04/1-21.png,None,False,False,True,
80,Christina,Christina - Rose de mer 2A+2B sea Herbal Deep peel kit (20 sachets) (Bộ kit Rose Der Mer 2A+2B),22000000,%,22000000,"Christina - Rose de mer 2A+2B sea Herbal Deep peel kit (20 sachets) (Bộ kit Rose Der Mer 2A+2B)
Mọi đối tượng từ tuổi thiếu niên cần điều trị. Da dày sừng, lỗ chân lông to, thiếu độ mịn màng. Sắc tố da không đồng đều (nám, tàn nhang, …), da có dấu hiệu lão hóa (nhăn, trùng chảy xệ).","Thành phần: 
- Bột san hô: thúc đẩy sản sinh tế bào mới
- Ascorbic acid: chống oxy hóa và làm sáng da
- Chiết xuất Arnica: kháng khuẩn và sát khuẩn
Công dụng: 
Cải thiện kết cấu da, màu sắc và sự đều màu trên da để giảm thiểu các rãnh nhăn, tăng cường collagen và tái tạo tế bào, đồng thời cải thiện lưu thông máu và sự dẫn lưu mạch bạch huyết.
Chỉ định: 
Mọi đối tượng từ tuổi thiếu niên cần điều trị. Da dày sừng, lỗ chân lông to, thiếu độ mịn màng. Sắc tố da không đồng đều (nám, tàn nhang, …), da có dấu hiệu lão hóa (nhăn, trùng chảy xệ).
Hướng dẫn sử dụng: 
Trộn 1/4 gói Sea Herbal Deep Peel với khoảng 3ml Herbal Peel Activator. Thoa hỗn hợp peel đồng đều lên da và bắt đầu với chuyển động tròn. Massage mặt trong 3-9 phút. Để lại trên da khoảng 5-10 phút rồi lau sạch lại bằng nước.
Dung tích: 4.5g x 20 gói",N/A,N/A,None,False,False,True,
81,Christina,Christina - Rose de mer 2A+2B sea Herbal Deep peel kit (20 sachets) (Bộ kit Rose Der Mer 2A+2B),N/A,%,N/A,"Christina - Rose de mer 2A+2B sea Herbal Deep peel kit (20 sachets) (Bộ kit Rose Der Mer 2A+2B)
Mọi đối tượng từ tuổi thiếu niên cần điều trị. Da dày sừng, lỗ chân lông to, thiếu độ mịn màng. Sắc tố da không đồng đều (nám, tàn nhang, …), da có dấu hiệu lão hóa (nhăn, trùng chảy xệ).","Thành phần: 
- Chiết xuất Kelp: tối ưu tổng hợp collagen và elastin
- Resveratrol: chất chống oxy hóa mạnh với hiệu quả làm sáng
- Bioplasma FA: thải độc và thúc đẩy tế bào

Công dụng: 

Chỉ định: 
Mọi đối tượng từ tuổi thiếu niên cần điều trị. Da dày sừng, lỗ chân lông to, thiếu độ mịn màng. Sắc tố da không đồng đều (nám, tàn nhang, …), da có dấu hiệu lão hóa (nhăn, trùng chảy xệ).
Hướng dẫn sử dụng: 

Dung tích: 150ml x 2",N/A,N/A,None,False,False,True,
82,Christina,Christina - Rose De Mer - 3 Soothing mask - 250ml (Mặt nạ giảm vi khuẩn làm dịu da),2800000,%,2800000,"Christina - Rose De Mer - 3 Soothing mask - 250ml (Mặt nạ giảm vi khuẩn làm dịu da)
Mọi đối tượng từ tuổi thiếu niên cần điều trị. Da dày sừng, lỗ chân lông to, thiếu độ mịn màng. Sắc tố da không đồng đều (nám, tàn nhang, …), da có dấu hiệu lão hóa (nhăn, trùng chảy xệ).","Thành phần: 
- Phức hợp Zinc Oxide, Kaolin và Sulfur: làm dịu da bị kích thích và thu nhỏ lỗ chân lông
- Salicylic acid: chất làm trẻ hóa
- Chiết xuất cam thảo: thành phần chống oxy hóa và làm dịu da mạnh mẽ
- Chiết xuất Boswellia: ngăn ngừa viêm, kháng khuẩn, chống vi khuẩn và sát trùng
Công dụng: 
Tăng cường phục hồi, làm dịu da. Công thức tiên tiến giúp se khít lỗ chân lông, hấp thụ lượng dầu thừa, khóa chặt những thành phần hoạt tính trong các lớp da để tiếp tục quá trình tái tạo tế bào.
Chỉ định: 
Mọi đối tượng từ tuổi thiếu niên cần điều trị. Da dày sừng, lỗ chân lông to, thiếu độ mịn màng. Sắc tố da không đồng đều (nám, tàn nhang, …), da có dấu hiệu lão hóa (nhăn, trùng chảy xệ).
Hướng dẫn sử dụng: 
Lấy 3ml sản phẩm vừa phải, dùng chổi thoa đều sản phẩm lên mặt. Để khoảng 10 phút. Rửa sạch bằng nước.
Dung tích: 250 ml",https://vhndistribution.com/san-pham/3-mat-na-duong-am-lam-diu-da-soothing-mask-250ml/,https://vhndistribution.com/wp-content/uploads/2023/04/6-17.png,None,False,False,True,
83,Christina,"Christina - Rose De Mer - 4 Post Peeling protective gel - 150ml (Gel giảm vi khuẩn, đổi mới và bảo vệ da)",2475000,%,2475000,"Christina - Rose De Mer - 4 Post Peeling protective gel - 150ml (Gel giảm vi khuẩn, đổi mới và bảo vệ da)
Mọi đối tượng từ tuổi thiếu niên cần điều trị. Da dày sừng, lỗ chân lông to, thiếu độ mịn màng. Sắc tố da không đồng đều (nám, tàn nhang, …), da có dấu hiệu lão hóa (nhăn, trùng chảy xệ).","Thành phần: 
- Chiết xuất Boswellia: ngăn ngừa viêm, kháng khuẩn, chống vi khuẩn và sát trùng.
- Chiết xuất lô hội: chống vi khuẩn và chống viêm
- Chiết xuất Calendula: chất sát trùng và chống vi khuẩn, tăng cường hoạt động bảo vệ da.
- Pentavitin: cung cấp hydrat hóa phong phú.

Công dụng: 
Bảo vệ làn da nhạy cảm, hoạt động như một tấm màn chống lại các yếu tố môi trường và cải thiện kết quả của việc thay da. Giúp kháng khuẩn, chống viêm hiệu quả.
Chỉ định: 
Mọi đối tượng từ tuổi thiếu niên cần điều trị. Da dày sừng, lỗ chân lông to, thiếu độ mịn màng. Sắc tố da không đồng đều (nám, tàn nhang, …), da có dấu hiệu lão hóa (nhăn, trùng chảy xệ).
Hướng dẫn sử dụng: 
Lấy 1ml sản phẩm thoa đều lên mặt. Massage cho đến khi hấp thụ hoàn toàn. Khi da vẫn ẩm chuyển sang luôn bước 5
Dung tích: 150 ml",https://vhndistribution.com/san-pham/4-gel-khang-khuan-tai-tao-va-bao-ve-da-post-peeling-protective-gel-150ml/,https://vhndistribution.com/wp-content/uploads/2023/04/3-16.png,None,False,False,True,
84,Christina,"Christina - Rose De Mer - 5 Post peeling cover cream - 20ml (Kem giảm vi khuẩn, đổi mới và bảo vệ da)",3586000,%,3586000,"Christina - Rose De Mer - 5 Post peeling cover cream - 20ml (Kem giảm vi khuẩn, đổi mới và bảo vệ da)
Mọi đối tượng từ tuổi thiếu niên cần điều trị. Da dày sừng, lỗ chân lông to, thiếu độ mịn màng. Sắc tố da không đồng đều (nám, tàn nhang, …), da có dấu hiệu lão hóa (nhăn, trùng chảy xệ).","Thành phần: 
- Bơ hạt mỡ: làm mịn và cải thiện độ đàn hồi
- Vitamin A, C, E Complex: ngăn ngừa tổn thương do oxy hóa, tăng collagen
- Tinh dầu Calendula: chất sát trùng và chống vi khuẩn
- Kalpariane: loại bỏ gốc tự do và tăng cường sản xuất collagen
Công dụng: 
Giúp kháng khuẩn, làm dịu da và ngăn cản tia UV có hại, tạo ra lớp bảo vệ hiệu quả cho làn da sau trị liệu.
Chỉ định: 
Mọi đối tượng từ tuổi thiếu niên cần điều trị. Da dày sừng, lỗ chân lông to, thiếu độ mịn màng. Sắc tố da không đồng đều (nám, tàn nhang, …), da có dấu hiệu lão hóa (nhăn, trùng chảy xệ).
Hướng dẫn sử dụng: 
Thoa 1 lớp mỏng đều kem lên toàn bộ da mặt. Kết thúc quá trình thay da
Dung tích: 20 ml",https://vhndistribution.com/san-pham/5-kem-khang-khuan-tai-tao-va-bao-ve-da-post-peeling-cover-cream-20ml/,https://vhndistribution.com/wp-content/uploads/2023/04/2-15.png,None,False,False,True,
85,Christina,Christina - Rose De Mer - Clean&gentle - 75ml (Gel làm sạch dịu nhẹ cho da),900000,%,900000,"Christina - Rose De Mer - Clean&gentle - 75ml (Gel làm sạch dịu nhẹ cho da)
Dùng sau liệu trình Peel Rose De Mer, cho mọi loại da kể cả những làn da nhạy cảm nhất sau các trị liệu peel, meso, treatment mạnh, công nghệ cao,…","Thành phần: 
- Lactic acid
- Chiết xuất hoa cúc
- Chiết xuất kim sa
- Chiết xuất Boswellia
- Chiết xuất Quillaja Saponaria

Công dụng: 
Làm sạch da dịu nhẹ, giảm viêm, kháng khuẩn, tăng cường sức đề kháng cho da trong quá trình làm sạch. Giúp cân bằng độ pH, tăng cường hiệu quả tái tạo da
Chỉ định: 
Dùng sau liệu trình Peel Rose De Mer, cho mọi loại da kể cả những làn da nhạy cảm nhất sau các trị liệu peel, meso, treatment mạnh, công nghệ cao,…
Hướng dẫn sử dụng: 
Lấy 1 lượng vừa đủ, tạo bọt, thoa lên da đã được làm ướt, massage nhẹ nhàng trong vòng 1- 2 phút, rửa lại bằng nước. Dùng 1 ngày 2 lần sáng tối, dùng ngay 4 tiếng sau khi thay da. Sau đó bôi Dry out. Ngày thay da tính là ngày thứ 1.

Dung tích: 75 ml",https://vhndistribution.com/san-pham/sua-rua-mat-diu-nhe-clean-gentle-75ml/,https://vhndistribution.com/wp-content/uploads/2023/04/clean-gentle-copy.png,None,False,False,False,
86,Christina,Christina - Rose de mer - post peel kit (3products) - Dry Out (Gel làm khô),2640000,%,2640000,"Christina - Rose de mer - post peel kit (3products) - Dry Out (Gel làm khô)
Dùng sau liệu trình peel da sinh học","Thành phần: 
- Retinol
- Salicylic acid
- Lactic acid
- Kojic acid
- Arbutin

Công dụng: 
Làm khô vùng da đã thực hiện thay da, kích thích chu trình thay da, tái tạo da
Chỉ định: 
Dùng sau liệu trình peel da sinh học
Hướng dẫn sử dụng: 
Dùng sau bước Clean & Gentle (LÀM SẠCH) vào ngày đầu tiên sau khi peel. Bôi 1 lớp mỏng trên toàn bộ vùng da đã peel 4-6 lần 1 ngày. Chỉ bôi trong 2 ngày và dừng lại.

Dung tích: 15ml x 3pcs",https://vhndistribution.com/san-pham/post-peel-kit-gel-lam-kho-gel-lam-mem-va-phuc-hoi-gel-loai-bo-te-bao-chet-va-tai-tao-da-3pcsx15ml/,https://vhndistribution.com/wp-content/uploads/2023/06/Rose-de-mer-post-pel-kit.png,None,False,False,False,
87,Christina,Christina - Rose de mer - post peel kit (3products) - Calm and Hydrate (Gel làm mềm và phục hồi),N/A,%,N/A,"Christina - Rose de mer - post peel kit (3products) - Calm and Hydrate (Gel làm mềm và phục hồi)
Dùng sau liệu trình peel da sinh học","Thành phần: 
- Hyaluronic Acid
- Niacinamide
- Chiết xuất thực vật (hoa cúc, kim sa, cam thảo)
- Allantoin
- Urea

Công dụng: 
Làm dịu da và cung cấp độ ẩm cho da đang trong quá trình thay da.
Chỉ định: 
Dùng sau liệu trình peel da sinh học
Hướng dẫn sử dụng: 
Từ ngày thứ 3 sau khi peel, da có hiện tượng bong. Sau khi làm sạch da , bôi 1 lượng vừa đủ lên vùng da 4-6 lần/ ngày. 

Dung tích: ",N/A,N/A,None,False,False,False,
88,Christina,Christina - Rose de mer - post peel kit (3products) - Peel and Renew (Gel loại bỏ tế bào chết và tái tạo da),N/A,%,N/A,"Christina - Rose de mer - post peel kit (3products) - Peel and Renew (Gel loại bỏ tế bào chết và tái tạo da)
Dùng sau liệu trình peel da sinh học","Thành phần: 
- Retinol
- Vitamin E
- Chiết xuất bơ hạt mỡ
- Ceramide
- Allantoin

Công dụng: 
Hoạt động như một loại mặt nạ giúp loại bỏ các tế bào chết đã được thay, hỗ trợ quá trình tái tạo da. Cung cấp độ ẩm, làm mềm da.
Chỉ định: 
Dùng sau liệu trình peel da sinh học
Hướng dẫn sử dụng: 
Từ ngày thứ 4 sau khi peel, bôi 1 lượng vừa đủ 3-5 lần 1 ngày, massage nhẹ 1-2 phút. Để lưu lại trên da trong vòng 30 phút rồi dùng sữa rửa mặt rửa cho sạch. Lặp lại sản phẩm từ bước 2.

Dung tích: ",N/A,N/A,None,False,False,False,
89,Christina,Christina - Rose De Mer- Peeling Soap - 30g (Xà bông loại bỏ tế bào chết và đổi mới da),1390000,%,1390000,"Christina - Rose De Mer- Peeling Soap - 30g (Xà bông loại bỏ tế bào chết và đổi mới da)
Dùng cho vùng da dày sừng, thô ráp, bề mặt da thiếu mịn màng, lỗ chân lông to, không đồng đều sắc tố, da dày sừng nang lông (tay, chân, lưng,...), vùng da thâm, xỉn màu (khuỷu tay, đầu gối,...). Da sau liệu trình peel để duy trì bề mặt & hiệu quả: 1 lần/tuần. Lưu ý: 
- Tránh tiếp xúc trực tiếp với vùng mắt, rửa sạch bằng nước nếu sản phẩm dính vào mắt. 
- Nên kết hợp cùng kem dưỡng và kem chống nắng SPF 15 trở lên.
- Trong quá trình sử dụng có thể cảm giác hơi châm chích và hồng nhẹ là phản ứng bình thường của da, sau đó sẽ giảm dần. 
- Dùng trước và sau 10 ngày thay da.
","Thành phần: 
- Bột san hô
- Bọt biển
- Multiex Citrus 
- AHA tự nhiên
- Triethyl Citrate
-Chiết xuất địa y.

Công dụng: 
Hoạt động như 1 sản phẩm tẩy da chết hiệu quả, hoàn toàn tự nhiên, giúp loại bỏ mụn, điều tiết bã nhờn, hỗ trợ điều trị sắc tố và chống lão hóa. Có thể dùng để xem phản ứng da và khả năng tiếp nhận liệu pháp Rose De Mer.
Chỉ định: 
Dùng cho vùng da dày sừng, thô ráp, bề mặt da thiếu mịn màng, lỗ chân lông to, không đồng đều sắc tố, da dày sừng nang lông (tay, chân, lưng,...), vùng da thâm, xỉn màu (khuỷu tay, đầu gối,...). Da sau liệu trình peel để duy trì bề mặt & hiệu quả: 1 lần/tuần. Lưu ý: 
- Tránh tiếp xúc trực tiếp với vùng mắt, rửa sạch bằng nước nếu sản phẩm dính vào mắt. 
- Nên kết hợp cùng kem dưỡng và kem chống nắng SPF 15 trở lên.
- Trong quá trình sử dụng có thể cảm giác hơi châm chích và hồng nhẹ là phản ứng bình thường của da, sau đó sẽ giảm dần. 
- Dùng trước và sau 10 ngày thay da.

Hướng dẫn sử dụng: 
Làm mềm sản phẩm trước khi sử dụng bằng cách thả nước ấm vài phút. Dùng tay xoa để tạo bọt rồi massage lên vùng cần trị liệu khoảng 1-2 phút. Rửa sạch. Dùng 1-2 lần/ 1 tuần hoặc theo chỉ định của nhà điều trị.

Dung tích: 30 gr",https://vhndistribution.com/san-pham/xa-phong-khang-khuan-va-tai-tao-da-peeling-soap-30g/,https://vhndistribution.com/wp-content/uploads/2023/04/peeling-soap-copy-1.png,None,False,False,False,
90,Christina,Christina - Illustrious - 1 Micellar water - 300ml (Nước tẩy trang làm sạch và làm sáng da),1800000,%,1800000,"Christina - Illustrious - 1 Micellar water - 300ml (Nước tẩy trang làm sạch và làm sáng da)
Chỉ định: Dùng cho làn da không đồng đều sắc tố (thâm, nám, tàn nhang, …) do nhiều nguyên nhân như UV, thay đổi nội tiết tố, sau điều trị da liễu, thâm viêm. Da thâm nám, tàn nhang, đồi mồi. 
Sản phẩm lý tưởng mang lại hiệu quả vượt trội trong điều trị nám da khi kết hợp cùng công nghệ cao như laser, Meso, Peel da","Thành phần: 
- Dưa chuột: chất chống oxy hóa, làm dịu, chống viêm và cấp ẩm
- Chiết xuất lô hội: cung cấp độ ẩm cho da, chống viêm, chống oxy hóa và kháng khuẩn.
- Bisabolo từ hoa cúc: chống viêm và làm dịu

Công dụng: 
Các hạt micelle hoạt động như một thỏi nam châm, hút và loại bỏ các chất bẩn và make up. Có chứa hoạt chất làm ẩm và làm dịu.
Chỉ định: 
Chỉ định: Dùng cho làn da không đồng đều sắc tố (thâm, nám, tàn nhang, …) do nhiều nguyên nhân như UV, thay đổi nội tiết tố, sau điều trị da liễu, thâm viêm. Da thâm nám, tàn nhang, đồi mồi. 
Sản phẩm lý tưởng mang lại hiệu quả vượt trội trong điều trị nám da khi kết hợp cùng công nghệ cao như laser, Meso, Peel da
Hướng dẫn sử dụng: 
Lấy 1ml sản phẩm vào bông tẩy trang, lau nhẹ nhàng toàn mặt theo chiều cấu tạo da. Lau lại 2- 3 lần nếu khách sử dụng trang điểm đậm.
Không cần lau lại với nước.


                                                                                                                    
Dung tích: 300ML",https://vhndistribution.com/san-pham/1-nuoc-tay-trang-lam-sach-va-lam-sang-da-micellar-water-300ml/,https://vhndistribution.com/wp-content/uploads/2023/04/36.png,None,False,False,True,
91,Christina,Christina - Illustrious - 2A Peel Powder - 30pcsX4.5 (Bột tẩy da chết chuyên sâu),4400000,%,4400000,"Christina - Illustrious - 2A Peel Powder - 30pcsX4.5 (Bột tẩy da chết chuyên sâu)
Chỉ định: Dùng cho làn da không đồng đều sắc tố (thâm, nám, tàn nhang, …) do nhiều nguyên nhân như UV, thay đổi nội tiết tố, sau điều trị da liễu, thâm viêm. Da thâm nám, tàn nhang, đồi mồi. 
Sản phẩm lý tưởng mang lại hiệu quả vượt trội trong điều trị nám da khi kết hợp cùng công nghệ cao như laser, Meso, Peel da","Thành phần: 
- Ascorbic acid: chống oxy hóa, làm sáng, đồng đều màu da, ức chế sản sinh melanin
- Tetrahydrodiferuloylmethane: thay thế cho hydroquninoe, ức chế men tyrosinase, ngăn ngừa sản sinh melanin, giảm sắc tố và giảm thâm.
- Kojic acid: làm sáng, giảm thâm

Công dụng: 
Công thức hoạt động 2 tầng kích thích sự trao đổi chất để tăng cường cung cấp oxy và làm sáng ngay tức thì. Trung hoà các gốc tự do là nguyên nhân gây nám, ngăn ngừa hoạt đồng của tyrosinase và hoạt động hình thành vết thâm sau mụn.
Chỉ định: 
Chỉ định: Dùng cho làn da không đồng đều sắc tố (thâm, nám, tàn nhang, …) do nhiều nguyên nhân như UV, thay đổi nội tiết tố, sau điều trị da liễu, thâm viêm. Da thâm nám, tàn nhang, đồi mồi. 
Sản phẩm lý tưởng mang lại hiệu quả vượt trội trong điều trị nám da khi kết hợp cùng công nghệ cao như laser, Meso, Peel da
Hướng dẫn sử dụng: 
Lấy 2gram Bột 2A+ 4ml dung dịch 2B, trộn đều, dùng chổi đánh tạo bông bọt, đến khi tan hết bột 2A (Đánh càng bông bọt, sản phẩm hoạt hóa càng tốt trên da).
Dùng chổi quét đều lên mặt, để thư giãn trên mặt từ 3-5 phút tùy tình trạng da, không massage, sau đó rửa lại bằng nước sạch và khăn ấm.
(Nếu sau 2 phút, khách vẫn còn cảm giác châm chích thì dùng nước sạch lau đi, sau đó sử dụng bước 1: Micellar Water để làm dịu và cân bằng da).

Dung tích: 4.5GR x 30 gói",https://vhndistribution.com/san-pham/2a-bot-tay-da-chet-chuyen-sau-peel-powder/,https://vhndistribution.com/wp-content/uploads/2023/04/37-1.png,None,False,False,True,
92,Christina,Christina - Illustrious - 2B Peel Activator - 300ml (Dung dịch hoạt hóa bột tẩy da chết),4400000,%,4400000,"Christina - Illustrious - 2B Peel Activator - 300ml (Dung dịch hoạt hóa bột tẩy da chết)
Chỉ định: Dùng cho làn da không đồng đều sắc tố (thâm, nám, tàn nhang, …) do nhiều nguyên nhân như UV, thay đổi nội tiết tố, sau điều trị da liễu, thâm viêm. Da thâm nám, tàn nhang, đồi mồi. 
Sản phẩm lý tưởng mang lại hiệu quả vượt trội trong điều trị nám da khi kết hợp cùng công nghệ cao như laser, Meso, Peel da","Thành phần: 
- AHA + BHA: loại bỏ tế bào chết và làm mới tế bào, giảm không đồng đều màu da, cải thiện bề mặt da.
- Retinol dạng viên cầu: tái tạo da, giảm vết thâm và đồng đều màu da, tăng sinh collagen
- Chiết xuất plankton: thanh lọc, thải độc da, làm sáng da

Công dụng: 

Chỉ định: 
Chỉ định: Dùng cho làn da không đồng đều sắc tố (thâm, nám, tàn nhang, …) do nhiều nguyên nhân như UV, thay đổi nội tiết tố, sau điều trị da liễu, thâm viêm. Da thâm nám, tàn nhang, đồi mồi. 
Sản phẩm lý tưởng mang lại hiệu quả vượt trội trong điều trị nám da khi kết hợp cùng công nghệ cao như laser, Meso, Peel da
Hướng dẫn sử dụng: 

Dung tích: 300 ML",https://vhndistribution.com/san-pham/2b-dung-dich-hoat-hoa-bot-tay-da-chet-peel-activator-300ml/,https://vhndistribution.com/wp-content/uploads/2023/04/38.png,None,False,False,True,
93,Christina,Christina - Illustrious - 3 Hydro Fusion - 30X1.5 (Dung dịch làm dịu tăng cường hiệu quả làm trắng sáng),3980000,%,3980000,"Christina - Illustrious - 3 Hydro Fusion - 30X1.5 (Dung dịch làm dịu tăng cường hiệu quả làm trắng sáng)
Chỉ định: Dùng cho làn da không đồng đều sắc tố (thâm, nám, tàn nhang, …) do nhiều nguyên nhân như UV, thay đổi nội tiết tố, sau điều trị da liễu, thâm viêm. Da thâm nám, tàn nhang, đồi mồi. 
Sản phẩm lý tưởng mang lại hiệu quả vượt trội trong điều trị nám da khi kết hợp cùng công nghệ cao như laser, Meso, Peel da","Thành phần: 
- Tetrahydrocurcumin: thay thế cho hydroquinone, ức chế men tyrosinase, ngăn ngừa sản sinh melanin, giảm sắc tố và giảm thâm.
- Vitamin C ổn định: chống oxy hóa, loại bỏ gốc tự do, giảm sản xuất eumelanin, tăng pheomelanin và thúc đẩy tổng hợp collagen.
- Chiết xuất kelp: giúp cấp nước, thanh lọc, giảm nhăn.

Công dụng: 
Công thức tươi mới, siêu dịu nhẹ mang lại hiệu quả trắng sáng tức thì. 
Hoạt chất thảo dược làm dịu và làm mát tức thì sau khi peel. Chuỗi Oligosaccharide làm ẩm, tăng cường sáng da xỉn màu, cung cấp các khoáng chất để mang lại làn da trắng sáng và đầy sự sống. 

Chỉ định: 
Chỉ định: Dùng cho làn da không đồng đều sắc tố (thâm, nám, tàn nhang, …) do nhiều nguyên nhân như UV, thay đổi nội tiết tố, sau điều trị da liễu, thâm viêm. Da thâm nám, tàn nhang, đồi mồi. 
Sản phẩm lý tưởng mang lại hiệu quả vượt trội trong điều trị nám da khi kết hợp cùng công nghệ cao như laser, Meso, Peel da
Hướng dẫn sử dụng: 
Lấy nửa gói bột với 1 lượng nước khoảng 25ml, trộn đều, bôi lên vùng mặt, cổ và massage trong vòng 10-15 phút cho đến khi thẩm thấu.


Dung tích: 1GR x 30 gói",https://vhndistribution.com/san-pham/3-dung-dich-lam-diu-tang-cuong-hieu-qua-lam-trang-sang-hydro-fusion/,https://vhndistribution.com/wp-content/uploads/2023/04/39.png,None,False,False,True,
94,Christina,Christina - Illustrious - 4 Mask - 250ml (Mặt nạ màu xanh làm giảm vết thâm nám),2530000,%,2530000,"Christina - Illustrious - 4 Mask - 250ml (Mặt nạ màu xanh làm giảm vết thâm nám)
Chỉ định: Dùng cho làn da không đồng đều sắc tố (thâm, nám, tàn nhang, …) do nhiều nguyên nhân như UV, thay đổi nội tiết tố, sau điều trị da liễu, thâm viêm. Da thâm nám, tàn nhang, đồi mồi. 
Sản phẩm lý tưởng mang lại hiệu quả vượt trội trong điều trị nám da khi kết hợp cùng công nghệ cao như laser, Meso, Peel da","Thành phần: 
 - Phức hợp khoáng chất: làm trắng, bảo vệ và cung cấp khoáng chất cho da
- Chiết xuất cam thảo: hoạt chất làm trắng mạnh mẽ, chống oxy hoá và chống viêm. 
- Resveratrol: làm chậm quá trình tích tụ melanin, sáng da, tăng khả năng chống lão hóa

Công dụng: 
Mặt nạ có tác dụng tái tạo bề mặt cho làn da xỉn màu, lão hóa. Giảm đáng kể các đốm đen cho làn da đều màu và trắng sáng hơn.
Chỉ định: 
Chỉ định: Dùng cho làn da không đồng đều sắc tố (thâm, nám, tàn nhang, …) do nhiều nguyên nhân như UV, thay đổi nội tiết tố, sau điều trị da liễu, thâm viêm. Da thâm nám, tàn nhang, đồi mồi. 
Sản phẩm lý tưởng mang lại hiệu quả vượt trội trong điều trị nám da khi kết hợp cùng công nghệ cao như laser, Meso, Peel da
Hướng dẫn sử dụng: 
Lấy 2ml mặt nạ, dùng chổi quét đều sản phẩm lên trên lớp dung dịch Bước 3, để thư giãn trên da khoảng 7-10 phút. Sau đó lau lại bằng nước.
Lưu ý: Không lau hết, để lại 1 lớp mỏng mặt nạ trên da

Dung tích: 250ML",https://vhndistribution.com/san-pham/4-mat-na-mau-xanh-lam-giam-vet-tham-nam-mask-250ml/,https://vhndistribution.com/wp-content/uploads/2023/04/40.png,None,False,False,True,
95,Christina,Christina - Illustrious - 5 Algae Mask - 150gr (Mặt nạ trắng sáng và căng bóng từ tinh chất tảo),3685000,%,3685000,"Christina - Illustrious - 5 Algae Mask - 150gr (Mặt nạ trắng sáng và căng bóng từ tinh chất tảo)
Chỉ định: Dùng cho làn da không đồng đều sắc tố (thâm, nám, tàn nhang, …) do nhiều nguyên nhân như UV, thay đổi nội tiết tố, sau điều trị da liễu, thâm viêm. Da thâm nám, tàn nhang, đồi mồi. 
Sản phẩm lý tưởng mang lại hiệu quả vượt trội trong điều trị nám da khi kết hợp cùng công nghệ cao như laser, Meso, Peel da","Thành phần: 
 - Vitamin C ổn định: chống oxy hóa, loại bỏ gốc tự do, giảm sản xuất eumelanin, tăng pheomelanin  và thúc đẩy tổng hợp collagen
- Tetrahydrodiferuloylmethane: thay thế cho hydroquninoe, ức chế men tyrosinase, ngăn ngừa sản sinh melanin, giảm sắc tố và giảm thâm.
- Niacinamide: ức chế melanosome, giúp đồng đều và làm sáng da.
- Alga White: làm sáng, ức chế nám, chống lão hóa và cấp ẩm cho da.

Công dụng: 
Thúc đẩy đồng đều tông màu và làm sáng da. Tăng sản xuất collagen để giảm các nếp nhăn. Phục hồi hàng rào bảo vệ da và ngăn ngừa mất nước qua da. Giúp làm dịu và cung cấp độ ẩm cho da.
Chỉ định: 
Chỉ định: Dùng cho làn da không đồng đều sắc tố (thâm, nám, tàn nhang, …) do nhiều nguyên nhân như UV, thay đổi nội tiết tố, sau điều trị da liễu, thâm viêm. Da thâm nám, tàn nhang, đồi mồi. 
Sản phẩm lý tưởng mang lại hiệu quả vượt trội trong điều trị nám da khi kết hợp cùng công nghệ cao như laser, Meso, Peel da
Hướng dẫn sử dụng: 
Lấy 6 gram bột trộn 25 ml nước vào bát, khuấy đều.
Dùng cọ silicon thoa đều lên da, thoa lên trên lớp mỏng mặt nạ xanh còn lại từ bước 4, để khoảng 10-15 phút. 
Sau đó bóc mặt nạ theo chiều từ dưới lên trên, lau lại bằng nước những gì còn sót lại trên mặt.
Lưu ý: Không để mặt nạ quá khô trên bề mặt da khách, khi đó bóc mặt nạ sẽ có cảm giác căng, khó chịu.


Dung tích: 150GR",https://vhndistribution.com/san-pham/5-mat-na-trang-sang-va-cang-bong-tu-tinh-chat-tao-algae-mask-150ml/,https://vhndistribution.com/wp-content/uploads/2023/04/41.png,None,False,False,True,
96,Christina,Christina - Illustrious - 6 Serum - 50ml (Tinh chất làm sáng da),3300000,%,3300000,"Christina - Illustrious - 6 Serum - 50ml (Tinh chất làm sáng da)
Chỉ định: Dùng cho làn da không đồng đều sắc tố (thâm, nám, tàn nhang, …) do nhiều nguyên nhân như UV, thay đổi nội tiết tố, sau điều trị da liễu, thâm viêm. Da thâm nám, tàn nhang, đồi mồi. 
Sản phẩm lý tưởng mang lại hiệu quả vượt trội trong điều trị nám da khi kết hợp cùng công nghệ cao như laser, Meso, Peel da","Thành phần: 
 - Vitamin C ổn định: chống oxy hóa, loại bỏ gốc tự do, giảm sản xuất eumelanin, tăng pheomelanin và thúc đẩy tổng hợp collagen.
- Resveratrol: làm chậm quá trình tích tụ melanin, sáng da, tăng khả năng chống lão hóa.
- Chiết xuất cây Boldo chilean: ức chế tyrosinase, ngăn ngừa sắc tố và tổng hợp melanin gây ra bởi tia cực tím.

Công dụng: 
Cung cấp độ ẩm, làm sáng da, mang lại làn da đồng màu tươi sáng. Giúp chống oxy hóa và chống lão hóa. Công thức độc đáo giúp dễ dàng thẩm thấu sản phẩm.
Chỉ định: 
Chỉ định: Dùng cho làn da không đồng đều sắc tố (thâm, nám, tàn nhang, …) do nhiều nguyên nhân như UV, thay đổi nội tiết tố, sau điều trị da liễu, thâm viêm. Da thâm nám, tàn nhang, đồi mồi. 
Sản phẩm lý tưởng mang lại hiệu quả vượt trội trong điều trị nám da khi kết hợp cùng công nghệ cao như laser, Meso, Peel da
Hướng dẫn sử dụng: 
Lấy một lượng vừa đủ (0,2 – 0,5 ml) chia đều 5 điểm trên khuôn mặt, dùng hai ngón tay vỗ đều cho thẩm thấu.

Dung tích: 50ML",https://vhndistribution.com/san-pham/6-tinh-chat-lam-sang-da-serum-50ml/,https://vhndistribution.com/wp-content/uploads/2023/04/42.png,None,False,False,True,
97,Christina,Christina - Illustrious - 7 Day Cream SPF 50 - 100ml (Kem làm sáng da ban ngày có chỉ số chống nắng SPF50),3850000,%,3850000,"Christina - Illustrious - 7 Day Cream SPF 50 - 100ml (Kem làm sáng da ban ngày có chỉ số chống nắng SPF50)
Chỉ định: Dùng cho làn da không đồng đều sắc tố (thâm, nám, tàn nhang, …) do nhiều nguyên nhân như UV, thay đổi nội tiết tố, sau điều trị da liễu, thâm viêm. Da thâm nám, tàn nhang, đồi mồi. 
Sản phẩm lý tưởng mang lại hiệu quả vượt trội trong điều trị nám da khi kết hợp cùng công nghệ cao như laser, Meso, Peel da","Thành phần: 
 - UVA + UVB sun filters: bảo vệ da khỏi tia cực tím do ánh nắng mặt trời.
- Whitening peptide: hiệu quả làm trắng tối ưu thông qua ức chế enzym tham gia vào sản sinh melanin.
- Chiết xuất cam thảo: hoạt chất làm trắng mạnh mẽ, chống oxy hoá và chống viêm. 

Công dụng: 
Chống lão hóa da và chống nắng, thúc đẩy các quá trình tái tạo giúp da tăng cường độ trắng sáng và cung cấp độ ẩm mang lại cho làn da tươi sáng và rạng rỡ.
Chỉ định: 
Chỉ định: Dùng cho làn da không đồng đều sắc tố (thâm, nám, tàn nhang, …) do nhiều nguyên nhân như UV, thay đổi nội tiết tố, sau điều trị da liễu, thâm viêm. Da thâm nám, tàn nhang, đồi mồi. 
Sản phẩm lý tưởng mang lại hiệu quả vượt trội trong điều trị nám da khi kết hợp cùng công nghệ cao như laser, Meso, Peel da
Hướng dẫn sử dụng: 
Lấy một lượng vừa đủ (0,2 – 0,5 ml) chia đều 5 điểm trên khuôn mặt, dùng hai ngón tay vỗ đều cho thẩm thấu.
Dung tích: 100ML",https://vhndistribution.com/san-pham/7-kem-lam-sang-da-ban-ngay-co-chi-so-chong-nang-spf50-day-cream-spf50-100ml/,https://vhndistribution.com/wp-content/uploads/2023/04/43.png,None,False,False,True,
98,Christina,Christina - Illustrious - Micellar Water - 300ml (Nước tẩy trang làm sạch và làm sáng da),1800000,%,1800000,"Christina - Illustrious - Micellar Water - 300ml (Nước tẩy trang làm sạch và làm sáng da)
Thấm vào bông cotton, sau đó lau đều toàn mặt theo chiều cấu tạo da. Sử dụng được cả vùng mắt môi
","Thành phần: 
- Dưa chuột
- Chiết xuất lô hội
- Bisabolol
- Glycerin
- Hạt Micelle
Công dụng: 
Nhẹ nhàng làm sạch lớp trang điểm, kem chống nắng, bã nhờn sâu trong lỗ chân lông. Đồng thời làm sáng da, thanh lọc bụi bẩn, độc tố trong da. Sản phẩm làm dịu, dưỡng ẩm ngay trong quá trình tẩy trang.
Chỉ định: 
Thấm vào bông cotton, sau đó lau đều toàn mặt theo chiều cấu tạo da. Sử dụng được cả vùng mắt môi

Hướng dẫn sử dụng: 
Sử dụng cho mọi loại da.
Dung tích: 200ML",https://vhndistribution.com/san-pham/nuoc-tay-trang-lam-sach-va-lam-sang-da-micellar-water-200ml/,https://vhndistribution.com/wp-content/uploads/2023/04/01.png,None,False,False,False,
99,Christina,Christina - Illustrious - Cleanser - 300ml (Gel rửa mặt sạch sâu làm sáng da),1800000,%,1800000,"Christina - Illustrious - Cleanser - 300ml (Gel rửa mặt sạch sâu làm sáng da)
Lấy 1 ml ra lòng bàn tay, thêm nước, tạo bọt, mát xa nhẹ nhàng theo chiều cấu tạo da. Sau đó, rửa sạch với nước ấm.
","Thành phần: 
- Chiết xuất cây phỉ
- Glycolic acid
- Chiết xuất chanh
- Cam thảo
- Panthenol
Công dụng: 
Gel rửa mặt với bọt bông nhẹ nhàng len lỏi vào lỗ chân lông giúp làm sạch sâu, loại bỏ tế bào chết giúp làn da mịn màng, tươi sáng. Sản phẩm dưỡng ẩm dịu nhẹ trong quá trình làm sạch nên không gây khô, căng, mang lại cảm giác dễ chịu trên da. 


Chỉ định: 
Lấy 1 ml ra lòng bàn tay, thêm nước, tạo bọt, mát xa nhẹ nhàng theo chiều cấu tạo da. Sau đó, rửa sạch với nước ấm.

Hướng dẫn sử dụng: 
Sử dụng cho mọi loại da, đặc biệt với làn da không đồng đều sắc tố (thâm, nám, tàn nhang...) do nhiều nguyên nhân như UV, thay đổi nội tiết tố, sau điều trị da liễu, sau thẩm mỹ, thâm mụn.
Dung tích: 200ML",https://vhndistribution.com/san-pham/gel-rua-mat-sach-sau-lam-sang-da-cleanser-200ml/,https://vhndistribution.com/wp-content/uploads/2023/04/02.png,None,False,False,False,
100,Christina,Christina - Illustrious - Peeling - 50ml (Tẩy da chết làm sạch sâu),2420000,%,2420000,"Christina - Illustrious - Peeling - 50ml (Tẩy da chết làm sạch sâu)
Dùng 2 lần/ tuần, sau bước sữa rửa mặt, lấy lượng vừa đủ thoa đều lên da, để 3-5 phút sau đó rửa sạch với nước.
","Thành phần: 
- AHA (Glycolic, Lactic, Malic & Phytic acids) 
- BHA
- Tetrahydrocurcumin
- Whitening complex
- Chiết xuất cam thảo
Công dụng: 
Peel tại nhà lý tưởng để loại bỏ da chết nhẹ nhàng, làm đều màu da và làm mờ nếp nhăn. Tăng cường hiệu quả nuôi dưỡng da, hỗ trợ làn da căng bóng, tươi sáng
Chỉ định: 
Dùng 2 lần/ tuần, sau bước sữa rửa mặt, lấy lượng vừa đủ thoa đều lên da, để 3-5 phút sau đó rửa sạch với nước.

Hướng dẫn sử dụng: 
Sử dụng cho làn da nám, sắc tố , không đều màu do nhiều nguyên nhân như UV, thay đổi nội tiết tố, sau điều trị da liễu, sau thẩm mỹ, thâm mụn.
Dung tích: 50ML",https://vhndistribution.com/san-pham/tay-da-chet-lam-sach-sau-peeling-50ml/,https://vhndistribution.com/wp-content/uploads/2023/04/03.png,None,False,False,False,
101,Christina,Christina - Illustrious - Toner - 200ml (Toner - Nước hoa hồng làm sáng da),1300000,%,1300000,"Christina - Illustrious - Toner - 200ml (Toner - Nước hoa hồng làm sáng da)
Dùng lượng vừa đủ thấm vào bông cotton, lau đều theo chiều cấu tạo da.
","Thành phần: 
- Niacinamide
- Lactic acid, phytic acid
- Chiết xuất cam thảo
- Chiết xuất cây Phỉ
Công dụng: 
Nước hoa hồng làm sạch sâu, se khít lỗ chân lông, giảm bít tắc, giúp sáng và đồng đều màu da. Sản phẩm hỗ trợ loại bỏ tế bào chết, hỗ trợ điều trị nám, thâm hiệu quả.
Chỉ định: 
Dùng lượng vừa đủ thấm vào bông cotton, lau đều theo chiều cấu tạo da.

Hướng dẫn sử dụng: 
Sử dụng cho làn da nám, sắc tố , không đều màu do nhiều nguyên nhân như UV, thay đổi nội tiết tố, sau điều trị da liễu, sau thẩm mỹ, thâm mụn.
Dung tích: 200ML",https://vhndistribution.com/san-pham/nuoc-hoa-hong-lam-sang-da-toner-200ml/,https://vhndistribution.com/wp-content/uploads/2023/04/04.png,None,False,False,False,
102,Christina,Christina - Illustrious - Serum - 30ml (Tinh chất làm sáng da),2360000,%,2360000,"Christina - Illustrious - Serum - 30ml (Tinh chất làm sáng da)
Sau nước cân bằng, lấy lượng vừa đủ chấm 5 điểm toàn mặt, vỗ đều thẩm thấu. Dùng ngày 2 lần sáng và tối.
","Thành phần: 
- Tetrahydrocurcumin
- Alga white
- Vitamin C ổn định 
- Whitening complex
- Whitening peptide
Công dụng: 
Tinh chất đặc trị làm sáng da với hoạt chất Tetrahydrocurcumin tác động trực tiếp làm mờ nám mạnh mẽ cùng các thành phần giảm hình thành nám hiệu quả, mang lại tác dụng trị nám toàn diện, rõ rệt. Dùng trực tiếp trên vết nám và toàn mặt cho hiệu quả trị nám và nâng tông da.
Chỉ định: 
Sau nước cân bằng, lấy lượng vừa đủ chấm 5 điểm toàn mặt, vỗ đều thẩm thấu. Dùng ngày 2 lần sáng và tối.

Hướng dẫn sử dụng: 
Sử dụng cho làn da nám, sắc tố, không đều màu do nhiều nguyên nhân như UV, thay đổi nội tiết tố, sau điều trị da liễu, sau thẩm mỹ, thâm mụn. Dùng chăm sóc duy trì sau điều trị công nghệ cao như laser, hifu, IPL hay các liệu trình trị liệu peel, meso.
Dung tích: 30ML",https://vhndistribution.com/san-pham/serum-lam-sang-da-serum-30ml/,https://vhndistribution.com/wp-content/uploads/2023/04/05.png,None,False,False,False,"1. Serum cải thiện và chăm sóc làn da nám, tăng sắc tố với công thức hay thế cho Hydroquinone 4%
2. Serum có khả năng tác động vào nhiều giai đoạn khác nhau của cơ chế hình thành sắc tố.
Nhờ công thức chứa các thành phần làm trắng, mờ thâm và sáng da đặc trưng: M.A.P (dẫn xuất vitamin C ổn định), Niacinamide, chiết xuất nghệ trắng, oligopeptide-68, Algae white (chiết xuất tảo nâu Ascophyllum Nodosum), chiết xuất cây Boldo Chile và Resveratrol.
*** ĐẶC BIỆT Chứa thành phần Tetrahydrocucumin được nghiên cứu 0,25% Tetrahydrocurcumin có tác dụng tương đương với 4% HQ nhưng an toàn và không gây kích ứng
3. Khả năng thẩm thấu nhanh,
4. Có thể kết hợp điều trị thâm sau mụn, tăng sắc tố sau viêm."
103,Christina,Christina - Illustrious - Absolute Bright - 30ml (Tinh chất trắng sáng hoàn hảo),3839000,%,3839000,"Christina - Illustrious - Absolute Bright - 30ml (Tinh chất trắng sáng hoàn hảo)
Lấy 1 lượng vừa đủ, massage nhẹ nhàng cho đến khi thẩm thấu. Dùng tuần 1-2 lần, tăng dần khi da thích ứng. Dùng vào buổi tối
","Thành phần: 
- Vitamin C 
- Bisabolol 
- Vitamin E 
- Tinh dầu hạt Sacha inchi
- Glycerin
Công dụng: 
Tinh chất cô đặc với hàm lượng Vitamin C nồng độ cao & ổn định giúp làm mờ và ngăn ngừa các đốm sắc tố đậm màu mang lại vẻ ngoài trắng sáng, rạng rỡ và mịn màng cho làn da. Đồng thời, các hoạt chất chống oxy hóa mạnh mẽ giúp chống lão hóa và bảo vệ da khỏi các yếu tố tiêu cực từ môi trường (đặc biệt tác hại từ tia UV).
Chỉ định: 
Lấy 1 lượng vừa đủ, massage nhẹ nhàng cho đến khi thẩm thấu. Dùng tuần 1-2 lần, tăng dần khi da thích ứng. Dùng vào buổi tối

Hướng dẫn sử dụng: 
Sử dụng cho làn da không đồng đều sắc tố (thâm, nám, tàn nhang...) do nhiều nguyên nhân như UV, thay đổi nội tiết tố, sau điều trị da liễu, sau thẩm mỹ, thâm mụn. Dùng được sau điều trị công nghệ cao như laser, hifu, IPL hay các liệu trình trị liệu peel, meso.
Dung tích: 30ML",https://vhndistribution.com/san-pham/tinh-chat-trang-sang-da-hoan-hao-absolute-bright-30ml/,https://vhndistribution.com/wp-content/uploads/2023/04/06.png,None,False,False,False,
104,Christina,Christina - Illustrious - Eye Cream SPF 15 - 15ml (Kem chống nhăn và chống thâm quầng mắt ban ngày),1700000,%,1700000,"Christina - Illustrious - Eye Cream SPF 15 - 15ml (Kem chống nhăn và chống thâm quầng mắt ban ngày)
Buổi sáng, sau bước nước cân bằng, dùng lượng vừa đủ lên vùng mắt, vỗ nhẹ thẩm thấu","Thành phần: 
- UVA+UVB sun fitter 
- Eye peptide complex
- Caffeine 
- Vitamin C ổn định 
- Hyaluronic Acid
Công dụng: 
Kem dưỡng mắt ban ngày đặc biệt hiệu quả làm sáng vùng dưới mắt, giảm quầng thâm, bọng mắt. Đồng thời dưỡng ẩm, tăng sinh collagen, làm giảm các nếp nhăn mờ dưới và đuôi mắt. Màng lọc bảo vệ vùng da mắt khỏi bức xạ mặt trời.
Chỉ định: 
Buổi sáng, sau bước nước cân bằng, dùng lượng vừa đủ lên vùng mắt, vỗ nhẹ thẩm thấu
Hướng dẫn sử dụng: 
Dùng chăm sóc và bảo vệ vùng da mắt. Phù hợp tình trạng da có nếp nhăn, bọng mắt và quầng thâm xung quanh vùng mắt.
Dung tích: 15ML",https://vhndistribution.com/san-pham/kem-chong-nhan-va-chong-tham-quang-mat-ban-ngay-eye-cream-spf-15-15ml/,https://vhndistribution.com/wp-content/uploads/2023/04/07.png,None,False,False,False,
105,Christina,Christina - Illustrious - Night Eye Cream - 15ml (Kem chống nhăn và chống thâm quầng mắt ban đêm),1800000,%,1800000,"Christina - Illustrious - Night Eye Cream - 15ml (Kem chống nhăn và chống thâm quầng mắt ban đêm)
Buổi tối, sau bước nước cân bằng, dùng lượng vừa đủ lên vùng mắt, vỗ nhẹ thẩm thấu.
","Thành phần: 
- Palmitoyl tetrapeptide-7
- Oligopeptide-68
- Bơ hạt mỡ
- Vitamin C&E
- Hyaluronic acid
- Retinol
Công dụng: 
Kem dưỡng mắt ban đêm làm sáng vùng da quanh mắt, giảm bọng mắt, quầng thâm đồng thời giảm các nếp nhăn vùng da quanh mắt, ngăn ngừa các dấu hiệu lão hóa vào ban đêm.


Chỉ định: 
Buổi tối, sau bước nước cân bằng, dùng lượng vừa đủ lên vùng mắt, vỗ nhẹ thẩm thấu.

Hướng dẫn sử dụng: 
Dùng chăm sóc và bảo vệ vùng da mắt. Phù hợp tình trạng da có nếp nhăn, bọng mắt và quầng thâm xung quanh vùng mắt.
Dung tích: 15ML",https://vhndistribution.com/san-pham/kem-chong-nhan-va-tham-quang-mat-ban-dem-night-eye-cream-15ml/,https://vhndistribution.com/wp-content/uploads/2023/04/08.png,None,False,False,False,
106,Christina,Christina - Illustrious - Day Cream SPF 50 - 50ml (Kem làm sáng da ban ngày có chỉ số chống nắng SPF 50),2750000,%,2750000,"Christina - Illustrious - Day Cream SPF 50 - 50ml (Kem làm sáng da ban ngày có chỉ số chống nắng SPF 50)
Buổi sáng, sau bước serum, dùng lượng vừa đủ chấm 5 điểm toàn mặt, vỗ đều để thẩm thấu.
","Thành phần: 
- UVA+UVB sun filter 
- Niacinamide 
- Hyaluronic acid 
- Whitening peptide 
- Chiết xuất cam thảo
Công dụng: 
Sản phẩm giàu hoạt chất chống oxy hóa giúp bảo vệ da mạnh mẽ. Làm sáng da và ngăn ngừa hình thành nám, tàn nhang. Cung cấp độ ẩm nuôi dưỡng làn da suốt cả ngày. Chỉ số chống nắng mạnh mẽ bảo vệ da trước tia UV suốt cả ngày.
Chỉ định: 
Buổi sáng, sau bước serum, dùng lượng vừa đủ chấm 5 điểm toàn mặt, vỗ đều để thẩm thấu.

Hướng dẫn sử dụng: 
Sử dụng cho làn da không đồng đều sắc tố (thâm, nám, tàn nhang...) do nhiều nguyên nhân như UV, thay đổi nội tiết tố, sau điều trị da liễu, sau thẩm mỹ, thâm mụn.
Dung tích: 50ML",https://vhndistribution.com/san-pham/kem-lam-sang-da-ban-ngay-co-chi-so-chong-nang-spf50-day-cream-spf-50-50ml/,https://vhndistribution.com/wp-content/uploads/2023/04/09-1.png,None,False,False,False,
107,Christina,Christina - Illustrious - Night Cream - 50ml (Kem dưỡng làm trắng và chống nhăn ban đêm),2860000,%,2860000,"Christina - Illustrious - Night Cream - 50ml (Kem dưỡng làm trắng và chống nhăn ban đêm)
Buổi tối, sau bước serum, dùng lượng vừa đủ chấm 5 điểm toàn mặt, vỗ đều để thẩm thấu","Thành phần: 
- Tetrahydrocurcumin
- Retinol
- Aluminum silicate
- Chiết xuất cây Chilean boldo
- Vitamin E
Công dụng: 
Kem dưỡng ban đêm dành riêng cho làn da mong muốn hiệu quả làm sáng, đều màu và đặc trị thâm nám. Hoạt chất đặc biệt Tetrahydrocurcumin giảm đốm nám trên bề mặt, các thành phần hoạt hóa đặc trưng tái tạo da mạnh mẽ, dưỡng ẩm, giúp giảm nếp nhăn và cho bề mặt da mềm mịn, tươi sáng và căng bóng.
Sản phẩm lý tưởng mang lại hiệu quả vượt trội trong điều trị nám da khi kết hợp cùng công nghệ cao như laser, meso, peel da… 


Chỉ định: 
Buổi tối, sau bước serum, dùng lượng vừa đủ chấm 5 điểm toàn mặt, vỗ đều để thẩm thấu
Hướng dẫn sử dụng: 
Sử dụng cho làn da nám, sắc tố, không đều màu do nhiều nguyên nhân như UV, thay đổi nội tiết tố, sau điều trị da liễu, sau thẩm mỹ, thâm mụn.
Dung tích: 50ML",https://vhndistribution.com/san-pham/kem-duong-lam-trang-va-chong-nhan-ban-dem-night-cream-50ml/,https://vhndistribution.com/wp-content/uploads/2023/04/10-5.png,None,False,False,False,"1. Kem đêm chăm sóc làn da nám, tăng sắc tố với công thức hay thế cho Hydroquinone 4%
2. Có khả năng tác động vào nhiều giai đoạn khác nhau của cơ chế hình thành sắc tố.
Nhờ công thức chứa các thành phần làm trắng, mờ thâm và sáng da đặc trưng: M.A.P (dẫn xuất vitamin C ổn định), Niacinamide, chiết xuất nghệ trắng, oligopeptide-68, Algae white (chiết xuất tảo nâu Ascophyllum Nodosum), chiết xuất cây Boldo Chile và Resveratrol.
*** ĐẶC BIỆT Chứa thành phần Tetrahydrocucumin được nghiên cứu 0,25% Tetrahydrocurcumin có tác dụng tương đương với 4% HQ nhưng an toàn và không gây kích ứng
Chứa thêm Alumiun Silicat hấp thụ & đào thải Melanin trên bề mặt và REtinol tăng cường tái tạo và luân chuẩn Menanin lên bề mặt. 
3. Kết cấu mỏng nhẹ nhưng có khả năng dưỡng ẩm sâu."
108,Christina,Christina - Illustrious - Hand Cream SPF 15 - 75ml (Kem làm sáng và chống nhăn tay),1100000,%,1100000,"Christina - Illustrious - Hand Cream SPF 15 - 75ml (Kem làm sáng và chống nhăn tay)
Thoa đều đôi tay, ngày 2 lần sáng và tối, thoa nhiều lần khi cần.
","Thành phần: 
- Tetrahydrocurcumin
- Vitamin C ổn định
- Boldo chilean 
- Dầu Jojoba 
- UVA+UVB sun filter
Công dụng: 
Sản phẩm bảo vệ và chăm sóc vùng da tay khỏi các tác hại từ yếu tố môi trường đặc biệt là ánh nắng mặt trời. Làm giảm cũng như ngăn ngừa sự hình thành các đốm sắc tố trên da. Dưỡng sáng và chống lão hóa cho da.
Chỉ định: 
Thoa đều đôi tay, ngày 2 lần sáng và tối, thoa nhiều lần khi cần.

Hướng dẫn sử dụng: 
Sử dụng chăm sóc và bảo vệ vùng da tay.
Dung tích: 75ML",https://vhndistribution.com/san-pham/kem-lam-sang-da-va-chong-nhan-tay-hand-cream-spf15-75ml/,https://vhndistribution.com/wp-content/uploads/2023/04/11-4.png,None,False,False,False,
109,Christina,Christina - Illustrious - Mask - 75ml (Mặt nạ màu xanh làm giảm vết thâm nám),1680000,%,1680000,"Christina - Illustrious - Mask - 75ml (Mặt nạ màu xanh làm giảm vết thâm nám)
Dùng 2 lần/ tuần, sau bước làm sạch, lấy lượng vừa đủ thoa đều lên da, để 10 phút, sau đó rửa sạch với nước.
","Thành phần: 
- Chiết xuất cam thảo
- Aluminum silicate
- Lactic acid 
- Resveratrol 
- Zinc Oxide
Công dụng: 
Mặt nạ điều trị nám, tàn nhang, làm sáng da tự nhiên với hiệu quả làm dịu, chống viêm và trung hòa các gốc tự do, hấp thụ màu sẫm của Melanin, làm mờ nám trên bề mặt, mang lại làn da sáng rạng rỡ ngay sau lần đầu sử dụng.
Chỉ định: 
Dùng 2 lần/ tuần, sau bước làm sạch, lấy lượng vừa đủ thoa đều lên da, để 10 phút, sau đó rửa sạch với nước.

Hướng dẫn sử dụng: 
Dùng cho làn da không đồng đều sắc tố (thâm, nám, tàn nhang,…)
Dung tích: 75ML",https://vhndistribution.com/san-pham/mask-mat-na-xanh-tu-dai-duong-75ml/,https://vhndistribution.com/wp-content/uploads/2023/04/12-2.png,None,False,False,False,
110,Christina,Christina - Line Repair -1 Moisturizing Micellar Milk - 500ml (Làm sạch da mặt và vùng cổ),2255000,%,2255000,"Christina - Line Repair -1 Moisturizing Micellar Milk - 500ml (Làm sạch da mặt và vùng cổ)
Chỉ định: Mọi đối tượng khách hàng, mọi type da từ 16 tuổi trở lên. Lý tưởng nhất cho các tình trạng da:
1/ Chăm sóc cơ bản, dưỡng ẩm, ngăn ngừa lão hoá da hàng tuần.
2/ Sau treatment - điều trị da bằng công nghệ cao, peel, mesotherapy.
3/ Phục hồi làn da yếu, xỉn màu, thiếu sức sống.
4/ Làn da mong muốn đạt đến độ khoẻ mạnh, căng bóng.","Thành phần: 
- Hạt micelle: làm sạch các chất trang điểm một cách an toàn và không gây kích ứng da.
- Chiết xuất hoa xà phòng: làm sạch dịu nhẹ, không gây kích ứng.
- Chiết xuất hoa cúc: kháng khuẩn và chống viêm cho da
- 3D moisture: tăng khả năng giữ ẩm cho da.
 
Công dụng: 
Làm sạch da mặt, cổ. Kết hợp chất làm sạch và chiết xuất hoa xà phòng để làm sạch lớp trang điểm và tạp chất. Làm dịu và dưỡng ẩm, thúc đẩy sự tươi mát và độ đàn hồi.
Chỉ định: 
Chỉ định: Mọi đối tượng khách hàng, mọi type da từ 16 tuổi trở lên. Lý tưởng nhất cho các tình trạng da:
1/ Chăm sóc cơ bản, dưỡng ẩm, ngăn ngừa lão hoá da hàng tuần.
2/ Sau treatment - điều trị da bằng công nghệ cao, peel, mesotherapy.
3/ Phục hồi làn da yếu, xỉn màu, thiếu sức sống.
4/ Làn da mong muốn đạt đến độ khoẻ mạnh, căng bóng.
Hướng dẫn sử dụng: 
Lấy 1ml thoa đều lên mặt và cổ, thoa đều bằng các vòng tròn nhỏ. Sau đó nhũ hóa và rửa lại sạch bằng nước.
Dung tích: 500ML",https://vhndistribution.com/san-pham/lam-sach-da-mat-va-vung-co-moisturizing-micellar-milk-500ml/,https://vhndistribution.com/wp-content/uploads/2023/04/2-16.png,None,False,False,True,
111,Christina,Christina - Line Repair -2 Oxygen Peel - 250ml (Peel da tăng cường oxy),2860000,%,2860000,"Christina - Line Repair -2 Oxygen Peel - 250ml (Peel da tăng cường oxy)
Chỉ định: Mọi đối tượng khách hàng, mọi type da từ 16 tuổi trở lên. Lý tưởng nhất cho các tình trạng da:
1/ Chăm sóc cơ bản, dưỡng ẩm, ngăn ngừa lão hoá da hàng tuần.
2/ Sau treatment - điều trị da bằng công nghệ cao, peel, mesotherapy.
3/ Phục hồi làn da yếu, xỉn màu, thiếu sức sống.
4/ Làn da mong muốn đạt đến độ khoẻ mạnh, căng bóng.","Thành phần: 
- Sinh vật phù du: bổ sung oxy cho tế bào, tăng cường năng lượng, kích thích thay mới tế bào.
- Phức hợp keratolytic: phá vỡ liên kết tế bào, từ đó loại bỏ tế bào chết một cách nhẹ nhàng. Tăng cường tái tạo và làm đều màu da.
- Chiết xuất cây phỉ: chứa lượng lớn tannin, làm giảm viêm, mẩn đỏ.

Bước peeling của LINE REPAIR - thúc đẩy sự thâm nhập của các hoạt chất vào sâu của lớp biểu bì.
Công dụng: 
Làm mới những làn da trông mệt mỏi. Enzyme thực vật loại bỏ tế bào chết để lại làn da mịn màng và đàn hồi. Công thức độc đáo giúp cải thiện các quá trình kích thích sinh học giúp tăng cường lưu thông máu, cung cấp oxy và chuyển hóa tế bào. Việc tẩy da chết tạo điều kiện cho AHA phát huy hiệu quả tối đa, đồng thời làn da nhận được sự tăng cường oxy và năng lượng theo hướng đổi mới.

Chỉ định: 
Chỉ định: Mọi đối tượng khách hàng, mọi type da từ 16 tuổi trở lên. Lý tưởng nhất cho các tình trạng da:
1/ Chăm sóc cơ bản, dưỡng ẩm, ngăn ngừa lão hoá da hàng tuần.
2/ Sau treatment - điều trị da bằng công nghệ cao, peel, mesotherapy.
3/ Phục hồi làn da yếu, xỉn màu, thiếu sức sống.
4/ Làn da mong muốn đạt đến độ khoẻ mạnh, căng bóng.
Hướng dẫn sử dụng: 
Thoa 1 lớp mỏng lên da khô. Để trong 3-5 phút. Rửa sạch.

LƯU Ý: Để tăng cường tẩy da chết, có thể dùng bông để lau với chuyển động tròn.
Dung tích: 250ML",https://vhndistribution.com/san-pham/2-tay-te-bao-chet-oxygen-peel-250ml/,https://vhndistribution.com/wp-content/uploads/2023/04/3-18.png,None,False,False,True,
112,Christina,Christina - Line Repair -3 Glow Mask - 250ml (Mặt nạ đẩy nhanh quá trình thay mới tế bào da),1800000,%,1800000,"Christina - Line Repair -3 Glow Mask - 250ml (Mặt nạ đẩy nhanh quá trình thay mới tế bào da)
Chỉ định: Mọi đối tượng khách hàng, mọi type da từ 16 tuổi trở lên. Lý tưởng nhất cho các tình trạng da:
1/ Chăm sóc cơ bản, dưỡng ẩm, ngăn ngừa lão hoá da hàng tuần.
2/ Sau treatment - điều trị da bằng công nghệ cao, peel, mesotherapy.
3/ Phục hồi làn da yếu, xỉn màu, thiếu sức sống.
4/ Làn da mong muốn đạt đến độ khoẻ mạnh, căng bóng.","Thành phần: 
- Glycolic acid: làm đều màu da và kết cấu da, kích thích sản sinh Collagen. Thu nhỏ lỗ chân lông.
- Malic acid: làm mềm mịn da và cải thiện sắc diện da, làm giảm nếp nhăn.
- Phytic acid: chống Oxy hoá và Gốc tự do, nhẹ nhàng loại bỏ tế bào chết. 
- Chiết xuất dâu tằm: làm đều màu da và chống viêm
- Hyaluronic acid: tăng cường săn chắc da, giữ ẩm cho da. Ngăn ngừa hình thành nếp nhăn. 
- Bio-cellulose: tạo nên một lớp màng sợi giúp phân tán đồng đều các hoạt chất trong sâu của da.
Bước dưỡng ẩm trong các giai đoạn peeling của LINE REPAIR - thúc đẩy quá trình đổi mới da, kích thích các quá trình sinh học chuyên sâu ,cần thiết trong việc trì hoãn quá trình lão hóa.

Công dụng: 
15%  AHA đẩy nhanh quá trình đổi mới tế bào, cải thiện đáng kể kết cấu. Phức hợp của axit trái cây, vitamin C và hyaluronic acid thúc đẩy sự hình thành của các tế bào và protein mới, khỏe mạnh, làm mờ nếp nhăn và rãnh nhăn, tăng cường độ ẩm cho da. Xenluloza sinh học tạo ra một lớp màng sợi giúp phân tán đồng đều các hoạt chất trong sâu của da. Được đóng gói với các chất dinh dưỡng tăng cường sắc đẹp như AHA, làm tăng hiệu quả hoạt động của tế bào để có một vẻ ngoài trẻ trung hơn.

Chỉ định: 
Chỉ định: Mọi đối tượng khách hàng, mọi type da từ 16 tuổi trở lên. Lý tưởng nhất cho các tình trạng da:
1/ Chăm sóc cơ bản, dưỡng ẩm, ngăn ngừa lão hoá da hàng tuần.
2/ Sau treatment - điều trị da bằng công nghệ cao, peel, mesotherapy.
3/ Phục hồi làn da yếu, xỉn màu, thiếu sức sống.
4/ Làn da mong muốn đạt đến độ khoẻ mạnh, căng bóng.
Hướng dẫn sử dụng: 
Quét 1 lớp mỏng (1-2ml) lên bề mặt da, để nguyên sản phẩm trên da từ 3-5 phút. Làm sạch lại với nước.

Dung tích: 250ML",https://vhndistribution.com/san-pham/3-mat-na-day-nhanh-qua-trinh-thay-moi-te-bao-da-glow-mask-250ml/,https://vhndistribution.com/wp-content/uploads/2023/04/4-19.png,None,False,False,True,
113,Christina,Christina - Line Repair -4 Ultra Nourish Mask - 250ml (Mặt nạ phục hồi hàng rào bảo vệ da),1518000,%,1518000,"Christina - Line Repair -4 Ultra Nourish Mask - 250ml (Mặt nạ phục hồi hàng rào bảo vệ da)
Chỉ định: Mọi đối tượng khách hàng, mọi type da từ 16 tuổi trở lên. Lý tưởng nhất cho các tình trạng da:
1/ Chăm sóc cơ bản, dưỡng ẩm, ngăn ngừa lão hoá da hàng tuần.
2/ Sau treatment - điều trị da bằng công nghệ cao, peel, mesotherapy.
3/ Phục hồi làn da yếu, xỉn màu, thiếu sức sống.
4/ Làn da mong muốn đạt đến độ khoẻ mạnh, căng bóng.","Thành phần: 
- Dầu hạnh nhân: giảm kích ứng, bảo vệ da khỏi những yếu tố từ tia UV, ngăn ngừa lão hoá sớm.
- Dầu jojoba: dưỡng ẩm tự nhiên, làm mềm nhanh chóng, mang lại làn da mềm mại, mịn màng.
- Bơ hạt mỡ: dưỡng ẩm, nuôi dưỡng, làm mềm, làm dịu và bảo vệ da.
- Vitamin E: chống oxy hóa mạnh, giảm viêm và cung cấp độ ẩm. 
- Squalene: đặc tính làm mềm vượt trội, ngăn ngừa mất nước xuyên biểu bì (TEWL) và phục hồi sự mềm mại, đàn hồi của da. 

Công dụng: 
Mặt nạ giàu axit thiết yếu, ít gây dị ứng từ các siêu thực phẩm cung cấp cho da nồng độ cao của vitamin, axit béo và khoáng chất giúp phục hồi hàng rào bảo vệ da, giảm khô và kích ứng, mang lại làn da hồi sinh và mềm mại, đầy đủ độ ẩm lý tưởng. Mang lại hiệu quả mềm mượt căng bóng rõ rệt sau khi massage.
Chỉ định: 
Chỉ định: Mọi đối tượng khách hàng, mọi type da từ 16 tuổi trở lên. Lý tưởng nhất cho các tình trạng da:
1/ Chăm sóc cơ bản, dưỡng ẩm, ngăn ngừa lão hoá da hàng tuần.
2/ Sau treatment - điều trị da bằng công nghệ cao, peel, mesotherapy.
3/ Phục hồi làn da yếu, xỉn màu, thiếu sức sống.
4/ Làn da mong muốn đạt đến độ khoẻ mạnh, căng bóng.
Hướng dẫn sử dụng: 
Thoa một lượng vừa đủ lên mặt, cổ. Lưu lại trên da trong 10 phút và sau đó, massage cho đến khi hoàn toàn hấp thụ. Không rửa lại.

Cách dùng khác:
Có thể sử dụng bông gạc ướt che mặt và cổ, sau đó, đắp Lift Define Mask lên phía trên.
Dung tích: 250ML",https://vhndistribution.com/san-pham/4-mat-na-phuc-hoi-hang-rao-bao-ve-da-ultra-nourish-mask-250ml/,https://vhndistribution.com/wp-content/uploads/2023/04/5-15.png,None,False,False,True,
114,Christina,"Christina - Line Repair -5 Lift Define Mask - 150gr (Mặt nạ làm săn chắc da tức thì, chống oxy hóa và giữ ẩm)",2629000,%,2629000,"Christina - Line Repair -5 Lift Define Mask - 150gr (Mặt nạ làm săn chắc da tức thì, chống oxy hóa và giữ ẩm)
Chỉ định: Mọi đối tượng khách hàng, mọi type da từ 16 tuổi trở lên. Lý tưởng nhất cho các tình trạng da:
1/ Chăm sóc cơ bản, dưỡng ẩm, ngăn ngừa lão hoá da hàng tuần.
2/ Sau treatment - điều trị da bằng công nghệ cao, peel, mesotherapy.
3/ Phục hồi làn da yếu, xỉn màu, thiếu sức sống.
4/ Làn da mong muốn đạt đến độ khoẻ mạnh, căng bóng.","Thành phần: 
- Bột tảo: cải thiện hàng rào bảo vệ da, ngăn ngừa mất nước ở lớp biểu bì
- Hyaluronic acid: tăng cường săn chắc da, giữ ẩm cho da. Ngăn ngừa hình thành nếp nhăn. 
- Magnesium ascorbyl phosphate (phái sinh vitamin C): thúc đẩy tổng hợp collagen và ức chế quá trình peroxid hóa lipid
- Ginkgo biloba: chống oxy hóa mạnh, giàu vitamin C và axit asparaginic, làm đều màu, chống viêm, bảo vệ chống lại các yếu tố môi trường.

Công dụng: 
Tái tạo da với mặt nạ làm săn chắc da tức thì với tảo và chất căng tự nhiên. Giàu chất chống oxy hóa và chất giữ ẩm. Trong khi ôm khít bề mặt da, nó giải phóng các thành phần hoạt tính dẫn đến tắc nghẽn da, từ đó kích hoạt một chuỗi các quá trình sinh học cần thiết để cải thiện chức năng, giúp da săn chắc với hiệu quả rõ rệt.

Chỉ định: 
Chỉ định: Mọi đối tượng khách hàng, mọi type da từ 16 tuổi trở lên. Lý tưởng nhất cho các tình trạng da:
1/ Chăm sóc cơ bản, dưỡng ẩm, ngăn ngừa lão hoá da hàng tuần.
2/ Sau treatment - điều trị da bằng công nghệ cao, peel, mesotherapy.
3/ Phục hồi làn da yếu, xỉn màu, thiếu sức sống.
4/ Làn da mong muốn đạt đến độ khoẻ mạnh, căng bóng.
Hướng dẫn sử dụng: 
Trộn 1 muỗng Bột mặt nạ Lift Define (6 gr)
với 25 ml nước, thêm nước dần dần vào mặt nạ. Sau đó, thoa đều lên toàn bộ khuôn mặt và cổ. 
Lưu lại trên da trong 10 phút, đến khi mặt nạ đông rồi nhẹ nhàng gỡ mặt nạ. Nếu cần, lau sạch lượng dư thừa bằng bông ướt.



Dung tích: 150GR",https://vhndistribution.com/san-pham/5-mat-na-lam-san-chac-da-tuc-thi-chong-oxy-hoa-va-giu-am-lift-define-mask-150gr/,https://vhndistribution.com/wp-content/uploads/2023/04/1-28.png,None,False,False,True,
115,Christina,Christina - Line Repair -6 Hydra Fusion Concentrate - 50ml (Huyết thanh cung cấp vitamin và độ ẩm),2090000,%,2090000,"Christina - Line Repair -6 Hydra Fusion Concentrate - 50ml (Huyết thanh cung cấp vitamin và độ ẩm)
Chỉ định: Mọi đối tượng khách hàng, mọi type da từ 16 tuổi trở lên. Lý tưởng nhất cho các tình trạng da:
1/ Chăm sóc cơ bản, dưỡng ẩm, ngăn ngừa lão hoá da hàng tuần.
2/ Sau treatment - điều trị da bằng công nghệ cao, peel, mesotherapy.
3/ Phục hồi làn da yếu, xỉn màu, thiếu sức sống.
4/ Làn da mong muốn đạt đến độ khoẻ mạnh, căng bóng.","Thành phần: 
- Niacinamide (vitamin B3): tăng cường sự đàn hồi, giảm nếp nhăn, thu nhỏ lỗ chân lông và làm đều màu da.
- Panthenol (vitamin B5): làm dịu da và tăng cường hàng rào tự nhiên của da.
- Vitamin E: chống oxy hóa và giảm viêm da.
- Chiết xuất dâu tằm: chống oxy hóa, chống viêm và làm đều màu da.
- Botanical hydrator: tăng lượng nước cho từng tế bào da, cải thiện sự mất nước.
- Hyaluronic acid: tăng cường săn chắc da, giữ ẩm cho da. Ngăn ngừa hình thành nếp nhăn. 

Công dụng: 
Huyết thanh cô đặc cung cấp cho da các vitamin và độ ẩm lý tưởng giúp phục hồi, bảo vệ da chống lại các gốc tự do. Sản phẩm cải thiện hoạt động của tế bào, làm dịu, tăng cường năng lượng, giúp da thư thái, sáng và đều màu. Hoạt chất dưỡng, giữ ẩm mang lại độ ẩm lý tưởng, tăng cường độ sáng bóng tức thì của da.
Chỉ định: 
Chỉ định: Mọi đối tượng khách hàng, mọi type da từ 16 tuổi trở lên. Lý tưởng nhất cho các tình trạng da:
1/ Chăm sóc cơ bản, dưỡng ẩm, ngăn ngừa lão hoá da hàng tuần.
2/ Sau treatment - điều trị da bằng công nghệ cao, peel, mesotherapy.
3/ Phục hồi làn da yếu, xỉn màu, thiếu sức sống.
4/ Làn da mong muốn đạt đến độ khoẻ mạnh, căng bóng.
Hướng dẫn sử dụng: 
Thoa lên toàn bộ vùng mặt và cổ. Massage nhẹ nhàng đến khi tinh chất hoàn toàn thẩm thấu.
Dung tích: 50ML",https://vhndistribution.com/san-pham/6-huyet-thanh-cung-cap-vitamin-va-do-am-hydra-fusion-concentrate-50ml/,https://vhndistribution.com/wp-content/uploads/2023/04/2-23.png,None,False,False,True,
116,Christina,"Christina - Line Repair -7 Radiance Firm Day Cream - 100ml (Kem dưỡng căng bóng, chống lão hóa da ban ngày)",1650000,%,1650000,"Christina - Line Repair -7 Radiance Firm Day Cream - 100ml (Kem dưỡng căng bóng, chống lão hóa da ban ngày)
Chỉ định: Mọi đối tượng khách hàng, mọi type da từ 16 tuổi trở lên. Lý tưởng nhất cho các tình trạng da:
1/ Chăm sóc cơ bản, dưỡng ẩm, ngăn ngừa lão hoá da hàng tuần.
2/ Sau treatment - điều trị da bằng công nghệ cao, peel, mesotherapy.
3/ Phục hồi làn da yếu, xỉn màu, thiếu sức sống.
4/ Làn da mong muốn đạt đến độ khoẻ mạnh, căng bóng.","Thành phần: 
- Radiance enhancer: tăng cường tuần hoàn máu và cung cấp oxy cho da, mang lại làn da sáng khỏe, sáng và đều màu hơn.
- Skin tighten: mang lại hiệu ứng làn da săn chắc nhanh chóng.
- Botanical hydrator: tăng lượng nước cho từng tế bào da, cải thiện sự mất nước.
- Moisture complex: dưỡng ẩm sâu, mang lại hiệu quả cân bằng độ ẩm, bất chấp thời tiết và khí hậu.

Công dụng: 
Kem dưỡng cao cấp giàu các thành phần hoạt tính độc đáo giúp dưỡng ẩm căng bóng, làm săn chắc da ban ngày. Sản phẩm chống lại sự mệt mỏi và uể oải, tăng cường năng lượng cho da suốt cả ngày. Cải thiện lưu thông máu và kết quả là làn da trở nên tươi sáng , đầy sức sống. Sản phẩm được tăng cường chất giữ ẩm thế hệ mới cung cấp dưỡng ẩm lâu dài tối đa, thoải mái và cải thiện độ đàn hồi.
Chỉ định: 
Chỉ định: Mọi đối tượng khách hàng, mọi type da từ 16 tuổi trở lên. Lý tưởng nhất cho các tình trạng da:
1/ Chăm sóc cơ bản, dưỡng ẩm, ngăn ngừa lão hoá da hàng tuần.
2/ Sau treatment - điều trị da bằng công nghệ cao, peel, mesotherapy.
3/ Phục hồi làn da yếu, xỉn màu, thiếu sức sống.
4/ Làn da mong muốn đạt đến độ khoẻ mạnh, căng bóng.
Hướng dẫn sử dụng: 
Thoa lên toàn bộ vùng mặt và cổ. Massage nhẹ nhàng đến khi tinh chất hoàn toàn thẩm thấu.
Dung tích: 100ML",https://vhndistribution.com/san-pham/7-kem-duong-ngay-radiance-firm-day-cream-100ml/,https://vhndistribution.com/wp-content/uploads/2023/04/6-18.png,None,False,False,True,
117,Christina,Christina - Line Repair - Glow-Oxygen Peel - 60ml (Peel da tăng cường oxy),1529000,%,1529000,"Christina - Line Repair - Glow-Oxygen Peel - 60ml (Peel da tăng cường oxy)
Độ tuổi từ 16 trở lên. Thích hợp với mọi loại da, đặc biệt: Da dầu, lỗ chân lông to, bề mặt thô sần, xỉn màu, thiếu sức sống, da cần căng bóng, da sau điều trị công nghệ cao.","Thành phần: 
- Sinh vật phù du  
- Keratolytic exfoliants   
- Chiết xuất cây phỉ

Công dụng: 
Làm mới làn da trông mệt mỏi. Enzyme thực vật loại bỏ tế bào chết, mang lại làn da mịn màng và đàn hồi. Công thức đặc biệt cải thiện quá trình kích thích sinh học giúp tăng cường lưu thông máu và chuyển hóa tế bào. Da nhận được sự tăng cường oxy và năng lượng để tái tạo. Nó làm sạch và ngay lập tức phục hồi vẻ ngoài rạng rỡ, sống động và trẻ trung hơn
Chỉ định: 
Độ tuổi từ 16 trở lên. Thích hợp với mọi loại da, đặc biệt: Da dầu, lỗ chân lông to, bề mặt thô sần, xỉn màu, thiếu sức sống, da cần căng bóng, da sau điều trị công nghệ cao.
Hướng dẫn sử dụng: 
Thoa một lớp lên da khô, sử dụng 1 lần/ tuần. Lưu lại trên da trong 3-5 phút. Sau đó rửa sạch mặt.
*LƯU Ý: Để tăng cường hiệu quả tẩy da chết, có thể sử dùng bông tẩy trang để lau sạch với các chuyển động tròn.
Dung tích: 60ML",https://vhndistribution.com/san-pham/gel-tay-te-bao-chet-kich-thich-nang-luong-lan-da-oxygen-peel-60ml/,https://vhndistribution.com/wp-content/uploads/2023/04/6-21.png,None,False,False,False,
118,Christina,Christina - Line Repair - Glow - Hydra Fusion Concentrate - 30ml (Huyết thanh cung cấp vitamin và độ ẩm),1947000,%,1947000,"Christina - Line Repair - Glow - Hydra Fusion Concentrate - 30ml (Huyết thanh cung cấp vitamin và độ ẩm)
Độ tuổi từ 16 trở lên. Thích hợp với mọi loại da đặc biệt: Da dầu, lỗ chân lông to, bề mặt thô sần, xỉn màu, thiếu sức sống, da cần căng bóng, da sau điều trị công nghệ cao.","Thành phần: 
- Niacinamide (vitamin B3)  
- Panthenol (vitamin B5)   
- Vitamin E 
- Chiết xuất dâu tằm  
- Botanical hydrator  
- Hyaluronic acid

Công dụng: 
Huyết thanh cô đặc cung cấp cho da các vitamin và độ ẩm lý tưởng giúp phục hồi, bảo vệ da chống lại các gốc tự do. Sản phẩm cải thiện hoạt động của tế bào, làm dịu, tăng cường năng lượng, giúp da thư thái, sáng và đều màu. Hoạt chất dưỡng, giữ ẩm mang lại độ ẩm lý tưởng, tăng cường độ sáng bóng tức thì của da.
Chỉ định: 
Độ tuổi từ 16 trở lên. Thích hợp với mọi loại da đặc biệt: Da dầu, lỗ chân lông to, bề mặt thô sần, xỉn màu, thiếu sức sống, da cần căng bóng, da sau điều trị công nghệ cao.
Hướng dẫn sử dụng: 
Thoa đều lên mặt và cổ, massage đến khi thẩm thấu hoàn toàn
Dung tích: 30ML",https://vhndistribution.com/san-pham/tinh-chat-co-dac-nuoi-duong-cang-bong-da-hydra-fusion-concentrate-30ml/,https://vhndistribution.com/wp-content/uploads/2023/04/5-18.png,None,False,False,False,
119,Christina,"Christina - Line Repair - Glow - Radiance Firm Day Cream - 60ml (Kem dưỡng căng bóng, chống lão hóa da ban ngày)",1496000,%,1496000,"Christina - Line Repair - Glow - Radiance Firm Day Cream - 60ml (Kem dưỡng căng bóng, chống lão hóa da ban ngày)
Độ tuổi từ 16 trở lên. Thích hợp với mọi loại da đặc biệt: Da dầu, lỗ chân lông to, bề mặt thô sần, xỉn màu, thiếu sức sống, da cần căng bóng, da sau điều trị công nghệ cao.","Thành phần: 
- Radiance enhancer
- Skin tightener  
- Botanical hydrator
- Moisture complex

Công dụng: 
Kem dưỡng cao cấp giàu các thành phần hoạt tính độc đáo giúp dưỡng ẩm căng bóng, làm săn chắc da ban ngày. Sản phẩm chống lại sự mệt mỏi và uể oải, tăng cường năng lượng cho da suốt cả ngày. Cải thiện lưu thông máu và kết quả là làn da trở nên tươi sáng, đầy sức sống. Sản phẩm được tăng cường chất giữ ẩm thế hệ mới cung cấp dưỡng ẩm lâu dài tối đa, thoải mái và cải thiện độ đàn hồi.
Chỉ định: 
Độ tuổi từ 16 trở lên. Thích hợp với mọi loại da đặc biệt: Da dầu, lỗ chân lông to, bề mặt thô sần, xỉn màu, thiếu sức sống, da cần căng bóng, da sau điều trị công nghệ cao.
Hướng dẫn sử dụng: 
Thoa đều lên mặt và cổ, vỗ nhẹ đến khi thẩm thấu hoàn toàn.
Dung tích: 60ML",https://vhndistribution.com/san-pham/kem-duong-cang-bong-chong-lao-hoa-da-ban-ngay-radiance-firm-day-cream-60ml/,https://vhndistribution.com/wp-content/uploads/2023/04/4-22.png,None,False,False,False,
120,Christina,"Christina - Line Repair - Glow - Radiance Reveal Serum - 30ml (Huyết thanh căng bóng, tái tạo da)",1760000,%,1760000,"Christina - Line Repair - Glow - Radiance Reveal Serum - 30ml (Huyết thanh căng bóng, tái tạo da)
Độ tuổi từ 16 trở lên. Thích hợp với mọi loại da đặc biệt: Da dầu, lỗ chân lông to, bề mặt thô sần, xỉn màu, thiếu sức sống, da cần căng bóng, da sau điều trị công nghệ cao.","Thành phần: 
- Glycolic & malic acids
- Chiết xuất nhân sâm
- Phytic acid 
- Chiết xuất Arnica - hoa họ cúc 

Công dụng: 
Alpha hydroxy acid và các hoạt chất thực vật mạnh mẽ phối hợp nhịp nhàng để tăng cường vẻ rạng rỡ trẻ trung và vẻ ngoài tươi sáng, đầy sức sống. Tinh chất thẩm thấu nhanh chóng thúc đẩy tái tạo tế bào mới, lý tưởng tạo độ căng bóng, cải thiện cấu trúc và bề mặt da.
Chỉ định: 
Độ tuổi từ 16 trở lên. Thích hợp với mọi loại da đặc biệt: Da dầu, lỗ chân lông to, bề mặt thô sần, xỉn màu, thiếu sức sống, da cần căng bóng, da sau điều trị công nghệ cao.
Hướng dẫn sử dụng: 
Thoa đều lên mặt cổ và vùng ức, massage đến khi thẩm thấu hoàn toàn
Dung tích: 30ML",https://vhndistribution.com/san-pham/huyet-thanh-cang-bong-tai-tao-da-radiance-reveal-serum-30ml/,https://vhndistribution.com/wp-content/uploads/2023/04/3-21.png,None,False,False,False,"- Serum tăng cường độ mịn màng cho da, giảm dày sừng nhờ thành phần AHA
- Xu hướng trong chăm sóc da sử dụng acid peel dạng serum đem lại sự dịu nhẹ và dễ dàng trong sử dụng.
- Phù hợp sử dụng ban đêm, chú ý chống nắng và bảo vệ da ban ngày"
121,Christina,"Christina - Line Repair - Glow - Satin Smooth Night Cream - 50ml (Kem dưỡng căng bóng, tái tạo da ban đêm)",1360000,%,1360000,"Christina - Line Repair - Glow - Satin Smooth Night Cream - 50ml (Kem dưỡng căng bóng, tái tạo da ban đêm)
Độ tuổi từ 16 trở lên. Thích hợp với mọi loại da đặc biệt: Da dầu, lỗ chân lông to, bề mặt thô sần, xỉn màu, thiếu sức sống, da cần căng bóng, da sau điều trị công nghệ cao.","Thành phần: 
- Energy booster
- Pore minimizer - hoạt chất se nhỏ lỗ chân lông
- Chiết xuất tảo bẹ
- Cupuacu butter

Công dụng: 
Kem mịn như nhung với hợp chất tăng cường năng lượng tế bào cùng hạt lanh và hạt cần tây, làm trẻ hóa kết cấu tổng thể, thúc đẩy độ đàn hồi và tối ưu hóa quá trình dưỡng ẩm. Các hoạt chất cung cấp năng lượng làm tăng mức ATP để da có kết cấu săn chắc hơn, vẻ ngoài săn chắc, căng mượt và trẻ trung vào buổi sáng thức giấc.
Chỉ định: 
Độ tuổi từ 16 trở lên. Thích hợp với mọi loại da đặc biệt: Da dầu, lỗ chân lông to, bề mặt thô sần, xỉn màu, thiếu sức sống, da cần căng bóng, da sau điều trị công nghệ cao.
Hướng dẫn sử dụng: 
Thoa đều lên mặt cổ và vùng ức, massage đến khi thẩm thấu hoàn toàn
Dung tích: 50ML",https://vhndistribution.com/san-pham/kem-duong-cang-bong-tai-tao-da-ban-dem-satin-smooth-night-cream-50ml/,https://vhndistribution.com/wp-content/uploads/2023/04/2-21.png,None,False,False,False,
122,Christina,"Christina - Line Repair - Glow - Light Capture Eye Cream - 30ml (Kem dưỡng ẩm, giảm quầng thâm và bọng mắt)",1760000,%,1760000,"Christina - Line Repair - Glow - Light Capture Eye Cream - 30ml (Kem dưỡng ẩm, giảm quầng thâm và bọng mắt)
Dùng chăm sóc và bảo vệ vùng da mắt. Phù hợp tình trạng da có nếp nhăn, bọng mắt, quầng thâm, nếp nhăn mắt.","Thành phần: 
- Eye beautifier
- Superoxide dismutase 
- Skin tightener
- Botanical hydrator
- Centella asiatica 

Công dụng: 
Kem sử dụng công nghệ sinh học tiên tiến, chống lại sự mệt mỏi và các dấu hiệu lão hóa vùng da mắt. Kết hợp gạo và peptide đậu nành hoạt động như chất căng tự nhiên tức thì. Giảm bọng mắt, làm sáng vùng thâm quầng mắt và phục hồi vẻ ngoài rạng rỡ, đồng thời dưỡng ẩm làm mờ nếp nhăn.
Chỉ định: 
Dùng chăm sóc và bảo vệ vùng da mắt. Phù hợp tình trạng da có nếp nhăn, bọng mắt, quầng thâm, nếp nhăn mắt.
Hướng dẫn sử dụng: 
Thoa một lớp quanh mắt và massage đến khi thẩm thấu hoàn toàn.
Dung tích: 30ML",https://vhndistribution.com/san-pham/kem-duong-am-giam-quang-tham-va-bong-mat-light-capture-eye-cream-30ml/,https://vhndistribution.com/wp-content/uploads/2023/04/1-25.png,None,False,False,False,
123,Christina,Christina - Line Repair -1 Moisturizing Micellar Milk - 300ml (Sữa tẩy trang sạch sâu và cấp ẩm tức thì),990000,%,990000,"Christina - Line Repair -1 Moisturizing Micellar Milk - 300ml (Sữa tẩy trang sạch sâu và cấp ẩm tức thì)
Độ tuổi từ 16 trở lên. Thích hợp với mọi loại da: Chăm sóc cơ bản dưỡng ẩm, ngăn ngừa lão hóa. Da sau trị liệu điều trị bằng công nghệ cao. Da yếu, xỉn màu, thiếu sức sống. Làn da mong muốn đạt đến độ khỏe mạnh, căng bóng.","Thành phần: 
- Hạt micelle: làm sạch các chất trang điểm một cách an toàn và không gây kích ứng da.
- Chiết xuất hoa xà phòng: làm sạch dịu nhẹ, không gây kích ứng.
- Chiết xuất hoa cúc: kháng khuẩn và chống viêm cho da.
- 3D moisture: tăng khả năng giữ ẩm cho da.
Công dụng: 
Làm sạch da mặt, cổ. Kết hợp chất làm sạch và chiết xuất  hoa xà phòng để làm sạch lớp trang điểm và tạp chất. Làm dịu và dưỡng ẩm, thúc đẩy sự tươi mát và độ đàn hồi.
Chỉ định: 
Độ tuổi từ 16 trở lên. Thích hợp với mọi loại da: Chăm sóc cơ bản dưỡng ẩm, ngăn ngừa lão hóa. Da sau trị liệu điều trị bằng công nghệ cao. Da yếu, xỉn màu, thiếu sức sống. Làn da mong muốn đạt đến độ khỏe mạnh, căng bóng.
Hướng dẫn sử dụng: 
Lấy 1ml thoa đều lên mặt và cổ, thoa đều bằng các vòng tròn nhỏ. Sau đó nhũ hóa và rửa lại sạch bằng nước.
Dung tích: 300ML",https://vhndistribution.com/san-pham/sua-tay-trang-sach-sau-va-cap-am-tuc-thi-moisturizing-micellar-milk-350ml-coming-soon/,https://vhndistribution.com/wp-content/uploads/2024/06/LR_GLOW_milk_300ml.jpg,None,False,False,True,
124,Christina,Christina - Line Repair - Hydra - AHA-BHA Active Cleanser - 250ml (Sữa rửa mặt làm sạch sâu có chứa AHA - BHA),1089000,%,1089000,"Christina - Line Repair - Hydra - AHA-BHA Active Cleanser - 250ml (Sữa rửa mặt làm sạch sâu có chứa AHA - BHA)
Độ tuổi từ 16 trở lên. Thích hợp với mọi loại da đặc biệt: Da dầu, da hỗn hợp, da lão hóa, lỗ chân lông to, bề mặt thô sần, xỉn màu, thiếu sức sống.","Thành phần: 
- Glycolic, citric & salicylic acids
- Chiết xuất trà xanh. 
- Chiết xuất từ cây kim sa và dưa chuột 

Công dụng: 
Sữa rửa mặt có tính acid được thiết kế để làm sạch triệt để. AHA tẩy tế bào chết khỏi lớp sừng. BHA thâm nhập vào tận sâu lỗ chân lông, giải phóng tế bào chết và bã nhờn tích tụ ở đó. Chiết xuất chống viêm làm dịu, trong khi trà xanh giải độc và bảo vệ da ngay trong bước làm sạch. Làn da sáng, sạch và mềm mại ngay sau khi sử dụng.
Chỉ định: 
Độ tuổi từ 16 trở lên. Thích hợp với mọi loại da đặc biệt: Da dầu, da hỗn hợp, da lão hóa, lỗ chân lông to, bề mặt thô sần, xỉn màu, thiếu sức sống.
Hướng dẫn sử dụng: 
Sử dụng lượng vừa đủ massage nhẹ nhàng lên vùng mặt và cổ. Làm sạch lại với nước ấm/ nước mát.
Dung tích: 250ML",https://vhndistribution.com/san-pham/sua-rua-mat-lam-sach-sau-co-chua-aha-bha-aha-bha-active-cleanser-250ml/,https://vhndistribution.com/wp-content/uploads/2023/04/6-20.png,None,False,False,False,
125,Christina,Christina - Line Repair - Hydra - Lactic Active Toner - 300ml (Nước cân bằng tăng cường dưỡng ẩm),1210000,%,1210000,"Christina - Line Repair - Hydra - Lactic Active Toner - 300ml (Nước cân bằng tăng cường dưỡng ẩm)
Độ tuổi từ 16 trở lên. Thích hợp với mọi loại da đặc biệt: Da dầu, da hỗn hợp, da lão hóa, lỗ chân lông to, bề mặt thô sần, xỉn màu, thiếu sức sống.","Thành phần: 
- Lactic acid
- Aquaderm 
- Chiết xuất chlorella vulgaris
- Arnica
- Chiết xuất Hamamelis (Hạt phỉ)
Công dụng: 
Hỗn hợp các hoạt chất dưỡng ẩm thực vật và lactic acid hoàn thành quá trình làm sạch. Giúp da tươi mới, đàn hồi và thoải mái. Hỗ trợ sự thẩm thấu trọn vẹn của các bước dưỡng chất về sau.
Chỉ định: 
Độ tuổi từ 16 trở lên. Thích hợp với mọi loại da đặc biệt: Da dầu, da hỗn hợp, da lão hóa, lỗ chân lông to, bề mặt thô sần, xỉn màu, thiếu sức sống.
Hướng dẫn sử dụng: 
Lấy một vài giọt toner ra bông cotton, lau nhẹ nhàng lên da.
Dung tích: 300ML",https://vhndistribution.com/san-pham/nuoc-can-bang-tang-cuong-duong-am-lactic-active-toner-300ml/,https://vhndistribution.com/wp-content/uploads/2023/04/5-16.png,None,False,False,False,
126,Christina,"Christina - Line Repair - Hydra - Theraskin + HA - 30ml (Huyết thanh cấp nước, nuôi dưỡng tế bào và chống lão hóa da)",1280000,%,1280000,"Christina - Line Repair - Hydra - Theraskin+HA - 30ml (Huyết thanh cấp nước, nuôi dưỡng tế bào và chống lão hóa da)
Phù hợp với mọi loại da.","Thành phần: 
- Hyaluronic acid
- Hygroplex 
- Chất làm mịn các nếp nhăn
Công dụng: 
Là huyết thanh dưỡng ẩm chứa HA cao cấp nhất của nhãn hàng Christina. Huyết thanh dưỡng ẩm và chống lão hóa mạnh mẽ dựa trên thành phần hyaluronic acid và NMF giúp liên kết các phân tử nước với da, tăng cường chất dưỡng ẩm tự nhiên, giữ nước hiệu quả ở các lớp của da, duy trì độ ẩm tối ưu lâu dài. Làm đầy đặn làn da, giúp da đàn hồi và căng bóng.
Chỉ định: 
Phù hợp với mọi loại da.
Hướng dẫn sử dụng: 
Bơm một vài giọt và thoa đều lên mặt cổ và vùng ức, massage đến khi thẩm thấu hoàn toàn
Dung tích: 30ML",https://vhndistribution.com/san-pham/huyet-thanh-cap-nuoc-nuoi-duong-te-bao-va-chong-lao-hoa-da-theraskin-ha-50ml/,https://vhndistribution.com/wp-content/uploads/2023/04/4-20.png,None,False,False,False,"1. HA Line Repair - Serum chứa HA đầu tiên trên thế giới đến từ nhãn hàng Christina từ năm 1985
2. Chứa HA đa phân tử: kích thước lớn, trung bình, nhỏ: Tác động đa tầng, vừa mang hiệu quả nhanh chóng trên bề mặt, vừa thẩm thấu sâu mang hiệu quả lâu dài.
3. Công thức kết hợp HA đa phân tử cùng phức hợp thực vật, ngoài hiệu quả giữ ẩm sâu và lâu, còn mang lại những công dụng tuyệt vời:
+ Chiết xuất cây họ cúc (Spilathes Acmella) với đặc tính kháng khuẩn, giảm viêm da
+ Chiết xuất từ nấm rơm, hỗ trợ se khít lỗ chân lông giúp da trông mềm mịn, đồng đều kết cấu
+ Chiết xuất cây lụa Ba tư cùng Cúc la mã với các đặc tính kháng viêm, làm dịu, chống lão hóa, kích thích miễn dịch. 
+ AHA với tỉ lệ cân bằng tạo độ căng bóng trên bề mặt tức thì khi sử dụng
-> Hiệu quả toàn diện: CẤP  NƯỚC, DƯỠNG ẨM SÂU, GIẢM VIÊM, LÀM DỊU, CĂNG BÓNG DA
4. Serum lỏng thẩm thấu nhanh, không bết dính tạo độ căng bóng tức thì trên bề mặt.
5. Ứng dụng kê đơn sản phẩm trên tất cả các phác đồ: dưỡng ẩm nền cho mọi loại da: dưỡng ẩm, nám, trẻ hóa, mụn.
Sử dụng sau các liệu trình peel , meso, công nghệ cao..."
127,Christina,Christina - Line Repair - Hydra - Collagen Elastin - 60ml (Kem dưỡng ẩm cấp nước và chống lão hóa da),1155000,%,1155000,"Christina - Line Repair - Hydra - Collagen Elastin - 60ml (Kem dưỡng ẩm cấp nước và chống lão hóa da)
Thích hợp với mọi loại da đặc biệt: Da thường, da thiếu ẩm, da thiếu độ đàn hồi, da lão hóa.","Thành phần: 
- Marine collastin blend
- Marine barrier rest
- 3luronic acid

Công dụng: 
Kem dưỡng ẩm nhẹ, dễ dàng hấp thụ, không để lại bất kỳ dư lượng nhờn nào. Kết hợp các hoạt chất có nguồn gốc từ biển và chiết xuất thực vật giúp phục hồi nguồn nước tối ưu trong da, làm mờ nếp nhăn và làm mịn da.
Chỉ định: 
Thích hợp với mọi loại da đặc biệt: Da thường, da thiếu ẩm, da thiếu độ đàn hồi, da lão hóa.
Hướng dẫn sử dụng: 
Thoa đều lên mặt cổ và vùng ức, massage đến khi thẩm thấu hoàn toàn
Dung tích: 60ML",https://vhndistribution.com/san-pham/kem-duong-am-cap-nuoc-va-chong-lao-hoa-da-elastin-collagen-60ml/,https://vhndistribution.com/wp-content/uploads/2023/04/3-20.png,None,False,False,False,"1. Kem dưỡng da chống lão hóa với Collagen, Elastin thủy phân và retinyl palmitate (retinol dạng ester)
2. Chống oxy hóa, làm dịu và đều màu da với chiết xuất lá dâu gấu, panthenol, hoa cúc La mã
3. Kem dưỡng chứa lợi khuẩn lên men"
128,Christina,Christina - Line Repair - Hydra - Lactic Night Repair - 60ml (Kem dưỡng ẩm làm săn chắc và sáng da ban đêm),1760000,%,1760000,"Christina - Line Repair - Hydra - Lactic Night Repair - 60ml (Kem dưỡng ẩm làm săn chắc và sáng da ban đêm)
Thích hợp với mọi loại da đặc biệt: Da thường, da thiếu ẩm, da thiếu độ đàn hồi, da lão hóa.","Thành phần: 
- Lactic acid
- Hydroviton  
- Niacinamide
- Chiết xuất hoa phong lan và hoa mộc lan

Công dụng: 
Kem dưỡng da ban đêm 10% lactic acid kết hợp với các thành phần dưỡng ẩm giúp phục hồi cấu trúc và tông màu da, tăng độ đàn hồi và mang lại làn da mịn màng, rạng rỡ.

Chỉ định: 
Thích hợp với mọi loại da đặc biệt: Da thường, da thiếu ẩm, da thiếu độ đàn hồi, da lão hóa.
Hướng dẫn sử dụng: 
Thoa đều lên mặt cổ và vùng ức, massage đến khi thẩm thấu hoàn toàn
Dung tích: 60ML",https://vhndistribution.com/san-pham/kem-duong-am-lam-san-chac-va-sang-da-ban-dem-lactic-night-repair-60ml/,https://vhndistribution.com/wp-content/uploads/2023/04/2-20.png,None,False,False,False,
129,Christina,"Christina - Line Repair - Hydra - Lactic Intense Peel - 50ml (Tẩy da chết làm sạch sâu, làm sáng da)",1380000,%,1380000,"Christina - Line Repair - Hydra - Lactic Intense Peel - 50ml (Tẩy da chết làm sạch sâu, làm sáng da)
Độ tuổi từ 16 trở lên. Thích hợp với mọi loại da đặc biệt: Da dầu, da hỗn hợp, da lão hóa, lỗ chân lông to, bề mặt thô sần, xỉn màu, thiếu sức sống.","Thành phần: 
- Lactic acid
- Hydroviton
- Chiết xuất cam thảo
- Vitamin C

Công dụng: 
10% lactic acid tăng cường sự đổi mới tế bào và mang lại làn da rạng rỡ và đàn hồi. Vitamin C thúc đẩy làn da đều màu và cho làn da tươi tắn, tràn đầy sức sống. Hỗ trợ sự thẩm thấu dưỡng chất tối ưu cho da.
Chỉ định: 
Độ tuổi từ 16 trở lên. Thích hợp với mọi loại da đặc biệt: Da dầu, da hỗn hợp, da lão hóa, lỗ chân lông to, bề mặt thô sần, xỉn màu, thiếu sức sống.
Hướng dẫn sử dụng: 
Thoa một lớp lên da đã được làm sạch, sử dụng 2 lần/ tuần. Lưu trên da từ 5-7 phút, sau đó rửa sạch lại với nước.
Dung tích: 50ML",https://vhndistribution.com/san-pham/tay-da-chet-lam-sach-sau-lam-sang-da-lactic-intense-peel-50ml/,https://vhndistribution.com/wp-content/uploads/2023/04/1-24.png,None,False,False,False,
130,Christina,"Christina - Line Repair - Hydra - HA Eye & Neck - 30ml (Serum cấp nước, dưỡng ẩm cho mắt và cổ)",N/A,%,N/A,"Christina - Line Repair - Hydra - HA Eye & Neck - 30ml (Serum cấp nước, dưỡng ẩm cho mắt và cổ)
-  Sử dụng cho chăm sóc da vùng mắt và cổ hằng ngày, từ 16 tuổi.
","Thành phần: 
- Eye beautifier: phục hồi elastin bảo vệ các sợi elastin khỏi bị hư hại và cải thiện độ đàn hồi của da.
- Hyaluronic acid: cấp ẩm chuyên sâu
- Bearberry extract : làm sáng vùng da quanh mắt

Công dụng: 
Giảm nếp nhăn và cấp ẩm, làm sáng vùng da quanh mắt.
Chỉ định: 
-  Sử dụng cho chăm sóc da vùng mắt và cổ hằng ngày, từ 16 tuổi.

Hướng dẫn sử dụng: 
Thoa một lớp mỏng lên trên vùng da mặt,cổ và massage đến khi thẩm thấu hoàn toàn
Dung tích: 30ML",N/A,N/A,None,False,False,False,
131,Christina,"Christina - Line Repair - Hydra - Orchid Hydration Mask - 60ml (Mặt nạ siêu dưỡng sửa chữa liên kết tế bào, xóa mờ nếp nhăn)",N/A,%,N/A,"Christina - Line Repair - Hydra - Orchid Hydration Mask - 60ml (Mặt nạ siêu dưỡng sửa chữa liên kết tế bào, xóa mờ nếp nhăn)
-  Sử dụng cho chăm sóc da vùng mặt 1-2 lần/ tuần, từ 16 tuổi.
","Thành phần: 
- Elastin repair active: phục hồi elastin bảo vệ các sợi elastin khỏi bị hư hại và cải thiện độ đàn hồi của da.
- Encapsulated HA: cấp ẩm chuyên sâu
- Orchid flower and magnolia bark extracts: gia tăng sự tổng hợp collagen
Công dụng: 
Mặt nạ siêu dưỡng ẩm tăng sinh Collagen và mang đến làn da săn chắc, ngăn ngừa lão hoá.

Chỉ định: 
-  Sử dụng cho chăm sóc da vùng mặt 1-2 lần/ tuần, từ 16 tuổi.

Hướng dẫn sử dụng: 
Thoa một lớp mỏng lên trên vùng da mặt và cổ, lưu lại trên da 10 phút sau đó lau sạch lại với nước.
Dung tích: 60ML",N/A,N/A,None,False,False,False,
132,Christina,"Christina - Line Repair - Hydra - Gingseng Cream - 50ml (Kem dưỡng ẩm, chống lão hóa da)",1419000,%,1419000,"Christina - Line Repair - Hydra - Gingseng Cream - 50ml (Kem dưỡng ẩm, chống lão hóa da)
Độ tuổi từ 16 trở lên. Thích hợp với mọi loại da đặc biệt: Da hỗn hợp, da khô đến rất khô, da lão hóa, lỗ chân lông to, bề mặt thô sần, xỉn màu, thiếu sức sống.","Thành phần: 
- Chiết xuất nhân sâm panax
- Squalene
- Vitamin C ổn định

Công dụng: 
Kem dưỡng được bổ sung với lipid thiết yếu, chất chống oxy hóa, vitamin, Squalene và các chất dinh dưỡng khác. Sản phẩm chống lại tác hại của các gốc tự do, làm mịn kết cấu bề mặt, dưỡng ẩm sâu và lâu dài cho da. Kem dưỡng với khả năng làm dịu, cấp ẩm toàn diện, lý tưởng phục hồi da sau treatment, các liệu trình công nghệ cao, meso...
Chỉ định: 
Độ tuổi từ 16 trở lên. Thích hợp với mọi loại da đặc biệt: Da hỗn hợp, da khô đến rất khô, da lão hóa, lỗ chân lông to, bề mặt thô sần, xỉn màu, thiếu sức sống.
Hướng dẫn sử dụng: 
Thoa kem lên da sau khi làm sạch và thoa tinh chất. Có thể dùng cả ngày và đêm.
Dung tích: 50ML",N/A,N/A,None,False,False,False,
133,Christina,"Christina - Line Repair - Fix - Hydra Perfect - 30ml (Huyết thanh dưỡng ẩm, tăng cường độ săn chắc da)",1826000,%,1826000,"Christina - Line Repair - Fix - Hydra Perfect - 30ml (Huyết thanh dưỡng ẩm, tăng cường độ săn chắc da)
Độ tuổi từ 16 trở lên. Thích hợp với mọi loại da đặc biệt: Da hỗn hợp, da khô đến rất khô, da lão hóa, lỗ chân lông to, bề mặt thô sần, xỉn màu, thiếu sức sống.","Thành phần: 
- Isomerate saccharide 
- Hyaluronic acid
- Hạt phỉ + chiết xuất cảm thảo  


Công dụng: 
Huyết thanh dưỡng ẩm mạnh mẽ với hyaluronic acid. Đảm bảo giữ nước lâu dài, cho làn da căng mọng từ bên trong. Tăng cường độ săn chắc, làm chậm sự xuất hiện của đường nhăn và nếp nhăn. Điều trị mẩn đỏ và giảm kích ứng.

Chỉ định: 
Độ tuổi từ 16 trở lên. Thích hợp với mọi loại da đặc biệt: Da hỗn hợp, da khô đến rất khô, da lão hóa, lỗ chân lông to, bề mặt thô sần, xỉn màu, thiếu sức sống.
Hướng dẫn sử dụng: 
Thoa vài giọt tinh chất lên mặt cổ và vùng ức đã được làm sạch, massage đến khi thẩm thấu hoàn toàn
Dung tích: 30ML",https://vhndistribution.com/san-pham/huyet-thanh-duong-am-tang-cuong-do-san-chac-da-hydra-perfect-30ml/,https://vhndistribution.com/wp-content/uploads/2023/04/1-23.png,None,False,False,False,"- Serum HA cấp ẩm kết hợp với bảo vệ da nhờ các chiết xuất thực vật như cây Phỉ, Cam thảo, rau má
- Độ nhớt cao đáp ứng thị hiếu của đa số khách hàng sử dụng serum cấp ẩm chứa HA"
134,Christina,Christina - Line Repair - Fix - Antioxidant Assist SPF-50 - 50ml (Kem dưỡng chống lão hóa và bảo vệ da ban ngày),1680000,%,1680000,"Christina - Line Repair - Fix - Antioxidant Assist SPF-50 - 50ml (Kem dưỡng chống lão hóa và bảo vệ da ban ngày)
Độ tuổi từ 25 trở lên. Thích hợp với mọi loại da đặc biệt: Da khô, thiếu ẩm, xỉn màu, da lão hóa sớm.","Thành phần: 
- Bộ lọc UV 
- Chiết xuất rau má
- Resveratrol  
- Hyaluronic acid

Công dụng: 
Kem dưỡng da hàng ngày giúp cung cấp nước, giữ ẩm cho da và bảo vệ da khỏi tác hại của ánh nắng mặt trời với chỉ số chống nắng tối ưu. Trung hòa các vết mẩn đỏ, ngăn ngừa tổn thương do oxy hóa và giúp da sáng khỏe.
Chỉ định: 
Độ tuổi từ 25 trở lên. Thích hợp với mọi loại da đặc biệt: Da khô, thiếu ẩm, xỉn màu, da lão hóa sớm.
Hướng dẫn sử dụng: 
Thoa đều lên mặt và cổ, vỗ nhẹ đến khi thẩm thấu hoàn toàn.
Dung tích: 60ML",https://vhndistribution.com/san-pham/kem-duong-chong-lao-hoa-va-bao-ve-da-ban-ngay-antioxidant-assist-spf-50-60ml/,https://vhndistribution.com/wp-content/uploads/2023/04/2-18.png,None,False,False,False,"1. Kem dưỡng da ban ngày chống Oxy hoá chứa chỉ số chống nắng cao, giúp bảo vệ da hoàn hảo trong thời gian ban ngày, 
2. Công thức độc đáo gồm những thành phần hoạt chất phù hợp với làn da lão hoá sớm, tối xỉn và thiếu ẩm.
+ Resveratrol: Thành phần chống lão hoá mạnh mẽ có nhiều trong rượu vang và quả mọng, mang lại hiệu quả chống Oxy hoá mạnh mẽ, kích thích sản sinh collagen, từ đó cải thiện tình trạng da không đều màu, dưỡng trắng và tăng độ đàn hồi cho làn da.
+ Chiết xuất Rau má: Mang đến cảm giác dịu mát cho làn da, làm dịu da, giảm đỏ, và làm giảm tình trạng kích ứng trên da.
+ Hyaluronic Acid: Cung cấp độ ẩm cho làn da, làm căng đầy bề mặt da, giảm những nếp nhăn mờ li ti.
+ Bột lọc UV: Chống lại các tác hại của tia UV lên trên làn da. 
3. Chất kem dễ dàng lan toả, tạo độ căng bóng và bắt sáng. "
135,Christina,Christina - Line Repair - Fix - Retinol E active cream - 30ml (Kem dưỡng Retinol cải thiện lão hóa da toàn diện),2068000,%,2068000,"Christina - Line Repair - Fix - Retinol E active cream - 30ml (Kem dưỡng Retinol cải thiện lão hóa da toàn diện)
Độ tuổi từ 25 trở lên. Thích hợp với mọi loại da đặc biệt: Da dầu, da hỗn hợp, da thiếu sức sống, da xỉn màu, da lão hóa sớm.","Thành phần: 
- Retinol
- Vitamin E acetate 
- Ascorbyl tetraisopalmitate

Công dụng: 
Một loại kem không chứa hương thơm, chứa retinol dành cho mọi loại da, được thiết kế để phục hồi da mặt và cổ. Ngay lập tức thẩm thấu sâu vào da để làm săn chắc và nâng cơ, giảm thiểu và làm phẳng các nếp nhăn và sẹo sau mụn. Thúc đẩy làn da đều màu, rạng rỡ.
Chỉ định: 
Độ tuổi từ 25 trở lên. Thích hợp với mọi loại da đặc biệt: Da dầu, da hỗn hợp, da thiếu sức sống, da xỉn màu, da lão hóa sớm.
Hướng dẫn sử dụng: 
Thoa đều lên mặt và cổ, vỗ nhẹ đến khi thẩm thấu hoàn toàn.
Dung tích: 60ML",https://vhndistribution.com/san-pham/kem-duong-retinol-cai-thien-lao-hoa-da-toan-dien-retinol-active-cream-60ml/,https://vhndistribution.com/wp-content/uploads/2023/11/RETINOL-E-ACTIVE-CREAM.png,None,False,False,False,
136,Christina,Christina - Line Repair - Fix - Complete Renewal - 30ml (Kem dưỡng cải thiện lão hoá da toàn diện),1705000,%,1705000,"Christina - Line Repair - Fix - Complete Renewal - 30ml (Kem dưỡng cải thiện lão hoá da toàn diện)
Độ tuổi từ 25 trở lên. Thích hợp với mọi loại da đặc biệt: Da dầu, da hỗn hợp, da thiếu sức sống, da xỉn màu, da lão hóa sớm.","Thành phần: 
- Ascorbyl tetraisopalmitate  
- Glycolic acid 
- Hyaluronic acid
- Fomes officinalis 

Công dụng: 
Kem trẻ hóa được thiết kế để giảm khả năng hiển thị của các đường nhăn và nếp nhăn, đồng thời thu nhỏ các lỗ chân lông to. Thúc đẩy khả năng phục hồi da tổng thể và làm đều màu da để có làn da tươi sáng và mịn màng hơn.

Chỉ định: 
Độ tuổi từ 25 trở lên. Thích hợp với mọi loại da đặc biệt: Da dầu, da hỗn hợp, da thiếu sức sống, da xỉn màu, da lão hóa sớm.
Hướng dẫn sử dụng: 
Thoa đều lên mặt và cổ, vỗ nhẹ đến khi thẩm thấu hoàn toàn.
Dung tích: 50ML",https://vhndistribution.com/san-pham/kem-duong-cai-thien-lao-hoa-da-toan-dien-complete-renewal-50ml/,https://vhndistribution.com/wp-content/uploads/2023/11/COMPLETE-RENEWAL.png,None,False,False,False,
137,Christina,Christina - Line Repair - Fix - Retinol E Eye Cream - 30ml (Kem dưỡng mắt Retinol E),2068000,%,2068000,"Christina - Line Repair - Fix - Retinol E Eye Cream - 30ml (Kem dưỡng mắt Retinol E)
Dùng chăm sóc và bảo vệ vùng da mắt. Phù hợp tình trạng da có nếp nhăn, bọng mắt, quầng thâm, nếp nhăn mắt.","Thành phần: 
- Retinol
- Eye -Care 
- Tri-HA
- Vitamin E acetate 
Công dụng: 
Kem dưỡng mắt hoạt tính dựa trên retinol, điều chỉnh đáng kể các dấu hiệu lão hóa có thể nhìn thấy. Cải thiện độ đàn hồi, giảm bọng mắt, làm sáng quầng thâm, làm mờ nếp nhăn. Thúc đẩy một cái nhìn trẻ trung và sáng sủa hơn.
Chỉ định: 
Dùng chăm sóc và bảo vệ vùng da mắt. Phù hợp tình trạng da có nếp nhăn, bọng mắt, quầng thâm, nếp nhăn mắt.
Hướng dẫn sử dụng: 
Thoa đều lên vùng da xung quanh mắt và massage đến khi sản phẩm thẩm thấu hoàn toàn.
Dung tích: 30ML",https://vhndistribution.com/san-pham/kem-duong-mat-retinol-e-retinol-e-eye-cream-30ml/,https://vhndistribution.com/wp-content/uploads/2023/06/Line-Repair-Fix-Retinol-E-Eye-Cream-30.png,None,False,False,False,
138,Christina,"Christina - Line Repair - Fix - HA Repair Mask - 60ml (Mặt nạ dưỡng chất phục hồi sức sống, tăng sinh liên kết, tái tạo tế bào da mới)",N/A,%,N/A,"Christina - Line Repair - Fix - HA Repair Mask - 60ml (Mặt nạ dưỡng chất phục hồi sức sống, tăng sinh liên kết, tái tạo tế bào da mới)
-  Lý tưởng cho da từ 25 tuổi
- Da lão hóa sớm, da thiếu ẩm, mất nước","Thành phần: 
- Hydroxypinacolone Retinoate (HPR) 
- Marine EGF: củng cố tính toàn vẹn cấu trúc và tính linh hoạt của da, đồng thời tăng cường sự liên kết của biểu bì và chức năng hàng rào.
- Tri-luronic Acid 
- Vitamin E acetate 

Công dụng: 
Mặt nạ làm dịu, phục hồi, cấp ẩm phù hợp với tình trạng da thiếu ẩm, da lão hóa sớm. Mong muốn cải thiện độ ẩm, độ đàn hồi trên bề mặt tức thì giúp làn da trở lên tươi sáng hơn.
Chỉ định: 
-  Lý tưởng cho da từ 25 tuổi
- Da lão hóa sớm, da thiếu ẩm, mất nước
Hướng dẫn sử dụng: 
Thoa một lớp mỏng lên trên vùng da mặt và cổ, lưu lại trên da 10 phút sau đó lau sạch lại với nước.
Dung tích: 60ML",N/A,N/A,None,False,False,False,
139,Christina,Christina - Line Repair - Firm - Blue Daisy Cleanser - 300ml (Sữa rửa mặt dịu nhẹ chống lão hoá da),1089000,%,1089000,"Christina - Line Repair - Firm - Blue Daisy Cleanser - 300ml (Sữa rửa mặt dịu nhẹ chống lão hoá da)
Độ tuổi từ 30 trở lên. Thích hợp với mọi loại da đặc biệt: Da có những dấu hiệu lão hoá sớm như da khô, mất nước, xuất hiện nếp nhăn li ti...","Thành phần: 
- Aquaderm 
- Decyl glucoside
- Chiết xuất hoa cúc xanh (Globularia Alypum)

Công dụng: 
Sữa rửa mặt có tính dưỡng ẩm loại bỏ cặn trang điểm và tạp chất mà không làm mất đi độ ẩm cần thiết của da. Giúp da ngậm nước và mịn màng.
Chỉ định: 
Độ tuổi từ 30 trở lên. Thích hợp với mọi loại da đặc biệt: Da có những dấu hiệu lão hoá sớm như da khô, mất nước, xuất hiện nếp nhăn li ti...
Hướng dẫn sử dụng: 
Sử dụng lượng vừa đủ massage nhẹ nhàng lên vùng mặt và cổ. Làm sạch lại với nước ấm.
Dung tích: 300ML",N/A,N/A,None,False,False,False,
140,Christina,Christina - Line Repair - Firm - Forever Youth Serum - 30ml (Serum đổi mới và trẻ hoá da),1760000,%,1760000,"Christina - Line Repair - Firm - Forever Youth Serum - 30ml (Serum đổi mới và trẻ hoá da)
Độ tuổi từ 30 trở lên. Thích hợp với mọi loại da đặc biệt: Da có những dấu hiệu lão hoá sớm như da khô, mất nước, xuất hiện nếp nhăn li ti...","Thành phần: 
- Chất kích thích khoáng chất tế bào
- Dermochlorella, chất phục hồi da  
- Chất tăng cường độ đàn hồi da
Công dụng: 
Giàu các hoạt chất mạnh mẽ, cải thiện độ đàn hồi và khối lượng, làm căng da để có vẻ ngoài săn chắc, rạng rỡ và trẻ trung hơn.

Chỉ định: 
Độ tuổi từ 30 trở lên. Thích hợp với mọi loại da đặc biệt: Da có những dấu hiệu lão hoá sớm như da khô, mất nước, xuất hiện nếp nhăn li ti...
Hướng dẫn sử dụng: 
Thoa một lớp lên vùng mặt và cổ, massage nhẹ nhàng đến khi thẩm thấu hoàn toàn vào da.
Dung tích: 30ML",https://vhndistribution.com/san-pham/serum-tai-tao-va-tre-hoa-da-forever-youth-serum-30ml/,https://vhndistribution.com/wp-content/uploads/2024/06/LR_FIRM_Forever-Youth-Serum_lux_30ml.jpg,None,False,False,False,
141,Christina,"Christina - Line Repair - Firm - Daytime Guard SPF 50 - 60ml (Kem ngày dưỡng ẩm, trẻ hoá và bảo vệ da với chỉ số SPF50)",N/A,%,N/A,"Christina - Line Repair - Firm - Daytime Guard SPF 50 - 60ml (Kem ngày dưỡng ẩm, trẻ hoá và bảo vệ da với chỉ số SPF50)
Độ tuổi từ 30 trở lên. Thích hợp với mọi loại da đặc biệt: Da có những dấu hiệu lão hoá sớm như da khô, mất nước, xuất hiện nếp nhăn li ti...","Thành phần: 
- Hạt dẻ ngựa
- Hyaluronic acid
- Resveratrol, hỗn hợp thực vật làm dịu
Công dụng: 
Kem dưỡng ẩm chống lại tác hại của ánh nắng mặt trời và các gốc tự do, ngăn ngừa mất độ ẩm tự nhiên. Sự kết hợp độc đáo của các chiết xuất hoạt tính từ thực vật giúp trung hòa các vết mẩn đỏ và làm chậm quá trình lão hóa sớm, đồng thời cải thiện chất lượng da tổng thể và tăng cường vẻ ngoài rạng rỡ, sống động và khỏe mạnh.
Chỉ định: 
Độ tuổi từ 30 trở lên. Thích hợp với mọi loại da đặc biệt: Da có những dấu hiệu lão hoá sớm như da khô, mất nước, xuất hiện nếp nhăn li ti...
Hướng dẫn sử dụng: 
Thoa một lớp lên vùng mặt và cổ, massage nhẹ nhàng đến khi thẩm thấu hoàn toàn vào da. Sử dụng vào buổi sáng.
Dung tích: 60ML",https://vhndistribution.com/san-pham/kem-ngay-duong-am-tre-hoa-va-bao-ve-da-voi-chi-so-spf-50-daytime-guard-spf-50-60ml-coming-soon/,https://vhndistribution.com/wp-content/uploads/2024/06/LR_FIRM_DAYTIME-GUARD-SPF-50_60ml.jpg,None,False,False,False,
142,Christina,Christina - Line Repair - Firm - Nighttime Rehab - 50ml (Kem đêm dưỡng ẩm và trẻ hoá da toàn diện),1518000,%,1518000,"Christina - Line Repair - Firm - Nighttime Rehab - 50ml (Kem đêm dưỡng ẩm và trẻ hoá da toàn diện)
Độ tuổi từ 30 trở lên. Thích hợp với mọi loại da đặc biệt: Da có những dấu hiệu lão hoá sớm như da khô, mất nước, xuất hiện nếp nhăn li ti...","Thành phần: 
- Chiết xuất cỏ ba lá đỏ 
- Vitamin C dạng ổn định  
- Hỗn hợp 3D hyaluronic acid
- Chiết xuất hoa cúc xanh (Globularia Alypum)

Công dụng: 
Kem dưỡng ban đêm điều trị đổi mới và cải thiện độ se khít. Làm dịu làn da bị kích ứng trở lại trạng thái thoải mái, đàn hồi, tươi sáng và hồi sinh.
Chỉ định: 
Độ tuổi từ 30 trở lên. Thích hợp với mọi loại da đặc biệt: Da có những dấu hiệu lão hoá sớm như da khô, mất nước, xuất hiện nếp nhăn li ti...
Hướng dẫn sử dụng: 
Thoa một lớp lên vùng mặt và cổ, massage nhẹ nhàng đến khi thẩm thấu hoàn toàn vào da. Sử dụng vào buổi tối.
Dung tích: 50ML",https://vhndistribution.com/san-pham/kem-dem-duong-am-va-tre-hoa-da-toan-dien-nighttime-rehab-50ml/,https://vhndistribution.com/wp-content/uploads/2024/07/LR_FIRM-NIHGTTIME-REHAB-50.jpg,None,False,False,False,
143,Christina,Christina - Line Repair - Firm - AHA & Resveratrol Peel - 50ml (Tẩy bỏ tế bào chết và bảo vệ tối ưu các tế bào mới),1380000,%,1380000,"Christina - Line Repair - Firm - AHA & Resveratrol Peel - 50ml (Tẩy bỏ tế bào chết và bảo vệ tối ưu các tế bào mới)
Độ tuổi từ 30 trở lên. Thích hợp với mọi loại da đặc biệt: Da dầu, lỗ chân lông to, bề mặt thô sần, xỉn màu, thiếu sức sống, da cần căng bóng.","Thành phần: 
- Glycolic acid
- Resveratrol   
- Aquaderm


Công dụng: 
AHA kết hợp độc đáo với Resveratrol, sản phẩm peel loại bỏ tế bào chết và bảo vệ tối ưu các tế bào mới. Cải thiện kết cấu và làm mờ các dấu hiệu lão hóa, mang lại làn da tươi trẻ, sáng và khỏe mạnh hơn. Sản phẩm hỗ trợ làn da thẩm thấu tối ưu dưỡng chất của các bước sau.
Chỉ định: 
Độ tuổi từ 30 trở lên. Thích hợp với mọi loại da đặc biệt: Da dầu, lỗ chân lông to, bề mặt thô sần, xỉn màu, thiếu sức sống, da cần căng bóng.
Hướng dẫn sử dụng: 
Thoa một lớp lên da đã được làm sạch, sử dụng 2 lần/ tuần. Lưu trên da từ 5-7 phút, sau đó rửa sạch lại với nước.
Dung tích: 50ML",https://vhndistribution.com/san-pham/tay-bo-te-bao-chet-va-bao-ve-toi-uu-cac-te-bao-moi-aha-resveratrol-peel-50ml/,https://vhndistribution.com/wp-content/uploads/2023/04/1-27.png,None,False,False,False,
144,Christina,"Christina - Line Repair - Firm - Allday Eye Rescue - 30ml (Kem dưỡng chống nhăn, giảm thâm và bọng mắt)",1419000,%,1419000,"Christina - Line Repair - Firm - Allday Eye Rescue - 30ml (Kem dưỡng chống nhăn, giảm thâm và bọng mắt)
Dùng chăm sóc và bảo vệ vùng da mắt. Phù hợp tình trạng da có nếp nhăn, bọng mắt, quầng thâm, nếp nhăn mắt.","Thành phần: 
- Hyaluronic acid
- Chất làm đẹp cho mắt
- Vitamin A palmitate
- Hỗn hợp thực vật làm dịu

Công dụng: 
Làm dịu và bảo vệ vùng da mắt mỏng manh. Cung cấp độ ẩm, chống oxy hóa bảo vệ da, giảm thiểu bọng mắt và quầng thâm quanh mắt. Làm mờ các nếp nhăn hiện có và ngăn ngừa sự hình thành các nếp nhăn mới.
Chỉ định: 
Dùng chăm sóc và bảo vệ vùng da mắt. Phù hợp tình trạng da có nếp nhăn, bọng mắt, quầng thâm, nếp nhăn mắt.
Hướng dẫn sử dụng: 
Thoa một lớp quanh mắt và massage đến khi thẩm thấu hoàn toàn.
Dung tích: 30ML",https://vhndistribution.com/san-pham/kem-duong-chong-nhan-giam-tham-va-bong-mat-allday-eye-rescue-30ml/,https://vhndistribution.com/wp-content/uploads/2023/04/2-19.png,None,False,False,False,
145,Christina,Christina - Line Repair - Firm - Always-On Mist - 100ml (Xịt dưỡng giảm mẩn đỏ và phục hồi sức sống làn da),N/A,%,N/A,"Christina - Line Repair - Firm - Always-On Mist - 100ml (Xịt dưỡng giảm mẩn đỏ và phục hồi sức sống làn da)
Lý tưởng với mọi loại da đặc biệt là da đang kích ứng, đỏ rát, châm chích.","Thành phần: 
- Red clover extract: ngăn ngừa lão hoá da
- Aquaderm: cải thiện độ ẩm trên da
- Blue daisy (Globularia Alypum) extract: làm dịu da, giảm cảm giác khó chịu
- Soothing plant blend: bảo vệ da, giảm kích ứng và đỏ da.

Công dụng: 
Xịt khoáng làm dịu da, giảm cảm giác khó chịu ngứa rát, châm chích, đỏ rát trên da. Bảo vệ da và giảm kích ứng.
Chỉ định: 
Lý tưởng với mọi loại da đặc biệt là da đang kích ứng, đỏ rát, châm chích.
Hướng dẫn sử dụng: 
Xịt cách 20 cm. thoa lên mặt, cổ và vùng da ngực đã được làm sạch. Vỗ nhẹ bằng đầu ngón tay cho đến khi hấp thụ.
Dung tích: 100ML",N/A,N/A,None,False,False,False,
146,Christina,"Christina - Line Repair - Firm - Collagen Boost Mask - 60ml (Mặt nạ giàu dưỡng chất sửa chữa tổn thương, tăng cường độ đàn hồi da)",N/A,%,N/A,"Christina - Line Repair - Firm - Collagen Boost Mask - 60ml (Mặt nạ giàu dưỡng chất sửa chữa tổn thương, tăng cường độ đàn hồi da)
- Lý tưởng với mọi loại da đặc biệt là da đang kích ứng, đỏ rát, châm chích","Thành phần: 
- Tri-luronic acid 
- Witch-hazel extract 
- Dermochlorella 
- Stable vitamin C 

Công dụng: 
Tăng khả năng phục hồi collagen và elastin và phục hồi độ săn chắc. Làm dịu kích ứng, giảm mẩn đỏ và tổn thương do ô nhiễm, mang lại cảm giác thoải mái. 

Chỉ định: 
- Lý tưởng với mọi loại da đặc biệt là da đang kích ứng, đỏ rát, châm chích
Hướng dẫn sử dụng: 
Thoa một lớp mỏng đều lên mặt, cổ đã làm sạch. Tuần 1-2 lần. Để trong 10 phút. Lau sạch.
Dung tích: 60ML",N/A,N/A,None,False,False,False,
147,Christina,Christina - Line Repair - Nutrient - Pure Natural Cleanser - 250ml (Sữa rửa mặt dưỡng ẩm và làm dịu da),1290000,%,1290000,"Christina - Line Repair - Nutrient - Pure Natural Cleanser - 250ml (Sữa rửa mặt dưỡng ẩm và làm dịu da)
Độ tuổi từ 16 trở lên. Thích hợp với mọi loại da đặc biệt: Da nhạy cảm, da khô, da mẩn đỏ, da sau điều trị công nghệ cao, meso, peel, laser,…","Thành phần: 
- Cải xoăn và trà xanh
- Chiết xuất hamamelis & tannin
- Chiết xuất multiex và cam quýt

Công dụng: 
Sữa rửa mặt tạo bọt nhẹ, làm sạch. Dễ dàng loại bỏ lớp trang điểm, dầu thừa và tạp chất. Kết hợp chiết xuất từ siêu thực phẩm. Giúp da thoải mái, cân bằng và tươi mới.
Chỉ định: 
Độ tuổi từ 16 trở lên. Thích hợp với mọi loại da đặc biệt: Da nhạy cảm, da khô, da mẩn đỏ, da sau điều trị công nghệ cao, meso, peel, laser,…
Hướng dẫn sử dụng: 
Làm ẩm mặt, lấy 1ml sản phẩm và tạo bọt, massage trên bề mặt da trong 1-2 phút rồi làm sạch với nước.
Dung tích: 250ML",https://vhndistribution.com/san-pham/sua-rua-mat-duong-am-va-lam-diu-da-pure-natural-cleanser-250ml/,https://vhndistribution.com/wp-content/uploads/2024/06/LR_NUTRI_-Pure-Natural-Cleanser_250ml.jpg,None,False,False,False,"1. Sữa rửa mặt dành cho da nhạy cảm Nutrient mang lại hiệu quả làm sạch và trải nghiệm thư giãn cho da nhạy cảm:
+ Phức hợp BioDtox và Nio-Sensyl (giống trong Unstress) vừa thải độc vừa giảm viêm, làm dịu da
+ Cung cấp vào da trong quá trình làm sạch nhóm siêu thực phẩm superfood từ thực vật: Cải xoăn và trà xanh + Chiết xuất hamamelis - cây phỉ & tannin + Chiết xuất multiex và cam quýt
2. Tạo bọt dễ dàng, cảm giác làm sạch êm dịu, tươi mát với mùi hương vô cùng thư giãn và dễ chịu.
3. Được khách hàng phản hồi: chất lượng và trải nghiệm xứng đáng hơn giá tiền."
148,Christina,Christina - Line Repair - Nutrient - Goji Berries Active Toner - 300ml (Nước hoa hồng làm sạch và phục hồi da),1089000,%,1089000,"Christina - Line Repair - Nutrient - Goji Berries Active Toner - 300ml (Nước hoa hồng làm sạch và phục hồi da)
Độ tuổi từ 16 trở lên. Thích hợp với mọi loại da đặc biệt: Da nhạy cảm, da khô, da mẩn đỏ, da sau điều trị công nghệ cao, meso, peel, laser,…","Thành phần: 
- Flax seeds extract
- Marine barrier reset
- Hydrator shield
- Goji berries
Công dụng: 
Toner hoạt động kép tẩy tế bào chết và thải độc. Kết hợp chiết xuất từ siêu thực phẩm và acid từ trái cây để có một vẻ ngoài tươi tắn và khỏe mạnh.
Chỉ định: 
Độ tuổi từ 16 trở lên. Thích hợp với mọi loại da đặc biệt: Da nhạy cảm, da khô, da mẩn đỏ, da sau điều trị công nghệ cao, meso, peel, laser,…
Hướng dẫn sử dụng: 
Lấy một vài giọt Toner ra bông cotton, lau nhẹ nhàng lên da.
Dung tích: 300ML",https://vhndistribution.com/san-pham/nuoc-hoa-hong-lam-sach-va-phuc-hoi-da-goji-berries-active-toner-100ml/,https://vhndistribution.com/wp-content/uploads/2024/06/Goji-Berries-Active-Toner.jpg,None,False,False,False,"- Toner acid hỗ trợ quá trình bạt sừng
- Có thể sử dụng hàng ngày vào buổi tối, chống nắng và bảo vệ da vào ban ngày
- Phù hợp những làn da dầu, mụn, dày sừng"
149,Christina,Christina - Line Repair - Nutrient - Bio Shield Serum - 30ml (Serum chống lão hóa và bảo vệ khỏi ánh sáng xanh và môi trường),1760000,%,1760000,"Christina - Line Repair - Nutrient - Bio Shield Serum - 30ml (Serum chống lão hóa và bảo vệ khỏi ánh sáng xanh và môi trường)
Độ tuổi từ 16 trở lên. Thích hợp với mọi loại da đặc biệt: Da nhạy cảm, da khô, da mẩn đỏ, da sau điều trị công nghệ cao, meso, peel, laser…","Thành phần: 
- Thành phần bảo vệ da trước ánh sáng xanh 
- Cải xoăn
- Hamamelis 
- Điều chỉnh hệ vi sinh da

Công dụng: 
Serum phục hồi và bảo vệ da mạnh mẽ với khả năng thẩm thấu nhanh chóng và dễ chịu trên da. Công thức thành phần chống lão hóa sớm và bảo vệ da khỏi tác động từ ánh sáng xanh của đèn/ màn hình điện tử. Cải thiện hệ vi sinh vật, củng cố hàng rào bảo vệ, phục hồi làn da khỏe mạnh. Các chất chống oxy hóa bảo vệ hiệu quả da chống lại các tác nhân gây hại da từ môi trường.
Chỉ định: 
Độ tuổi từ 16 trở lên. Thích hợp với mọi loại da đặc biệt: Da nhạy cảm, da khô, da mẩn đỏ, da sau điều trị công nghệ cao, meso, peel, laser…
Hướng dẫn sử dụng: 
Thoa đều lên mặt cổ và vùng ức, massage đến khi thẩm thấu hoàn toàn
Dung tích: 30ML",https://vhndistribution.com/san-pham/serum-chong-lao-hoa-va-bao-ve-khoi-anh-sang-xanh-va-moi-truong-bio-shield-serum-30ml/,https://vhndistribution.com/wp-content/uploads/2023/04/3-19.png,None,False,False,False,
150,Christina,Christina - Bio Satin Serum - 30ml (Serum dưỡng ẩm căng bóng),1980000,%,1980000,"Christina - Bio Satin Serum - 30ml (Serum dưỡng ẩm căng bóng)
Độ tuổi từ 16 trở lên. Thích hợp với mọi loại da đặc biệt: Da nhạy cảm, da khô, da mẩn đỏ, da sau điều trị công nghệ cao, meso, peel, laser…","Thành phần: 
- Vitamin C 
- Vitamin A - Retinal Palmitate
- Squalane

Công dụng: 
Huyết thanh mang lại bề mặt da ẩm mượt, căng bóng tức thì. Được bổ sung với các chất dinh dưỡng thiết yếu, vitamin và chất chống oxy hóa tự nhiên, sản phẩm thúc đẩy kết cấu da mịn màng và cải thiện độ đàn hồi, độ ẩm và vẻ đẹp rạng rỡ. Bên cạnh đó, làn da được thúc đẩy sản sinh colllagen, trông săn chắc và dẻo dai lâu dài.
Chỉ định: 
Độ tuổi từ 16 trở lên. Thích hợp với mọi loại da đặc biệt: Da nhạy cảm, da khô, da mẩn đỏ, da sau điều trị công nghệ cao, meso, peel, laser…
Hướng dẫn sử dụng: 
Thoa đều lên mặt cổ và vùng ức, massage đến khi thẩm thấu hoàn toàn
Dung tích: 30ML",https://vhndistribution.com/san-pham/huyet-thanh-nuoi-duong-lam-min-va-cang-bong-da-bio-satin-serum-30ml/,https://vhndistribution.com/wp-content/uploads/2023/04/2-17.png,None,False,False,False,
151,Christina,Christina - Line Repair - Nutrient - Niacinamide Night Cream - 60ml (Kem dưỡng phục hồi và làm sáng da ban đêm),1380000,%,1380000,"Christina - Line Repair - Nutrient - Niacinamide Night Cream - 60ml (Kem dưỡng phục hồi và làm sáng da ban đêm)
Độ tuổi từ 16 trở lên. Thích hợp với mọi loại da đặc biệt: Da nhạy cảm, da khô, da mẩn đỏ, da sau điều trị công nghệ cao, meso, peel, laser,…","Thành phần: 
- Niacinamide 
- Phức hợp marine collastin 
- Bakuchiol 
- Oxygen carrier 


Công dụng: 
Một sản phẩm kem đêm đa tác dụng mang lại sự phục hồi và làn da trẻ trung, rạng rỡ. Kem đêm hỗ trợ giảm viêm, làm dịu da, dưỡng ẩm, sạc lại năng lượng trong tế bào, mang đến sự thay đổi rõ rệt cho làn da sau giấc ngủ. Các hoạt chất tăng sinh Collagen thẩm thấu, phục hồi thể tích, mật độ collagen trong da. Với chiết xuất retinol từ thực vật và chất tăng cường ATP, giúp điều chỉnh sự xuất hiện của các nếp nhăn trong khi Vitamin B3-Niacinamide và Curcumin thúc đẩy làn da đều màu và rạng rỡ.

Chỉ định: 
Độ tuổi từ 16 trở lên. Thích hợp với mọi loại da đặc biệt: Da nhạy cảm, da khô, da mẩn đỏ, da sau điều trị công nghệ cao, meso, peel, laser,…
Hướng dẫn sử dụng: 
Thoa đều lên mặt và cổ, vỗ nhẹ đến khi thẩm thấu hoàn toàn.
Dung tích: 60ML",https://vhndistribution.com/san-pham/kem-duong-phuc-hoi-va-lam-sang-da-ban-dem-niacinamide-night-cream-60ml/,https://vhndistribution.com/wp-content/uploads/2023/04/1-22.png,None,False,False,False,"- Kem dưỡng tăng cường các thành phần từ thực vật có khả năng chống oxy hóa mạnh mẽ và làm dịu da.
- Phù hợp với mọi loại da, tối ưu với những làn da căng thẳng, thiếu sức sống và xỉn màu."
152,Christina,Christina - Line Repair - Nutrient - Bakuchiol Day Cream SPF 15 - 50ml (Kem dưỡng trẻ hóa đa tầng và ngăn chặn hình thành nếp nhăn),N/A,%,N/A,"Christina - Line Repair - Nutrient - Bakuchiol Day Cream SPF 15 - 50ml (Kem dưỡng trẻ hóa đa tầng và ngăn chặn hình thành nếp nhăn)
- Cho da từ 16 tuổi
- Phù hợp với mọi loại da. Lý tưởng cho làn da muốn đạt đến độ căng bóng","Thành phần: 
- Bakuchiol - thay thế retinol tự nhiên: giúp ngăn ngừa nếp nhăn, làm mờ vết nám, tăng độ đàn hồi và săn chắc, không gây châm chích.
- Moisture magnet: thành phần hút ẩm tự nhiên, cung cấp độ ẩm lâu dài. 
- Microbiota regulator & Yogurtene: làm giảm sự phát triển của VSV gây hại
- Chiết xuất từ  hạt ca cao Theobroma: chống lại ánh sáng xanh, ngăn ngừa gốc tự do

Công dụng: 
Tinh chất dưỡng ẩm lâu dài kết hợp với hoạt chất tự nhiên giống như retinol làm chậm các dấu hiệu lão hóa sớm, giảm khả năng hình thành nếp nhăn.

Chỉ định: 
- Cho da từ 16 tuổi
- Phù hợp với mọi loại da. Lý tưởng cho làn da muốn đạt đến độ căng bóng
Hướng dẫn sử dụng: 
Cho một lượng sản phẩm vừa đủ vào lòng bàn tay, vỗ nhẹ lên vùng da mặt và cổ cho đến khi thẩm thấu hoàn toàn. Ngày sử dụng một lần vào buổi sáng.
Dung tích: ",N/A,N/A,None,False,False,False,
153,Christina,Christina - Line Repair - Nutrient - Wood Pulp Scrub - 75ml (Kem tẩy tế bào chết làm mịn và thông thoáng lỗ chân lông),N/A,%,N/A,"Christina - Line Repair - Nutrient - Wood Pulp Scrub - 75ml (Kem tẩy tế bào chết làm mịn và thông thoáng lỗ chân lông)
- Phù hợp với mọi loại da","Thành phần: 
- Granules - bột gỗ Multiex Citrus 
- Multiex Citrus: bảo vệ da khỏi tia UV
- Centella Asiatica: Chất chống oxy hóa mạnh, dưỡng ẩm và làm dịu da

Công dụng: 
Làm sạch da, làm sạch và thông thoáng lỗ chân lông. Loại bỏ bụi bẩn và cặn trang điểm tận sâu lỗ chân lông, mang lại làn da mịn màng, tươi trẻ và như được hồi sinh.

Chỉ định: 
- Phù hợp với mọi loại da
Hướng dẫn sử dụng: 
Thoa một lớp mỏng đều lên mặt và massage. Sau đó rửa kỹ bằng nước ấm.
LƯU Ý: Không áp dụng trên làn da có mụn trứng cá và mụn viêm.
Dung tích: ",N/A,N/A,None,False,False,False,
154,Christina,Christina - Forever Young - 1 Purifying gel - 300ml (Sữa rửa mặt kiêm tẩy trang),2530000,%,2530000,"Christina - Forever Young - 1 Purifying gel - 300ml (Sữa rửa mặt kiêm tẩy trang)
Dành cho đối tượng khách hàng từ 30 tuổi trở lên với mọi loại da. Khách hàng có nhu cầu điều trị làn da lão hoá, lão hoá sớm, da chùng nhão, chảy xệ, nếp nhăn, làn da sạm, không đều màu.","Thành phần: 
 - Quillaja Saponaria, chiết xuất cây phỉ và latic acid: làm sạch da, loại bỏ lớp make up, các chất ô nhiễm từ môi trường và lượng dầu thừa trên da.
- Tannin: làm săn chắc, căng bóng da.
Công dụng: 
Gel không chứa dầu và cồn loại bỏ bụi bẩn, bã nhờn, lớp trang điểm trên da. Bắt đầu quá trình săn chắc và làm sạch mịn da
Chỉ định: 
Dành cho đối tượng khách hàng từ 30 tuổi trở lên với mọi loại da. Khách hàng có nhu cầu điều trị làn da lão hoá, lão hoá sớm, da chùng nhão, chảy xệ, nếp nhăn, làn da sạm, không đều màu.
Hướng dẫn sử dụng: 
Lấy 1ml sản phẩm vào bông tẩy trang, lau nhẹ nhàng toàn mặt theo chiều cấu tạo da trong 1-2 phút. Lau lại 2-3 lần nếu khách sử dụng trang điểm đậm.
Rửa sạch bằng nước ấm.


                                                                                                                    
Dung tích: 300ML",https://vhndistribution.com/san-pham/sua-rua-mat-kiem-tay-trang-purifying-gel-300-ml/,https://vhndistribution.com/wp-content/uploads/2023/04/1-13.png,None,False,False,True,
155,Christina,Christina - Forever Young - 2 Infra-peel lotion - 300ml (Lotion kiêm tẩy da chết nhẹ),2805000,%,2805000,"Christina - Forever Young - 2 Infra-peel lotion - 300ml (Lotion kiêm tẩy da chết nhẹ)
Dành cho đối tượng khách hàng từ 30 tuổi trở lên với mọi loại da. Khách hàng có nhu cầu điều trị làn da lão hoá, lão hoá sớm, da chùng nhão, chảy xệ, nếp nhăn, làn da sạm, không đều màu.","Thành phần: 
- Lactic acid + glycolic acid: loại bỏ tế bào chết và giảm độ pH
- Quillaja saponaria, Saponaria offcinalis và cây phỉ: làm sạch sâu
- Công thức giảm độ pH độc quyền: giúp mở rộng lỗ chân lông giúp hấp thụ tối ưu các hoạt chất

Công dụng: 
Loại bỏ tế bào chết trên da, làm thông thoáng lỗ chân lông, giúp dưỡng chất dễ dàng thẩm thấu, hấp thụ vào da tối đa. Bước chuẩn bị cho quá trình peel sau được hiệu quả hơn.
Chỉ định: 
Dành cho đối tượng khách hàng từ 30 tuổi trở lên với mọi loại da. Khách hàng có nhu cầu điều trị làn da lão hoá, lão hoá sớm, da chùng nhão, chảy xệ, nếp nhăn, làn da sạm, không đều màu.
Hướng dẫn sử dụng: 
Lấy 1 ml nước cân bằng vào bông cotton, sau đó thoa đều theo chiều cấu tạo da, làm sạch và cân bằng da.

Dung tích: 300ML",https://vhndistribution.com/san-pham/lotion-kiem-tay-da-chet-nhe-infra-peel-lotion-300-ml/,https://vhndistribution.com/wp-content/uploads/2023/04/2-7.png,None,False,False,True,
156,Christina,Christina - Forever Young - 3 Red wine peel - 150ml (Red Wine Peel /Tẩy da chết chiết xuất từ rượu vang đỏ),4950000,%,4950000,"Christina - Forever Young - 3 Red wine peel - 150ml (Red Wine Peel /Tẩy da chết chiết xuất từ rượu vang đỏ)
Dành cho đối tượng khách hàng từ 30 tuổi trở lên với mọi loại da. Khách hàng có nhu cầu điều trị làn da lão hoá, lão hoá sớm, da chùng nhão, chảy xệ, nếp nhăn, làn da sạm, không đều màu.","Thành phần: 
 - 6 loại AHA (glycolic acid, lactic acid, malic acid,...): loại bỏ tế bào chết, làm mềm bề mặt, tái tạo da
- Polyphenol và tannin trong rượu vang đỏ: kích thích lưu thông tuần hoàn, giúp trẻ hóa và săn chắc da

Công dụng: 
Loại bỏ tế bào chết, làm mềm mịn bề mặt da, giảm nếp nhăn sâu, hỗ trợ đồng đều màu da, làm sáng da, kích thích tổng hợp collagen và elastin.
Chỉ định: 
Dành cho đối tượng khách hàng từ 30 tuổi trở lên với mọi loại da. Khách hàng có nhu cầu điều trị làn da lão hoá, lão hoá sớm, da chùng nhão, chảy xệ, nếp nhăn, làn da sạm, không đều màu.
Hướng dẫn sử dụng: 
Dùng chổi hoặc tăm bông, quét đều toàn mặt, tránh tiếp xúc với vùng mắt, để nguyên trên da từ 1-3 phút (phụ thuộc vào tình trạng da). Rửa sạch bằng nước, khăn ấm tới khi không còn cảm giác châm chích trên da.

Dung tích: 150ML",https://vhndistribution.com/san-pham/tay-da-chet-chiet-xuat-tu-ruou-vang-do-red-wine-peel-150-ml/,https://vhndistribution.com/wp-content/uploads/2023/04/3-8.png,None,False,False,True,
157,Christina,"Christina - Forever Young - 4 Regenerating under-mask - 250ml (Mặt nạ đổi mới da, làm săn chắc, tăng cường cấu trúc da)",2926000,%,2926000,"Christina - Forever Young - 4 Regenerating under-mask - 250ml (Mặt nạ đổi mới da, làm săn chắc, tăng cường cấu trúc da)
Dành cho đối tượng khách hàng từ 30 tuổi trở lên với mọi loại da. Khách hàng có nhu cầu điều trị làn da lão hoá, lão hoá sớm, da chùng nhão, chảy xệ, nếp nhăn, làn da sạm, không đều màu.","Thành phần: 
- Phytosterol và các nhân tố thúc đẩy tăng trưởng: làm săn chắc và dưỡng ẩm cho da
- Peptide: tăng tốc chuyển hóa tế bào, giúp cung cấp độ ẩm, hỗ trợ làm mờ nếp nhăn, da sáng hơn
- Sữa, váng sữa và hạnh nhân: giúp cấp ẩm cho da

Công dụng: 
Mặt nạ massage tăng cường cấu trúc da, cung cấp độ ẩm, tăng chuyển hóa tái tạo tế bào, củng cố cấu trúc da săn chắc, hỗ trợ làm đầy nếp nhăn.
Chỉ định: 
Dành cho đối tượng khách hàng từ 30 tuổi trở lên với mọi loại da. Khách hàng có nhu cầu điều trị làn da lão hoá, lão hoá sớm, da chùng nhão, chảy xệ, nếp nhăn, làn da sạm, không đều màu.
Hướng dẫn sử dụng: 
Dùng một lượng vừa đủ mặt nạ massage nâng cơ trên bề mặt da từ 10-15 phút, thêm nước để massage tới khi mặt nạ hoàn toàn thẩm thấu vào da. Để nguyên trên da, không lau đi.


Dung tích: 250ML",https://vhndistribution.com/san-pham/mat-na-tai-tao-san-chac-tang-cuong-cau-truc-da-regenerating-under-mask-250-ml/,https://vhndistribution.com/wp-content/uploads/2023/04/4-10.png,None,False,False,True,
158,Christina,Christina - Forever Young - 5a Bio-firming serum - 300ml (Bột nâng cơ + Serum hỗ trợ săn chắc cấu trúc da),5200000,%,5200000,"Christina - Forever Young - 5a Bio-firming serum - 300ml (Bột nâng cơ + Serum hỗ trợ săn chắc cấu trúc da)
Dành cho đối tượng khách hàng từ 30 tuổi trở lên với mọi loại da. Khách hàng có nhu cầu điều trị làn da lão hoá, lão hoá sớm, da chùng nhão, chảy xệ, nếp nhăn, làn da sạm, không đều màu.","Thành phần: 
 - Húng tây, đậu lupin, tảo và protein lúa mì thủy phân: giúp săn chắc da
- Favonoid, tannin: làm se khít lỗ chân lông
- Acetyl Pentapeptide-1: xây dựng ma trận hạ bì

Công dụng: 
Serum nâng cơ, định hình khuôn mặt, đẩy căng các nếp nhăn, duy trì hiệu quả săn chắc, căng bóng, củng cố cấu trúc da trùng nhão, chảy sệ.
Chỉ định: 
Dành cho đối tượng khách hàng từ 30 tuổi trở lên với mọi loại da. Khách hàng có nhu cầu điều trị làn da lão hoá, lão hoá sớm, da chùng nhão, chảy xệ, nếp nhăn, làn da sạm, không đều màu.
Hướng dẫn sử dụng: 
Trộn đều 1 gram bột Bio Lifting với 2 ml serum Bio Firming thành một dung dịch dạng sệt, không vón bột. Quét đều lên toàn mặt theo chiều nâng cơ, từ dưới lên, quét cả vùng mắt và môi. Không nói chuyện cử động khuôn mặt cho tới khi mặt nạ khô. Không lau đi, chuyển sang bước 6.


Dung tích: 150ML
300ML",https://vhndistribution.com/san-pham/5a5b-bot-nang-co-bio-lifting-powder-150ml-serum-ho-tro-san-chac-cau-truc-da-bio-firming-serum-300ml/,https://vhndistribution.com/wp-content/uploads/2023/04/6-8.png,None,False,False,True,
159,Christina,Christina - Forever Young - 5b Bio lifting powder - 75g (Bột nâng cơ + Serum hỗ trợ săn chắc cấu trúc da),4950000,%,4950000,"Christina - Forever Young - 5b Bio lifting powder - 75g (Bột nâng cơ + Serum hỗ trợ săn chắc cấu trúc da)
Dành cho đối tượng khách hàng từ 30 tuổi trở lên với mọi loại da. Khách hàng có nhu cầu điều trị làn da lão hoá, lão hoá sớm, da chùng nhão, chảy xệ, nếp nhăn, làn da sạm, không đều màu.","Thành phần: 
 - Húng tây, đậu lupin, tảo và protein lúa mì thủy phân: giúp săn chắc da
- Favonoid, tannin: làm se khít lỗ chân lông
- Acetyl Pentapeptide-1: xây dựng ma trận hạ bì

Công dụng: 
Serum nâng cơ, định hình khuôn mặt, đẩy căng các nếp nhăn, duy trì hiệu quả săn chắc, căng bóng, củng cố cấu trúc da trùng nhão, chảy sệ.
Chỉ định: 
Dành cho đối tượng khách hàng từ 30 tuổi trở lên với mọi loại da. Khách hàng có nhu cầu điều trị làn da lão hoá, lão hoá sớm, da chùng nhão, chảy xệ, nếp nhăn, làn da sạm, không đều màu.
Hướng dẫn sử dụng: 
Trộn đều 1 gram bột Bio Lifting với 2 ml serum Bio Firming thành một dung dịch dạng sệt, không vón bột. Quét đều lên toàn mặt theo chiều nâng cơ, từ dưới lên, quét cả vùng mắt và môi. Không nói chuyện cử động khuôn mặt cho tới khi mặt nạ khô. Không lau đi, chuyển sang bước 6.

Dung tích: ",https://vhndistribution.com/san-pham/5a5b-bot-nang-co-bio-lifting-powder-150ml-serum-ho-tro-san-chac-cau-truc-da-bio-firming-serum-300ml/,https://vhndistribution.com/wp-content/uploads/2023/04/6-8.png,None,False,False,True,
160,Christina,"Christina - Forever Young - 6 Radiance moisturizing mask - 250ml (Mặt nạ siêu cấp ẩm làm sáng, kích thích tự tăng trưởng tế bào da)",3300000,%,3300000,"Christina - Forever Young - 6A Radiance moisturizing mask - 250ml (Mặt nạ siêu cấp ẩm làm sáng, kích thích tự tăng trưởng tế bào da)
Dành cho đối tượng khách hàng từ 30 tuổi trở lên với mọi loại da. Khách hàng có nhu cầu điều trị làn da lão hoá, lão hoá sớm, da chùng nhão, chảy xệ, nếp nhăn, làn da sạm, không đều màu.","Thành phần: 
- Vitamin A, C và K, và beta-carotene giúp chống oxy hóa, chống gốc tự do
- Acetyl Pentapeptide-1: xây dựng ma trận hạ bì
- ETF: giúp tăng cường chất sừng và fillagrin giúp tái tạo và trẻ hóa da
- Melano-Dermostatyl (DM): ức chế tăng sắc tố
- Phytocohesine PSP: giữ ẩm và phục hồi hàng rào da

Công dụng: 
Mặt nạ cung cấp độ ẩm tối đa cho da, chống gốc tự do, ngăn ngừa dấu hiệu lão hóa da, giảm thâm nám, phục hồi hàng rào bảo vệ da, kích thích tự tăng trưởng tế bào, mềm mịn bề mặt da.
Chỉ định: 
Dành cho đối tượng khách hàng từ 30 tuổi trở lên với mọi loại da. Khách hàng có nhu cầu điều trị làn da lão hoá, lão hoá sớm, da chùng nhão, chảy xệ, nếp nhăn, làn da sạm, không đều màu.
Hướng dẫn sử dụng: 
Lấy 1.5 - 2 ml mặt nạ dùng chổi silicon, quét đều theo chiều cấu tạo da, để thư giãn, massage nâng cơ 5-7phút,sau đó dùng khăn ấm, lau sạch lại. 


Dung tích: 250ML",https://vhndistribution.com/san-pham/mat-na-sieu-cap-am-lam-sang-kich-thich-tu-tang-truong-te-bao-da-radiance-moisturizing-mask-250ml-buoc-6/,https://vhndistribution.com/wp-content/uploads/2023/04/7-13.png,None,False,False,True,
161,Christina,"Christina - Forever Young - 6B Active firming algae mask - 150ml (Mặt nạ tảo nâng cơ, săc chắc cấu trúc da)",3330000,%,3330000,"Christina - Forever Young - 6B Active firming algae mask - 150ml (Mặt nạ tảo nâng cơ, săc chắc cấu trúc da)
Dành cho đối tượng khách hàng từ 30 tuổi trở lên với mọi loại da. Khách hàng có nhu cầu điều trị làn da lão hoá, lão hoá sớm, da chùng nhão, chảy xệ, nếp nhăn, làn da sạm, không đều màu.","Thành phần: 
- Tảo Spirulina có hàm lượng axit amin tối ưu 
- Axit béo thiết yếu
- Nguyên tố vi lượng
- Vitamin, protein và chất chống oxy hóa giúp cải thiện chức năng của da
Công dụng: 
Tăng cường sức sống cho da và tái tạo mô tế bào đồng thời cân bằng độ ẩm cho tầng biểu bì
Chỉ định: 
Dành cho đối tượng khách hàng từ 30 tuổi trở lên với mọi loại da. Khách hàng có nhu cầu điều trị làn da lão hoá, lão hoá sớm, da chùng nhão, chảy xệ, nếp nhăn, làn da sạm, không đều màu.
Hướng dẫn sử dụng: 
Cho 1 muỗng bột gạt vào bát, trộn đều nhanh tay với 25ml nước thành mặt nạ dạng sệt, đắp một lớp dày lên toàn mặt trừ vùng da quanh mắt. Chuyển sang bước tiếp theo mặt nạ mắt 6b.
Dung tích: 150GR",https://vhndistribution.com/san-pham/6b-mat-na-tao-nang-co-san-chac-cau-truc-da-active-firming-algea-mask-150-ml/,https://vhndistribution.com/wp-content/uploads/2023/04/8-11.png,None,False,False,True,
162,Christina,"Christina - Forever Young - 6BAnti–Puff Eye Mask - 150ml (Mặt nạ mắt làm sáng, xóa nhăn, ngăn ngừa hình thành bọng mắt.)",3245000,%,3245000,"Christina - Forever Young - 6BAnti–Puff Eye Mask - 150ml (Mặt nạ mắt làm sáng, xóa nhăn, ngăn ngừa hình thành bọng mắt.)
Dành cho đối tượng khách hàng từ 30 tuổi trở lên với mọi loại da. Khách hàng có nhu cầu điều trị làn da lão hoá, lão hoá sớm, da chùng nhão, chảy xệ, nếp nhăn, làn da sạm, không đều màu.","Thành phần: 
- Collagen từ tảo: giúp làm mịn nếp nhăn, làm săn chắc da và giảm bọng mắt.
- Bột gạo cùng với rong biển kết nối các tế bào và tăng hàng rào bảo vệ da tự nhiên chống lại bụi bẩn và chất ô nhiễm môi trường.

Công dụng: 
Mặt nạ mắt xóa nhăn, căng bóng vùng da quanh mắt, giảm bọng mắt, kích thích tăng sinh tế bào, gia tăng cấu trúc bảo vệ vùng da mắt.
Chỉ định: 
Dành cho đối tượng khách hàng từ 30 tuổi trở lên với mọi loại da. Khách hàng có nhu cầu điều trị làn da lão hoá, lão hoá sớm, da chùng nhão, chảy xệ, nếp nhăn, làn da sạm, không đều màu.
Hướng dẫn sử dụng: 
Cho 1/3 muỗng bột vào bát, trộn cùng nước với tỷ lệ 1:3 nước thành mặt nạ dạng sệt, đắp quanh mắt. Đợi mặt nạ khô, bóc cùng mặt nạ mặt theo chiều từ dưới lên trên. Sau đó rửa sạch phần còn lại với khăn ấm.
Dung tích: 150GR",https://vhndistribution.com/san-pham/6b-mat-na-mat-lam-sang-xoa-nhan-ngan-ngua-hinh-thanh-bong-mat-anti-puff-eye-mask-150-ml/,https://vhndistribution.com/wp-content/uploads/2023/04/9-8.png,None,False,False,True,
163,Christina,"Christina - Forever Young - 7 Total renewal serum - 100ml (Huyết thanh trẻ hóa, đổi mới, hồi sinh làn da)",4950000,%,4950000,"Christina - Forever Young - 7 Total renewal serum - 100ml (Huyết thanh trẻ hóa, đổi mới, hồi sinh làn da)
Dành cho đối tượng khách hàng từ 30 tuổi trở lên với mọi loại da. Khách hàng có nhu cầu điều trị làn da lão hoá, lão hoá sớm, da chùng nhão, chảy xệ, nếp nhăn, làn da sạm, không đều màu.","Thành phần: 
 - Epidermal Thymic Factor (ETF), Acetyl Pentapeptide-1: kích thích tổng hợp chất sừng và flaggrin.
- Polysilicone-11: làm mờ nếp nhăn và làm sáng da cho kết quả rõ rệt tức thì.
- Yếu tố tăng trưởng: tăng trưởng và đổi mới biểu bì.

Công dụng: 
Huyết thanh kích thích tự tăng trưởng tế bào, làm đầy các nếp nhăn, phục hồi bề mặt da mềm mịn, căng bóng.
Chỉ định: 
Dành cho đối tượng khách hàng từ 30 tuổi trở lên với mọi loại da. Khách hàng có nhu cầu điều trị làn da lão hoá, lão hoá sớm, da chùng nhão, chảy xệ, nếp nhăn, làn da sạm, không đều màu.
Hướng dẫn sử dụng: 
Dùng lượng vừa đủ chia đều trên khuôn mặt, vỗ đều cho tới khi thẩm thấu toàn bộ.
Dung tích: 100ML",https://vhndistribution.com/san-pham/7-huyet-thanh-tre-hoa-tai-tao-hoi-sinh-lan-da-total-renewal-serum-100-ml/,https://vhndistribution.com/wp-content/uploads/2023/04/10-2.png,None,False,False,True,
164,Christina,Christina - Forever Young - 8 Hydra Protective Day cream SPF- 25 - 150ml (Kem dưỡng trẻ hóa và bảo vệ da SPF 25),5720000,%,5720000,"Christina - Forever Young - 8 Hydra Protective Day cream SPF- 25 - 150ml (Kem dưỡng trẻ hóa và bảo vệ da SPF 25)
Dành cho đối tượng khách hàng từ 30 tuổi trở lên với mọi loại da. Khách hàng có nhu cầu điều trị làn da lão hoá, lão hoá sớm, da chùng nhão, chảy xệ, nếp nhăn, làn da sạm, không đều màu.","Thành phần: 
- Peptide tiên tiến: phục hồi làn da ở cấp độ tế bào.
- Dưỡng ẩm: bảo vệ hàng rào bảo vệ da và giảm nếp nhăn.
- UV sun filter: giúp ngăn ngừa và giảm dấu hiệu lão hóa, bảo vệ da khỏi ánh nắng mặt trời và gốc tự do.

Công dụng: 
Hiệu quả dưỡng ẩm và bảo vệ lâu dài, không gây chùng da và tắc lỗ chân lông.
Chỉ định: 
Dành cho đối tượng khách hàng từ 30 tuổi trở lên với mọi loại da. Khách hàng có nhu cầu điều trị làn da lão hoá, lão hoá sớm, da chùng nhão, chảy xệ, nếp nhăn, làn da sạm, không đều màu.
Hướng dẫn sử dụng: 
Dùng lượng vừa đủ chia đều 5 điểm trên khuôn mặt, vỗ đều cho tới khi thẩm thấu toàn bộ.
Dung tích: 150ML",https://vhndistribution.com/san-pham/8-kem-duong-tre-hoa-va-bao-ve-da-spf-25-hydra-protective-day-cream-spf-25-150-ml/,https://vhndistribution.com/wp-content/uploads/2023/04/11-2.png,None,False,False,True,
165,Christina,Christina - Forever Young - Moisturizing Facial Wash - 300ml (Sữa rửa mặt siêu dưỡng ẩm),1782000,%,1782000,"Christina - Forever Young - Moisturizing Facial Wash - 300ml (Sữa rửa mặt siêu dưỡng ẩm)
Khách hàng có độ tuổi từ 30 trở lên. Sử dụng cho da thường, da khô, da hỗn hợp. Da nhiều dấu hiệu lão hóa như nếp nhăn, chảy xệ da thiếu săn chắc & đàn hồi. Làn da không đồng đều sắc tố, xỉn màu, thiếu sức sống.","Thành phần: 
- Lactic acid, Glycolic acid
- Chiết xuất cây Phỉ
- Quillaja Saponaria
Công dụng: 
Sữa rửa mặt tạo bọt nhẹ nhàng làm sạch sâu, loại bỏ ô nhiễm, bụi bẩn, tế bào chết, cho làn da sạch mịn màng, tươi sáng. Chiết xuất thực vật làm dịu và cung cấp độ ẩm cho da giúp da thoải mái, mềm mịn như nhung
Chỉ định: 
Khách hàng có độ tuổi từ 30 trở lên. Sử dụng cho da thường, da khô, da hỗn hợp. Da nhiều dấu hiệu lão hóa như nếp nhăn, chảy xệ da thiếu săn chắc & đàn hồi. Làn da không đồng đều sắc tố, xỉn màu, thiếu sức sống.
Hướng dẫn sử dụng: 
Buổi sáng và tối, tạo ẩm khuôn mặt, dùng một lượng vừa đủ massage theo chiều cấu tạo da, sau đó lấy bông cotton lau bớt dư lượng sản phẩm, và rửa sạch với nước ấm.

Dung tích: 300ML",https://vhndistribution.com/san-pham/sua-rua-mat-sieu-duong-am-moisturizing-facial-wash-300-ml/,https://vhndistribution.com/wp-content/uploads/2023/04/moisturizing-facial-wash-copy-1.png,None,False,False,False,"1. SRM với phức hợp chất hoạt động bề mặt dịu nhẹ và chiết xuất vỏ cây Quillaja Saponaria tăng cường khả năng làm sạch, đồng thời dưỡng ẩm và ngăn mất nước qua da
2. Công thức tăng cường với chiết xuất cây Phỉ và hoa Cúc La mã giúp làm dịu, kháng viêm.
3. Thành phần dầu oliu không xà phòng hóa giúp tối ưu độ ẩm cho da."
166,Christina,Christina - Forever Young - Gentle Cleansing Milk - 300ml (Sữa rửa mặt dành cho da khô lão hóa),1390000,%,1390000,"Christina - Forever Young - Gentle Cleansing Milk - 300ml (Sữa rửa mặt dành cho da khô lão hóa)
Khách hàng có độ tuổi từ 30 trở lên. Sử dụng cho da thường, da khô, da hỗn hợp. Da nhiều dấu hiệu lão hóa như nếp nhăn, chảy xệ da thiếu săn chắc & đàn hồi. Làn da không đồng đều sắc tố, xỉn màu, thiếu sức sống. Da nhạy cảm.","Thành phần: 
- Glycolic acid 
- Retinol 
- Vitamin E 
- Ure
Công dụng: 
Sữa rửa mặt chiết xuất từ các hoạt chất thực vật giúp loại bỏ nhẹ nhàng bụi bẩn, dầu thừa, đồ trang điểm mà không gây khô, kích ứng da. Glycolic và retinol hỗ trợ loại bỏ da chết nhẹ nhàng, kích thích lưu thông máu giúp da sáng mịn, mềm mượt ngay sau khi sử dụng.
Chỉ định: 
Khách hàng có độ tuổi từ 30 trở lên. Sử dụng cho da thường, da khô, da hỗn hợp. Da nhiều dấu hiệu lão hóa như nếp nhăn, chảy xệ da thiếu săn chắc & đàn hồi. Làn da không đồng đều sắc tố, xỉn màu, thiếu sức sống. Da nhạy cảm.
Hướng dẫn sử dụng: 
Buổi sáng và tối, tạo ẩm khuôn mặt, dùng một lượng vừa đủ massage theo chiều cấu tạo da, sau đó lấy bông cotton lau bớt dư lượng sản phẩm, và rửa sạch với nước ấm.

Dung tích: 300ML",https://vhndistribution.com/san-pham/sua-tay-trang-kiem-sua-rua-mat-danh-cho-moi-loai-da-gentle-cleansing-milk-300-ml/,https://vhndistribution.com/wp-content/uploads/2023/04/gentle-cleansing-milk-copy-1.png,None,False,False,False,
167,Christina,Christina - Forever Young - Purifying Toner - 300ml (Toner làm sạch dịu nhẹ),1529000,%,1529000,"Christina - Forever Young - Purifying Toner - 300ml (Toner làm sạch dịu nhẹ)
Khách hàng có độ tuổi từ 30 trở lên. Sử dụng cho da thường, da khô, da hỗn hợp. Da nhiều dấu hiệu lão hóa như nếp nhăn, chảy xệ da thiếu săn chắc & đàn hồi. Làn da không đồng đều sắc tố, xỉn màu, thiếu sức sống.","Thành phần: 
- Quillaja Saponaria
- Chiết xuất cây Phỉ
- Lactic acid, Citric acid
Công dụng: 
Nước hoa hồng cân bằng pH cho da, làm sạch sâu, loại bỏ dầu thừa, cặn bã còn sót lại. Giàu chất chống oxy hóa loại bỏ các tác nhân từ môi trường ô nhiễm, thanh lọc da giúp tiếp nhận các bước nuôi dưỡng tiếp theo hiệu quả hơn.
Chỉ định: 
Khách hàng có độ tuổi từ 30 trở lên. Sử dụng cho da thường, da khô, da hỗn hợp. Da nhiều dấu hiệu lão hóa như nếp nhăn, chảy xệ da thiếu săn chắc & đàn hồi. Làn da không đồng đều sắc tố, xỉn màu, thiếu sức sống.
Hướng dẫn sử dụng: 
Lấy một lượng nhỏ sản phẩm, đổ ra bông cotton, lau đều lên mặt. Ngày hai lần sáng và tối.

Dung tích: 300ML",https://vhndistribution.com/san-pham/toner-lam-sach-diu-nhe-purifying-toner-300-ml/,https://vhndistribution.com/wp-content/uploads/2023/04/purifying-toner-copy.png,None,False,False,False,
168,Christina,"Christina - Forever Young - Total renewal serum - 50ml (Huyết thanh trẻ hóa, đổi mới, hồi sinh làn da)",2189000,%,2189000,"Christina - Forever Young - Total renewal serum - 50ml (Huyết thanh trẻ hóa, đổi mới, hồi sinh làn da)
Khách hàng có độ tuổi từ 30 trở lên. Sử dụng cho da thường, da khô, da hỗn hợp. Da nhiều dấu hiệu lão hóa như nếp nhăn, chảy xệ da thiếu săn chắc & đàn hồi. Làn da không đồng đều sắc tố, xỉn màu, thiếu sức sống. Dùng được sau điều trị công nghệ cao như laser, hifu, IPL hay các liệu trình trị liệu peel, meso.","Thành phần: 
- Acetyl pentapeptide
- Hyaluronic Acid 
- ETF peptide
- Palmitoyl Tripeptide-5 
- X50 Photoglow
- Syn-TC 
- Retinol
Công dụng: 
Huyết thanh giàu dưỡng chất & thẩm thấu sâu, mang lại làn da căng mọng & mịn mượt và tươi sáng rõ rệt. Hoạt chất peptide tiên tiến, độc đáo giúp tăng sinh Collagen, làm đầy nếp nhăn, giúp làn da săn chắc. Lớp biểu bì được tái tạo nhanh chóng trả lại bề mặt da tươi sáng rạng rỡ.
Chỉ định: 
Khách hàng có độ tuổi từ 30 trở lên. Sử dụng cho da thường, da khô, da hỗn hợp. Da nhiều dấu hiệu lão hóa như nếp nhăn, chảy xệ da thiếu săn chắc & đàn hồi. Làn da không đồng đều sắc tố, xỉn màu, thiếu sức sống. Dùng được sau điều trị công nghệ cao như laser, hifu, IPL hay các liệu trình trị liệu peel, meso.
Hướng dẫn sử dụng: 
Lấy một lượng nhỏ sản phẩm, thoa đều lên mặt, vỗ nhẹ cho thẩm thấu. Ngày 2 lần sáng và tối trước bước bôi kem.

Dung tích: 50ML",https://vhndistribution.com/san-pham/huyet-thanh-tre-hoa-tai-tao-hoi-sinh-lan-da-total-renewal-serum-50-ml/,https://vhndistribution.com/wp-content/uploads/2023/04/total-renewal-serum-copy.png,None,False,False,False,"1. Huyết thanh trẻ hóa da đến từ dòng sản phẩm cao cấp nhất của nhãn hàng Christina Forever Young 
2. Công thức độc đáo duy nhất của Christina trong kỉ nguyên trẻ hóa da: sự kết hợp của Peptide với Retinol HPR 
(Khi gần 10 năm gần đây tại Việt Nam bắt đầu biết đến Peptide là hoạt chất vàng trong trẻ hóa da thì nhãn hàng Christina đã đi đầu ứng dụng công nghệ Peptide sinh học vào trong toàn bộ SP của mình, đặc biệt là trong dòng Forever Young, Serum FY).
Công thức trẻ hóa đột phá gồm: 
+ Peptide tín hiệu kích thích, tăng cường tổng hợp collagen, cải thiện kết cấu da, 
+ Peptide hướng đích X50 Anti-aging kích thích nguyên bào sợi. 
+ Phức hợp Syn-Hycan kích thích tổng hợp HA nội sinh, tăng proteoglycan, cải thiện chất lượng collagen.
+ HA thủy phân, chiết xuất tảo lục, 
+ Retinol HPR (Retinol thế hệ mới - dẫn xuất của Retinoic acid có tác dụng toàn diện tương tự Tretinoin nhưng an toàn, không gây kích ứng, không cần kê đơn bởi BS).cùng với AHA giúp đổi mới tế bào, trẻ hóa làn da
=> Mang lại hiệu quả trẻ hóa toàn diện: LÀM MỜ, CĂNG ĐẦY NẾP NHĂN, GIÚP DA SĂN CHẮC - ĐÀN HỒI, CĂNG BÓNG, RẠNG RỠ.
3. Huyết thanh nhũ tương mềm mượt, ngay sau khi thoa để lại cảm giác ẩm, mượt như nhung mịn trên bề mặt
4. Sản phẩm dạng bơm ấn, mùi hương sang trọng.
5. Cảm nhận hiệu quả rõ rệt, xuất sắc trên nền da lão hóa, thiếu ẩm."
169,Christina,Christina - Hydra Protective Day Cream SPF 25 - 50ml (Kem dưỡng trẻ hóa và bảo vệ da SPF 25),3520000,%,3520000,"Christina - Hydra Protective Day Cream SPF 25 - 50ml (Kem dưỡng trẻ hóa và bảo vệ da SPF 25)
Khách hàng có độ tuổi từ 30 trở lên. Sử dụng cho da thường, da khô, da hỗn hợp. Da nhiều dấu hiệu lão hóa như nếp nhăn, chảy xệ da thiếu săn chắc & đàn hồi. Làn da không đồng đều sắc tố, xỉn màu, thiếu sức sống.","Thành phần: 
- Vitamin E
- Palmitoyl tripeptide-5 
- Palmitoyl dipeptide-5 
- Hyaluronic Acid 
- Bộ lọc tia UV
Công dụng: 
Kem dưỡng ngày giúp bảo vệ da, chống oxy hóa, cải thiện lão hóa da. Cung cấp độ ẩm lâu dài giúp da căng mịn, chống lại các dấu hiệu lão hóa. Peptide tăng sinh tái tạo da, chống lão hóa da trong suốt thời gian ban ngày. Màng lọc tia UV giúp da chống lại tác động từ ánh nắng mặt trời và môi trường ô nhiễm.
Chỉ định: 
Khách hàng có độ tuổi từ 30 trở lên. Sử dụng cho da thường, da khô, da hỗn hợp. Da nhiều dấu hiệu lão hóa như nếp nhăn, chảy xệ da thiếu săn chắc & đàn hồi. Làn da không đồng đều sắc tố, xỉn màu, thiếu sức sống.
Hướng dẫn sử dụng: 
Lấy một lượng nhỏ sản phẩm, thoa đều lên mặt, vỗ nhẹ cho thẩm thấu. Sử dụng vào buổi sáng sau serum.

Dung tích: 50ML",https://vhndistribution.com/san-pham/kem-tre-hoa-va-bao-ve-da-spf-25-hydra-protection-day-cream-spf25-50-ml/,https://vhndistribution.com/wp-content/uploads/2023/04/hydra-protective-day-cream-spf25-copy.png,None,False,False,False,
170,Christina,"Christina - Forever Young - Repairing night cream - 50ml (Kem dưỡng đổi mới, phục hồi và trẻ hóa, hiệu chỉnh làn da ban đêm)",3190000,%,3190000,"Christina - Forever Young - Repairing night cream - 50ml (Kem dưỡng đổi mới, phục hồi và trẻ hóa, hiệu chỉnh làn da ban đêm)
Khách hàng có độ tuổi từ 30 trở lên. Sử dụng cho da thường, da khô, da hỗn hợp. Da nhiều dấu hiệu lão hóa như nếp nhăn, chảy xệ da thiếu săn chắc & đàn hồi. Làn da không đồng đều sắc tố, xỉn màu, thiếu sức sống.","Thành phần: 
- Dipeptide-4 
- Phytosterol 
- ETF peptide
- Hexanoyl Dipeptide-3
- Retinol
Công dụng: 
Kem dưỡng tái cân bằng và sửa chữa hệ thống bảo vệ tự nhiên của da vào ban đêm. Sự kết hợp mạnh mẽ của Peptide và Vitamin củng cố cấu trúc da, tăng sinh Collagen, giảm dấu hiệu lão hóa, cho làn da mịn màng, trẻ trung đầy sức sống
Chỉ định: 
Khách hàng có độ tuổi từ 30 trở lên. Sử dụng cho da thường, da khô, da hỗn hợp. Da nhiều dấu hiệu lão hóa như nếp nhăn, chảy xệ da thiếu săn chắc & đàn hồi. Làn da không đồng đều sắc tố, xỉn màu, thiếu sức sống.
Hướng dẫn sử dụng: 
Lấy một lượng nhỏ sản phẩm, thoa đều lên mặt, vỗ nhẹ cho thẩm thấu. Sử dụng vào buổi tối sau serum.

Dung tích: 50ML",https://vhndistribution.com/san-pham/kem-duong-tai-tao-hieu-chinh-lan-da-ban-dem-repairing-night-cream-50-ml/,https://vhndistribution.com/wp-content/uploads/2023/04/repairing-night-cream-copy.png,None,False,False,False,"1. Kem đêm trẻ hoá làn da đến từ dòng sản phẩm cao cấp của nhãn hàng Christina Forever Young.
2.Công thức độc đáo duy nhất của Christina trong kỉ nguyên trẻ hóa da
(Khi gần 10 năm gần đây tại Việt Nam bắt đầu biết đến Peptide là hoạt chất vàng trong trẻ hóa da thì nhãn hàng Christina đã đi đầu ứng dụng công nghệ Peptide sinh học vào trong toàn bộ SP của mình, đặc biệt là trong dòng Forever Young, Serum FY).
Công thức trẻ hóa đột phá gồm: 
+ Peptide tín hiệu kích thích, tăng cường tổng hợp collagen, cải thiện kết cấu da, 
+ Peptide hướng đích X50 Anti-aging kích thích nguyên bào sợi. 
+ Phức hợp Syn-Hycan kích thích tổng hợp HA nội sinh, tăng proteoglycan, cải thiện chất lượng collagen.
+ HA thủy phân, chiết xuất tảo lục, 
+ Retinol HPR cùng với AHA: Retinol HPR là Retinoid thế hệ mới - dẫn xuất của Retinoic acid có tác dụng toàn diện tương tự Tretinoin nhưng an toàn, không gây kích ứng, kết hợp cùng AHA có tác dụng tăng tốc độ đổi mới tế bào, làm mịn bề mặt, tăng sinh collagen làm trẻ hóa da
=> Mang lại hiệu quả trẻ hóa toàn diện: LÀM MỜ, CĂNG ĐẦY NẾP NHĂN, GIÚP DA SĂN CHẮC - ĐÀN HỒI, CĂNG BÓNG, RẠNG RỠ.
3. Chất kem đặc, mang lại cảm giác mềm mại, mượt mà trên làn da"
171,Christina,Christina - Forever Young - Radiance Moisturizing Mask - 50ml (Mặt nạ ngủ dưỡng ẩm chống lão hóa),1500000,%,1500000,"Christina - Forever Young - Radiance Moisturizing Mask - 50ml (Mặt nạ ngủ dưỡng ẩm chống lão hóa)
Khách hàng có độ tuổi từ 30 trở lên. Sử dụng cho da thường, da khô, da hỗn hợp. Da nhiều dấu hiệu lão hóa như nếp nhăn, chảy xệ da thiếu săn chắc & đàn hồi. Làn da không đồng đều sắc tố, xỉn màu, thiếu sức sống.","Thành phần: 
- Vitamin A, C, E và K
- Beta-carotene
- ETF peptide
- GF peptide
Công dụng: 
Mặt nạ giàu dưỡng chất cung cấp độ ẩm tối đa, tái tạo hàng rào bảo vệ da và chống oxy hóa. Sự kết hợp dồi dào của các Peptide sinh học và Vitamin đẩy lùi các dấu hiệu lão hóa, tăng cường sự kết dính tế bào và sửa chữa biểu bì mang lại cảm giác ngậm nước và căng mọng cho làn da.
Chỉ định: 
Khách hàng có độ tuổi từ 30 trở lên. Sử dụng cho da thường, da khô, da hỗn hợp. Da nhiều dấu hiệu lão hóa như nếp nhăn, chảy xệ da thiếu săn chắc & đàn hồi. Làn da không đồng đều sắc tố, xỉn màu, thiếu sức sống.
Hướng dẫn sử dụng: 
Lấy một lượng sản phẩm vừa đủ, thoa đều lên mặt, để qua đêm. Tuần sử dụng 2 lần, sáng dậy rửa lại cho sạch.

Dung tích: 50ML",https://vhndistribution.com/san-pham/mat-na-ngu-duong-am-chong-lao-hoa-radiance-moisturizing-mask-50-ml/,https://vhndistribution.com/wp-content/uploads/2023/04/radiance-moisturizing-mask-copy.png,None,False,False,False,
172,Christina,Vino Pure Cleanser -1 / Sữa rửa mặt chiết xuất từ nho nguyên chất,N/A,%,N/A,N/A,"Cx nho Bordeaux: giàu protein, vitamin B1, B9, E,C, chất chống oxy hóa cao cung cấp nước cho da làm mịn da cải thiện độ đàn hồi, giảm sự xuất hiện của các đường và nếp nhăn.
- Cleansing active: công nghệ độc đáo làm sạch da hiệu quả mang lại lớp nền mềm mịn

Công dụng:
Sữa rửa mặt nhẹ nhàng và hiệu quả với chiết xuất từ nho và các thành phần tự nhiên giúp phục hồi da, loại bỏ lớp trang điểm và chất bẩn trên bề mặt da.

Hướng dẫn sử dụng:
Tạo ẩm khuôn mặt, lấy 1 – 2 ml sản phẩm vào lòng bàn tay, thoa đều toàn mặt theo chiều cấu tạo da.
Mát xa, rửa mặt trong 1-2 phút. Sau đó, rửa sạch với nước.",N/A,N/A,None,False,False,False,
173,Christina,"Vino Peel - 2a Mặt nạ làm sạch sâu, tái tạo và làm sáng da",N/A,%,N/A,N/A,"Acid từ nho: tẩy tế bào chết, loại bỏ bụi bẩn, kích thích chuyển hóa tế bào, cung cấp năng lượng cho da.
-  Glycolic aicd: trẻ hóa da, loại bỏ tế bào chết và tạp chất, giúp da căng bóng, sáng tông màu da, mang lại vẻ ngoài rạng rỡ.
- Chiết xuất rượu vang đỏ: giúp da căng bóng, đồng đều màu da, cải thiện kết cấu da.

Công dụng:
Loại bỏ các chất bẩn, khô ráp với axit trong nho và rượu vang, mang lại sự trắng sáng và làn da sạch, thoải mái, mềm mại.

Hướng dẫn sử dụng:
Bôi 1 lớp mỏng Vino Peel lên da ( dùng được cả vùng mắt ). Để 1-3p tùy tình trạng da. Lau sạch lại với khăn ẩm",N/A,N/A,None,False,False,False,
174,Christina,Vino Forte Peel - 2b/Mặt nạ tại tạo da tăng cường,N/A,%,N/A,N/A,"Acid từ nho: tẩy tế bào chết, loại bỏ bụi bẩn, kích thích chuyển hóa tế bào, cung cấp năng lượng cho da.
-  Glycolic aicd: trẻ hóa da, loại bỏ tế bào chết và tạp chất, giúp da căng bóng, sáng tông màu da, mang lại vẻ ngoài rạng rỡ.
- Chiết xuất rượu vang đỏ: giúp da căng bóng, đồng đều màu da, cải thiện kết cấu da.

Công dụng:
Công thức cải tiến tinh lọc và kích thích da, loại bỏ bụi bẩn và các tác nhân gây sạm da ở sâu bên trong, giúp làm sạch sâu, làm bóng và trẻ hóa làn da. 

Hướng dẫn sử dụng:
Thoa sản phẩm lên da trong 1-3p. Tránh vùng mắt.Lau thật sạch với khăn ẩm. Chuyển sang bước 3. 
Bỏ qua bước 2b cho da nhạy cảm",N/A,N/A,None,False,False,False,
175,Christina,Vino Elixir 3/Tinh dầu massage,N/A,%,N/A,N/A,"Vitis Vinifera (Grape) Seed Oil : bao gồm các axit béo, giàu vitamin E, C, D và các chất chống oxy hóa mạnh, cung cấp cho da sự hydrat hóa và bảo vệ tối ưu, làm mịn da cải thiện độ đàn hồi, làm giảm sự xuất hiện của các nếp nhăn, hỗ trợ phục hồi và đổi mới da 
- Vitamin C : thành phần chống oxy hóa mạnh, bảo vệ các tế bào da và cải thiện cấu trúc da, thúc đẩy sản xuất collagen và giúp đồng đều màu da.

Công dụng:
tinh dầu matxa giàu thành phần trẻ hóa cung cấp năng lượng cho da, làm sáng da,  cải thiện độ đàn hồi, cung cấp dinh dưỡng giúp da cải thiện rõ rệt và mang lại làn da đầy sức sống.

Hướng dẫn sử dụng:
Dùng lượng vừa đủ, chia đều 5 điểm trên toàn mặt, vỗ đều thẩm thấu một lớp mỏng lên da.
Sau đó, dùng 0.5 - 1 ml tinh dầu mát xa nâng cơ theo chiều cấu tạo da từ 10-15 phút, mát xa thẩm thấu hoàn toàn.",N/A,N/A,None,False,False,False,
176,Christina,Vino Eye Mask 4a/Mặt nạ làm giảm thâm và bọng mắt,N/A,%,N/A,N/A,"Rejuvenating Active - làm giảm quầng thâm, loại bỏ bọng mắt, tăng cường sự mềm mại, làm giảm sự xuất hiện của nếp nhăn, hỗ trợ ngăn ngừa tổn thương mô, làm mới làn da, phục hồi sự mềm mại.
• Bơ Avocado- giàu chất dinh dưỡng làm giảm sự xuất hiện của các dấu hiệu lão hóa, giúp làm mềm, cải thiện độ đàn hồi và đồng đều của da.
• Bơ hạt mỡ - giữ ẩm và phục hồi làn da, giúp tái tạo, hỗ trợ giữ nước trong da, làm mịn da và tăng cường độ đàn hồi cho da.

Công dụng:
Mặt nạ giúp chống lão hóa, phục hồi làn da vùng mắt, làm giảm các quầng thâm quanh mắt, dưỡng ẩm và tái tạo cho một làn da mềm mại và sáng hơn.

Hướng dẫn sử dụng:
Lấy 0.5 ml thoa đều theo chiều cấu tạo da, để thư giãn trong 7- 10 phút.
Sau đó, làm sạch với nước ấm trước, rồi sử dụng khăn ấm để lau sạch bề mặt da.
Lưu ý: Mặt nạ dạng kem, nên không để khô trên bề mặt da, tránh hình thành nếp nhăn giả.",N/A,N/A,None,False,False,False,
177,Christina,Vino Glory Mask 4b/ Mặt nạ trẻ hóa làm sáng da,N/A,%,N/A,N/A,"Cx nho Bordeaux: giàu protein, vitamin B1, B9, E,C, chất chống oxy hóa cao cung cấp nước cho da làm mịn da cải thiện độ đàn hồi, giảm sự xuất hiện của các đường và nếp nhăn.
- Bơ Avocado- giàu chất dinh dưỡng làm giảm sự xuất hiện của các dấu hiệu lão hóa, giúp làm mềm, cải thiện độ đàn hồi và đồng đều của da.
- Resveratrol: chất chống oxy hóa, giữ ẩm tự nhiên, làm sáng da

Công dụng:
Mặt nạ độc đáo giúp cung cấp độ ẩm và dinh dưỡng cần thiết, hỗ trợ thúc đẩy tái tạo làn da, giúp da mềm mại,  cung cấp một vẻ ngoài tươi mới, săn chắc cho làn da.

Hướng dẫn sử dụng:
Lấy 2 - 3 ml thoa đều theo chiều cấu tạo da, để thư giãn trong 7- 10 phút.
Sau đó, làm sạch với nước ấm trước, rồi sử dụng khăn ấm để lau sạch bề mặt da.
Lưu ý: Mặt nạ dạng kem, không để khô trên bề mặt da, tránh hình thành nếp nhăn giả.",N/A,N/A,None,False,False,False,
178,Christina,Vino Sheen Serum 5/Serum chiết xuất từ nho nguyên chất,N/A,%,N/A,N/A," Retinol dạng viên: xóa nhăn hiệu quả cho da, hỗ trợ đồng đều màu da, thúc đẩy độ đàn hồi da, giảm rõ rệt các dấu hiệu lão hóa da.
- Acid Hyaluronic thông minh: Phân tử HA siêu nhỏ thấm sâu vào lớp hạ bì giữ nước làm giảm sự xuất hiện nếp nhăn, collagen & elastin linh hoạt cho làn da săn chắc & đàn hồi.
- Hi-tech Biopolymer: giúp làm săn chắc da, làm mịn da ngay tức thì

Công dụng:
Serum giúp trẻ hóa làn da, loại bỏ đường nhăn và nếp nhăn, thúc đẩy tính đàn hồi và độ săn chắc, cải thiện màu da tươi sáng đồng đều giúp da láng mịn, mềm mại.

Hướng dẫn sử dụng:
Dùng lượng vừa đủ, chia đều 5 điểm trên toàn mặt, vỗ đều thẩm thấu một lớp mỏng lên da.",N/A,N/A,None,False,False,False,
179,Christina,Shielding Cream 6 SPF 20/Kem dưỡng chống lão hóa và chống nắng,N/A,%,N/A,N/A,"Cx nho Bordeaux: giàu protein, vitamin B1, B9, E,C, chất chống oxy hóa cao cung cấp nước cho da làm mịn da cải thiện độ đàn hồi, giảm sự xuất hiện của các đường và nếp nhăn.
- Resveratrol: chất chống oxy hóa, giữ ẩm tự nhiên, làm sáng da
- UVA+Uvb sun filters : thành phần chống nắng bảo vệ da trước tia UV

Công dụng:
Sản phẩm kem cải tiến giữ nước trong da, làm da mềm mại và đàn hồi tốt, loại bỏ đường và  nếp nhăn, chỉ số SPF đảm bảo hiệu quả bảo vệ da khỏi những tác nhân gây hại ngoài 

Hướng dẫn sử dụng:
Lấy một lượng vừa đủ (0,3ml) chia đều
 5 điểm trên khuôn mặt, dùng hai ngón tay vỗ đều cho thẩm thấu.",N/A,N/A,None,False,False,False,
180,Christina,Vino Pure Cleanser – Sữa rửa mặt chiết xuất từ nho nguyên chất,N/A,%,N/A,N/A,"Chiết xuất nho Bordeaux; Cúc La Mã; Chiết xuất nho; Lactic; Ure.

Công dụng:
Sữa rửa mặt tạo bọt làm sạch nhẹ nhàng bụi bẩn, tạp chất trên da, loại bỏ tế bào chết đồng thời cung cấp độ ẩm, chống oxy hóa, cho làn da sạch và mềm tức thì

Chỉ định:
Khách hàng có độ tuổi từ 30 trở lên. Sử dụng cho da thường, da khô, da hỗn hợp. Da lão hóa với các dấu hiệu như nếp nhăn, xỉn màu, thiếu sức sống.

Hướng dẫn sử dụng:
Lấy một lượng vừa đủ ra lòng bàn tay, thêm nước, tạo bọt, mát xa nhẹ nhàng theo chiều cấu tạo da. Sau đó, rửa sạch với nước ấm. Ngày 2 lần sáng và tối",N/A,N/A,None,False,False,False,
181,Christina,Vino Sheen Fusion – Huyết thanh trẻ hoá da,N/A,%,N/A,N/A,"Retinol hình cầu; Hyaluronic acid; Resveratrol; Polymer sinh học; Chiết xuất nho Bordeaux.

Công dụng:
Huyết thanh trẻ hóa với công thức từ nho nguyên chất và Resveratrol giúp chống oxy hóa, ngăn ngừa lão hóa da mạnh mẽ. Retinol hình cầu tăng tái tạo tế bào, tăng sinh collagen giảm nhăn, cùng Polymer sinh học tạo bề mặt da căng bóng tức thì.  

Chỉ định:
 Khách hàng có độ tuổi từ 30 trở lên. Sử dụng cho da thường, da khô, da hỗn hợp. Da lão hóa với các dấu hiệu như nếp nhăn, xỉn màu, thiếu sức sống. Dùng được sau điều trị công nghệ cao như laser, hifu, IPL hay các liệu trình trị liệu Peel, meso.

Hướng dẫn sử dụng:
Buổi sáng và tối, sau nước cân bằng, dùng lượng vừa đủ serum chấm 5 điểm toàn mặt, vỗ đều thẩm thấu. ",N/A,N/A,None,False,False,False,
182,Christina,Absolute Perfect – Huyết thanh tái tạo da chống lão hoá,N/A,%,N/A,N/A,"Peptide 3D; Hyaluronic acid; Polymer sinh học; Retinol hình cầu; Chiết xuất nho Bordeaux.

Công dụng:
Huyết thanh cô đặc làm mờ nếp nhăn, trẻ hóa và củng cố cấu trúc da mạnh mẽ. Sự kết hợp của các thành phần tiên tiến mang tính đột phá: Peptide 3D, Retinol hình cầu, Intelligent Hyaluronic Acid giúp tăng khả năng tổng hợp Collagen, giảm nhăn, phục hồi độ mềm mại, săn chắc và căng mọng, mang lại làn da tươi trẻ, sáng mịn. Polymer sinh học tạo bề mặt da căng bóng và làm đầy các nếp nhăn tức thì.  

Chỉ định:
Khách hàng có độ tuổi từ 30 trở lên. Sử dụng cho da thường, da khô, da hỗn hợp. Da lão hóa với các dấu hiệu như nếp nhăn, xỉn màu, thiếu sức sống. Dùng được sau điều trị công nghệ cao như laser, hifu, IPL hay các liệu trình trị liệu peel, meso.

Hướng dẫn sử dụng:
Buổi sáng và tối, sau nước cân bằng, dùng lượng vừa đủ serum chấm 5 điểm toàn mặt, vỗ đều thẩm thấu",N/A,N/A,None,False,False,False,
183,Christina,Vino Sheen Restoring Cream – Kem làm sáng da và chống lão hoá,N/A,%,N/A,N/A,"Chiết xuất nho Bordeaux; Resveratrol; Oligopeptide 24; Glycerin; Tocopheryl Acetate

Công dụng:
Kem dưỡng ngày & đêm giúp dưỡng ẩm, tăng sinh collagen giảm nhăn và tăng sự săn chắc cho da. Nhóm phức hợp từ nho nguyên chất chống oxy hóa, ngăn ngừa lão hóa da, làm sáng da hiệu quả

Chỉ định:
Khách hàng có độ tuổi từ 30 trở lên. Sử dụng cho da thường, da khô, da hỗn hợp. Da lão hóa với các dấu hiệu như nếp nhăn, xỉn màu, thiếu sức sống.

Hướng dẫn sử dụng:
Buổi sáng và tối, sau bước serum, dùng lượng vừa đủ chấm 5 điểm toàn mặt, vỗ đều để thẩm thấu. 
Dùng thêm kem chống nắng phù hợp vào buổi sáng",N/A,N/A,None,False,False,False,
184,Christina,"Shelding Cream SPF 30 – Kem dưỡng ẩm, chống lão hoá và chống nắng SPF 30",N/A,%,N/A,N/A,"Chiết xuất nho Bordeaux; Resveratrol; UV Filter; Lactic acid; Ure.

Công dụng:
Kem dưỡng trẻ hóa da ban ngày tăng sinh collagen mạnh mẽ, làm săn chắc và mờ nếp nhăn. Hợp chất từ nho nguyên chất hỗ trợ làm sáng và đều màu da. Màng lọc tia UV ngăn ngừa tác hại từ ánh nắng mặt trời

Chỉ định:
Khách hàng có độ tuổi từ 30 trở lên. Sử dụng cho da thường, da khô, da hỗn hợp. Da lão hóa với các dấu hiệu như nếp nhăn, xỉn màu, thiếu sức sống.
Bảo quản: Ở nhiệt độ phòng, tránh ánh nắng trực tiếp.

Hướng dẫn sử dụng:
Buổi sáng, sau bước serum, dùng lượng vừa đủ chấm 5 điểm toàn mặt, vỗ đều để thẩm thấu",N/A,N/A,None,False,False,False,
185,Christina,Deep Beauty Night Cream – Kem dưỡng ẩm chống lão hoá da ban đêm,N/A,%,N/A,N/A,"Chiết xuất nho Bordeaux; Tinh dầu mầm lúa mì; Oligopeptide; Resveratrol; Tocopheryl Acetate

Công dụng:
Kem dưỡng đêm không thể thiếu để trẻ hóa làn da trong suốt giấc ngủ với khả năng: tăng cường tái tạo tế bào mới, tăng sinh collagen, nuôi dưỡng tế bào, làm sáng và đồng đều màu da. Làn da tươi mới, săn chắc, căng bóng và tràn đầy sức sống sau mỗi đêm ngủ. Một giải pháp lý tưởng mang tới sự hỗ trợ hoàn hảo cho trẻ hóa da khi kết hợp với liệu trình công nghệ cao.

Chỉ định:
Khách hàng có độ tuổi từ 30 trở lên. Sử dụng cho da thường, da khô, da hỗn hợp. Da lão hóa với các dấu hiệu như nếp nhăn, xỉn màu, thiếu sức sống.

Hướng dẫn sử dụng:
Buổi tối, sau bước serum, dùng lượng vừa đủ chấm 5 điểm toàn mặt, vỗ đều để thẩm thấu.",N/A,N/A,None,False,False,False,
186,Christina,Vino Glory Mask – Mặt nạ tái tạo da và chống lão hoá,N/A,%,N/A,N/A,"Chiết xuất nho Bordeaux; Resveratrol; Trái bơ; Tocopheryl Acetate; Glyceryl

Công dụng:
Mặt nạ giàu dưỡng chất, tăng cường độ ẩm, hiệu quả trong việc làm mờ nếp nhăn cho làn da mịn màng rạng rỡ. Sự kết hợp từ nho và Resveratrol chống oxy hóa, bảo vệ da mạnh mẽ, giúp phục hồi sức sống và sự tươi trẻ của làn da. Đồng thời, kích thích khả năng tổng hợp Collagen, gia tăng độ săn chắc và đàn hồi mang đến làn da căng mọng, mịn màng, tươi sáng. 

Chỉ định:
Khách hàng có độ tuổi từ 30 trở lên. Sử dụng cho da thường, da khô, da hỗn hợp. Da lão hóa với các dấu hiệu như nếp nhăn, xỉn màu, thiếu sức sống.

Hướng dẫn sử dụng:
Buổi tối, sau bước nước cân bằng, đắp một lớp mặt nạ dày trên mặt, cổ, ngực, thư giãn trong 10 phút, không mát xa. Sau đó, làm sạch lại với nước, thoa nước cân bằng, sử dụng kem dưỡng phù hợp.",N/A,N/A,None,False,False,False,
187,Christina,Rejuvenating Vineyard Eye Cream – Kem trẻ hoá da vùng mắt,N/A,%,N/A,N/A,"Chiết xuất cám gạo; Protein đậu nành; Oligopeptide 24; Resveratrol; Chiết xuất trái bơ.

Công dụng:
Kem trẻ hóa vùng mắt ngày và đêm là giải pháp trị liệu hiệu quả toàn diện cho tất cả các hiện tượng lão hóa vùng mắt như nhăn, chùng, chân chim, thâm quầng, bọng mắt. Công thức ưu việt và độc đáo dưỡng ẩm, làm đầy, tăng sinh collagen xóa nhăn, tái tạo tế bào mới và chống oxy hóa để chống thâm quầng, tăng cường lưu thông tuần hoàn máu, trao đổi chất để ngăn bọng mắt. Sản phẩm mang lại diện mạo mới trẻ trung, tươi sáng cho vùng da quanh mắt.

Chỉ định:
 Khách hàng có độ tuổi từ 30 trở lên. Sử dụng cho da thường, da khô, da hỗn hợp. Da lão hóa với các dấu hiệu như nếp nhăn, xỉn màu, thiếu sức sống.

Hướng dẫn sử dụng:
Sáng và tối, sau nước cân bằng, dùng một lượng vừa đủ, vỗ nhẹ nhàng thẩm thấu vùng mắt, cổ.",N/A,N/A,None,False,False,False,
188,Floslek,Floslek - Anti acne - Face cleansing gel advance - 125ml (Gel rửa mặt ngừa mụn),330000,%,330000,N/A,"Thành phần: 
- Seboregulating complex: Điều tiết bã nhờn, kiểm soát dầu và kháng khuẩn.
- Chiết xuất bồ hòn: Chất làm sạch tự nhiên
- Lactic acid + Citric acid: Kháng khuẩn, loại bỏ tế bào chết, mang lại làn da mịn màng. Kích thích tăng cường độ ẩm tự nhiên trên da.
Công dụng: 

Dòng sản phẩm Anti Acne dành cho làn da dầu, mụn chứa công thức dịu nhẹ, kháng khuẩn, kháng viêm và làm dịu da nhanh chóng. Mang đến sự chăm sóc lý tưởng và bề mặt da láng mịn, không bóng dầu.

Sữa rửa mặt kiềm dầu sử dụng phức hợp Sebaryl từ công nghệ sinh học được sáng chế dành riêng cho da dầu. Lớp bọt mịn chứa các thành phần làm sạch dịu nhẹ từ quả bồ hòn len lỏi vào sâu trong lỗ chân lông, làm sạch và làm dịu cho làn da mụn, mang đến một làn da tươi mới và láng mịn.
Chỉ định: 
Tình trạng da dầu, mụn, da hỗn hợp.
Cải thiện tình trạng da dày sừng, bít tắc, mụn sưng viêm. Giảm tình trạng tăng tiết dầu.  
Hướng dẫn sử dụng: 
Lấy 1-2ml sữa rửa mặt, thêm nước để tạo bọt, thoa đều lên mặt đã được làm ẩm, massage nhẹ nhàng sau đó rửa sạch bằng nước. Sử dụng ngày 2 lần vào buổi sáng và buổi tối.

Dung tích: 125ml",https://vhndistribution.com/san-pham/sua-rua-mat-diet-khuan-anti-acne-face-cleansing-gel-125ml/,https://vhndistribution.com/wp-content/uploads/2023/04/face-cleansing-gel.png,None,False,False,False,
189,Floslek,"Floslek - Anti acne - Mattifying cream mixed and oily skin, prone to acne - 40ml (Kem dưỡng ẩm kiềm dầu cho da dầu, mụn và hỗn hợp)",590000,%,590000,"Floslek - Anti acne - Mattifying cream mixed and oily skin, prone to acne - 40ml (Kem dưỡng ẩm kiềm dầu cho da dầu, mụn và hỗn hợp)
Tình trạng da dầu, da hỗn hợp, các tình trạng mụn.
Cải thiện tình trạng da dày sừng, bít tắc. Giảm tình trạng tăng tiết dầu.","Thành phần: 
- Seboregulating complex: Điều tiết bã nhờn, kiểm soát dầu và kháng khuẩn.
- Yeast extract (nấm men): Cung cấp nhiều dưỡng chất có lợi cho da, đặc tính kháng viêm, kháng khuẩn.
- Allantoin: Giảm viêm, lành tổn thương, làm dịu da.
- Nymphaea Alba Flower Extract (chiết xuất hoa súng trắng): Làm dịu, giữ ẩm.
Công dụng: 
Dòng sản phẩm Anti Acne dành cho làn da dầu, mụn chứa công thức dịu nhẹ, kháng khuẩn, kháng viêm và làm dịu da nhanh chóng. Mang đến sự chăm sóc lý tưởng và bề mặt da láng mịn, không bóng dầu.

Kem dưỡng kiềm dầu là một giải pháp lý tưởng dành cho làn da dầu mụn. Sản phẩm có chứa phức hợp kiểm soát dầu từ thực vật, giúp kháng khuẩn, kháng viêm, cân bằng dầu nước cho làn da. Ngoài ra, kem cung cấp lượng độ ẩm phù hợp, chống lại sự mất nước, tăng cường hàng rào bảo vệ và chống Oxy hoá cho làn da dầu mụn.
Chỉ định: 
Tình trạng da dầu, da hỗn hợp, các tình trạng mụn.
Cải thiện tình trạng da dày sừng, bít tắc. Giảm tình trạng tăng tiết dầu.
Hướng dẫn sử dụng: 
Lấy 1 lượng vừa đủ, thoa đều lên mặt, vỗ nhẹ nhàng cho đến khi sản phẩm thẩm thấu hoàn toàn vào da. Sử dụng ngày 2 lần vào buổi sáng sáng và buổi tối.
Dung tích: 40ml",https://vhndistribution.com/san-pham/kem-kiem-soat-dau-va-dieu-tiet-nhon-mattifying-cream-advance-new-50ml/,https://vhndistribution.com/wp-content/uploads/2023/08/mattifying-cream-san-pham.jpg,None,False,False,False,
190,Floslek,Floslek - Anti acne 24h System - Face cleansing gel - 200ml (Gel rửa mặt ngừa mụn 24h),460000,%,460000,"Floslek - Anti acne 24h System - Face cleansing gel - 200ml ( 
 	
Gel rửa mặt ngừa mụn 24h)
Sử dụng cho da dầu, da hỗn hợp, các tình trạng mụn.
Cải thiện tình trạng da dày sừng, bít tắc. Giảm tình trạng tăng tiết dầu.
Sử dụng được cho da dầu mụn nhạy cảm.","Thành phần: 
- Seboregulating complex: Điều tiết bã nhờn, kiểm soát dầu và kháng khuẩn.
- Polyplant Oily Skin®: Làm dịu da.
- BHA: Loại bỏ tế bào chết.
Công dụng: 

Dòng sản phẩm chăm sóc 24h chuyên biệt được thiết kế để chăm sóc làn da dễ bị tổn thương do mụn trứng cá, mụn đầu đen, mụn mủ và mụn sẩn dưới da, cũng như tăng sản xuất bã nhờn, lỗ chân lông bị tắc và ửng đỏ do mụn.

Gel rửa mặt dành cho da hỗn hợp và da dầu dễ bị mụn giúp nhẹ nhàng làm sạch, loại bỏ các tạp chất và bã nhờn dư thừa. Phức hợp điều tiết bã nhờn sẽ giúp bình thường hóa hoạt động của tuyến bã nhờn, nhờ đó, làm chậm quá trình tiết dầu trên da mặt. Polyplant Oily Skin làm giảm các khuyết điểm, dưỡng ẩm và làm dịu da. 


Chỉ định: 
Sử dụng cho da dầu, da hỗn hợp, các tình trạng mụn.
Cải thiện tình trạng da dày sừng, bít tắc. Giảm tình trạng tăng tiết dầu.
Sử dụng được cho da dầu mụn nhạy cảm.
Hướng dẫn sử dụng: 
Lấy 1-2ml sữa rửa mặt, thêm nước để tạo bọt, thoa đều lên mặt đã được làm ẩm, massage nhẹ nhàng sau đó rửa sạch bằng nước. Sử dụng ngày 2 lần vào buổi sáng và buổi tối.

Dung tích: 200ml",N/A,N/A,None,False,False,False,"1. Công thức làm sạch hiệu quả cho da dầu, đồng thời giúp dưỡng ẩm, làm mềm mịn da, không tạo cảm giác khô căng sau khi rửa nhờ phức hợp Lamesoft PO 65
2. Bổ sung salicylic acid giúp làm sạch sâu và thông thoáng lỗ chân lông
3. Phức hợp độc quyền Sebaryl đem làm khả năng kiểm soát dầu nhờn hiệu quả.
4. Phức hợp Polyplant oily skin với chiết xuất đa thực vật đem lại hiệu quả giảm bã nhờn, cân bằng hệ vi sinh, giảm viêm và ngăn mất nước.
-> LÀM SẠCH SÂU, HỖ TRỢ SE CỒI MỤN, KHÔNG BỊ RÍT VÀ KHÔ DA, CẢM GIÁC DỄ CHỊU, GIÁ THÀNH DỄ TIẾP CẬN KHÁCH HÀNG MỚI SỬ DỤNG MP, HỌC SINH, SINH VIÊN..."
191,Floslek,"Floslek - Anti acne 24h System - Mattifying Cream mixed, oily and acne-prone skin - 50ml (Kem dưỡng ẩm kiềm dầu cho da dầu, mụn và hỗn hợp 24h)",650000,%,650000,"Floslek - Anti acne 24h System - Mattifying Cream mixed, oily and acne-prone skin - 50ml (Kem dưỡng ẩm kiềm dầu cho da dầu, mụn và hỗn hợp 24h)
Sử dụng cho da dầu, da hỗn hợp, các tình trạng mụn.
Cải thiện tình trạng da dày sừng, bít tắc. Giảm tình trạng tăng tiết dầu.
Sử dụng được cho da dầu mụn nhạy cảm","Thành phần: 
- Seboregulating complex: Điều tiết bã nhờn, kiểm soát dầu và kháng khuẩn.
- Dạng hoạt động của kẽm: Kiềm dầu.
- Chiết xuất nấm men: Làm dịu da.

Công dụng: 
Dòng sản phẩm chăm sóc 24h chuyên biệt được thiết kế để chăm sóc làn da dễ bị tổn thương do mụn trứng cá, mụn đầu đen, mụn mủ và mụn sẩn dưới da, cũng như tăng sản xuất bã nhờn, lỗ chân lông bị tắc và ửng đỏ do mụn.

Kem dưỡng kiềm dầu cho làn da dầu và da dễ bị mụn chứa hàm lượng phức hợp điều tiết bã nhờn, kẽm hoạt tính và chiết xuất men giúp làm giảm các đốm ửng đỏ, đồng thời, ngăn ngừa hình thành đốm mụn mới. Phức hợp thực vật (chiết xuất cây ngưu bàng, cải xoong, cây thường xuân, chanh, cây xô thơm và xà phòng) làm chậm quá trình tiết bã nhờn ở các vùng da tiết bã nhờn và ngăn không cho da bị bóng nhờn. Panthenol và Allantoin cung cấp đủ nước, giúp làm dịu và tái tạo da.

Chỉ định: 
Sử dụng cho da dầu, da hỗn hợp, các tình trạng mụn.
Cải thiện tình trạng da dày sừng, bít tắc. Giảm tình trạng tăng tiết dầu.
Sử dụng được cho da dầu mụn nhạy cảm
Hướng dẫn sử dụng: 
Lấy 1 lượng vừa đủ, thoa đều lên mặt, vỗ nhẹ nhàng cho đến khi sản phẩm thẩm thấu hoàn toàn vào da. Sử dụng ngày 2 lần vào buổi sáng sáng và buổi tối.
Dung tích: 50ml",https://vhndistribution.com/san-pham/kem-kiem-soat-dau-va-dieu-tiet-nhon-mattifying-cream-50ml/,https://vhndistribution.com/wp-content/uploads/2023/04/mattifying-cream.png,None,False,False,False,"1. Sản phẩm dưỡng ẩm mỏng nhẹ, không gây bí da dành cho da dầu.
2. Phức hợp độc quyền Sebaryl của dòng Anti-acne tạo nên hiệu quả  kiềm dầu chính cho sản phẩm
3. Sepicalm (từ chiết xuất hoa súng trắng) và Polyplant Oily Skin (phức hợp đa thực vật) đem lại hiệu quả nuôi dưỡng và làm dịu những làn da mụn viêm, nhạy cảm.
4. Sopholiance S (thành phần từ nấm lên men) giúp ngăn ngừa sự phát triển của vi khuẩn gây mụn C.acnes
-> HIỆU QUẢ, AN TOÀN, DỄ THẨM THẤU, KHÔNG VÓN CỤC, BẾT DÍNH VỚI MỨC GIÁ DỄ TIẾP CẬN KHÁCH HÀNG."
192,Floslek,Floslek - Anti Acne -  24H system Normalizing Face toner - 225ml (Nước cân bằng dành cho da dầu và da hỗn hợp 24H),507000,%,507000,"Floslek - Anti Acne -  24H system Normalizing Face toner - 225ml (

Nước cân bằng dành cho da dầu và da hỗn hợp 24H)
Sử dụng cho da dầu, da hỗn hợp, các tình trạng mụn.
Cải thiện tình trạng da dày sừng, bít tắc. Giảm tình trạng tăng tiết dầu.
Sử dụng được cho da dầu mụn nhạy cảm","Thành phần: 
- Seboregulating complex: Điều tiết bã nhờn, kiểm soát dầu và kháng khuẩn.
- Polyplant Oily Skin®: Làm dịu da.
- Chiết xuất nấm men: Làm dịu da.
- BHA: Loại bỏ tế bào chết.
Công dụng: 
Dòng sản phẩm chăm sóc 24h chuyên biệt được thiết kế để chăm sóc làn da dễ bị tổn thương do mụn trứng cá, mụn đầu đen, mụn mủ và mụn sẩn dưới da, cũng như tăng sản xuất bã nhờn, lỗ chân lông bị tắc và ửng đỏ do mụn.
Nước cân bằng dành cho da hỗn hợp, da dầu và da dễ bị mụn 24H nhẹ nhàng cân bằng độ ẩm trên da, nuôi dưỡng, làm căng, làm mờ và giúp làm sạch da khỏi bã nhờn dư thừa, mang lại cảm giác sảng khoái và bình thường hóa hoạt động của tuyến bã nhờn, có đặc tính kháng khuẩn.
Chỉ định: 
Sử dụng cho da dầu, da hỗn hợp, các tình trạng mụn.
Cải thiện tình trạng da dày sừng, bít tắc. Giảm tình trạng tăng tiết dầu.
Sử dụng được cho da dầu mụn nhạy cảm
Hướng dẫn sử dụng: 
Lấy 1 lượng vừa đủ, thoa đều lên mặt, vỗ nhẹ nhàng cho đến khi sản phẩm thẩm thấu hoàn toàn vào da. Sử dụng ngày 2 lần vào buổi sáng sáng và buổi tối.
Dung tích: 225ml",N/A,N/A,None,False,False,False,
193,Floslek,Floslek - Anti acne 24h System - Soothing Serum - 50ml (Serum làm dịu da mụn 24h),590000,%,590000,"Floslek - Anti acne 24h System - Soothing Serum - 50ml ( 
 	
Serum làm dịu da mụn 24h)
Sử dụng cho da dầu, da hỗn hợp, các tình trạng mụn.
Cải thiện tình trạng da dày sừng, bít tắc. Giảm tình trạng tăng tiết dầu.
Da có vấn đề thâm mụn
Sử dụng được cho da dầu mụn nhạy cảm","Thành phần: 
- Niacinamide: Giảm viêm, hỗ trợ điều trị mụn, làm sáng da.
- Squalane: Hoạt chất dưỡng ẩm.
- BHA: Loại bỏ tế bào chết.
Công dụng: 
Dòng sản phẩm chăm sóc 24h chuyên biệt được thiết kế để chăm sóc làn da dễ bị tổn thương do mụn trứng cá, mụn đầu đen, mụn mủ và mụn sẩn dưới da, cũng như tăng sản xuất bã nhờn, lỗ chân lông bị tắc và ửng đỏ do mụn.

Serum làm dịu cho làn da dầu và da dễ bị mụn chứa thành phần Niacinamide và BHA có khả năng giảm thiểu mẩn đỏ, giảm xu hướng mụn đầu đen và thu nhỏ lỗ chân lông. Squalane mang hiệu quả săn chắc, giữ ẩm, hỗ trợ tái tạo lớp biểu bì. Sử dụng thường xuyên serum làm giảm các khuyết điểm, bình thường hóa quá trình tiết bã nhờn và làm sáng da, hỗ trợ điều trị thâm mụn.
Chỉ định: 
Sử dụng cho da dầu, da hỗn hợp, các tình trạng mụn.
Cải thiện tình trạng da dày sừng, bít tắc. Giảm tình trạng tăng tiết dầu.
Da có vấn đề thâm mụn
Sử dụng được cho da dầu mụn nhạy cảm
Hướng dẫn sử dụng: 
Lấy 1 lượng vừa đủ, thoa đều lên mặt, vỗ nhẹ nhàng cho đến khi sản phẩm thẩm thấu hoàn toàn vào da. Sử dụng ngày 2 lần vào buổi sáng sáng và buổi tối.
Dung tích: 50ml",N/A,N/A,None,False,False,False,
194,Floslek,Floslek - Anti acne 24h System - Spot gel for imperfections - 20ml (Gel chấm ngăn ngừa mụn trứng cá 24h),380000,%,380000,"Floslek - Anti acne 24h System - Spot gel for imperfections - 20ml (Gel chấm ngăn ngừa mụn trứng cá 24h)
Dùng cho các tình trạng mụn: Mụn ẩn, mụn sưng viêm.","Thành phần: 
- Seboregulating complex: Điều tiết bã nhờn, kiểm soát dầu và kháng khuẩn.
- Sopholiance, Zinc gluconate: Kiềm dầu.
- Allantoin: Giảm viêm, lành tổn thương, làm dịu da.
- Chiết xuất nấm men: Làm dịu da.
Công dụng: 
Dòng sản phẩm chăm sóc 24h chuyên biệt được thiết kế để chăm sóc làn da dễ bị tổn thương do mụn trứng cá, mụn đầu đen, mụn mủ và mụn sẩn dưới da, cũng như tăng sản xuất bã nhờn, lỗ chân lông bị tắc và ửng đỏ do mụn.

Gel đặc trị mụn trứng cá giúp giảm viêm, tiêu sưng, chữa lành thương tổn và hỗ trợ làm se cồi mụn nhanh chóng. Với hiệu quả kháng khuẩn, kháng viêm, và các nhóm peptide cần thiết cho da thúc đẩy tái tạo biểu bì, ngăn ngừa thâm mụn. Gel đặc trị mụn trứng cá dạng gel trong suốt từ Anti Acne thực sự là giải pháp lý tưởng cho những làn da có mụn trứng cá.
Chỉ định: 
Dùng cho các tình trạng mụn: Mụn ẩn, mụn sưng viêm.
Hướng dẫn sử dụng: 
Lấy 1 lượng vừa đủ, thoa lên vùng có mụn đỏ, viêm và mụn hở. Sử dụng ngày 2-3 lần sau các bước làm sạch da.
Dung tích: 20ml",N/A,N/A,None,False,False,False,"Gel đặc trị mụn trứng cá giúp giảm viêm, tiêu sưng, chữa lành thương tổn và hỗ trợ làm se cồi mụn nhanh chóng. Với hiệu quả kháng khuẩn, kháng viêm, và các nhóm peptide cần thiết cho da thúc đẩy tái tạo biểu bì, ngăn ngừa thâm mụn. Gel đặc trị mụn trứng cá dạng gel trong suốt từ Anti Acne thực sự là giải pháp lý tưởng cho những làn da có mụn trứng cá."
195,Floslek,"Floslek - Suncare - Oil free sun protection tinted cream SPF50+ mixed and oily skin - 50ml (Kem chống nắng có màu dành cho da dầu, mụn và hỗn hợp)",618000,%,618000,N/A,"Thành phần: 
- Seboregulating complex: Điều tiết bã nhờn, kiểm soát dầu và kháng khuẩn.
- Màng lọc hóa học & vật lý (SPF50, PA 5+): Giúp bảo vệ da khỏi tác hại từ tia UV với chỉ số bảo vệ cao. 
- Vitamin E: Dưỡng ẩm, chống oxy hóa.
Công dụng: 
Kem chống nắng Oil Free SPF 50+  mang lại sự bảo vệ cho làn da trước tia UVA, UVB của ánh nắng mặt trời. Sản phẩm còn điều chỉnh sự hoạt động của bã nhờn, vì vậy sẽ đem lại cảm giác ráo, không dính rít, bóng nhờn, lý tưởng cho làn da dầu, da hỗn hợp, da mụn. Kem chống nắng có màu tự nhiên mang lại một làn da đều màu, tươi tắn, hoàn hảo như một lớp nền trang điểm.
Chỉ định: 
Phù hợp cho da dầu, mụn, da hỗn hợp, lỗ chân lông rộng. Da không đồng đều màu, có khuyết điểm.
Hướng dẫn sử dụng: 
Thoa 1 lượng sản phẩm lên da trước khi ra ngoài nắng 30 phút. Ngày sử dụng 2-3 lần để đem lại hiệu quả bảo vệ tốt nhất.
Dung tích: 50ml",https://vhndistribution.com/san-pham/kem-chong-nang-oilfree-spf50-50ml/,https://vhndistribution.com/wp-content/uploads/2023/04/oil-free-sun-protection-tinted-cream-spf-50.png,None,False,False,False,
196,Floslek,"Floslek - Suncare - Oil-free sun protection tinted cream SPF 50+ advance - 30ml (Kem chống nắng có màu dành cho da dầu, mụn và hỗn hợp)",598000,%,598000,N/A,"Thành phần: 
- Seboregulating complex: Điều tiết bã nhờn, kiểm soát dầu và kháng khuẩn.
- Màng lọc hóa học & vật lý (SPF50, PA 5+): Giúp bảo vệ da khỏi tác hại từ tia UV với chỉ số bảo vệ cao. 
- Vitamin E: Dưỡng ẩm, chống oxy hóa.
Công dụng: 
Kem chống nắng Oil Free SPF 50+  mang lại sự bảo vệ cho làn da trước tia UVA, UVB của ánh nắng mặt trời. Sản phẩm còn điều chỉnh sự hoạt động của bã nhờn, vì vậy sẽ đem lại cảm giác ráo, không dính rít, bóng nhờn, lý tưởng cho làn da dầu, da hỗn hợp, da mụn. Kem chống nắng có màu tự nhiên mang lại một làn da đều màu, tươi tắn, hoàn hảo như một lớp nền trang điểm.
Chỉ định: 
Phù hợp cho da dầu, mụn, da hỗn hợp, lỗ chân lông rộng. Da không đồng đều màu, có khuyết điểm.
Hướng dẫn sử dụng: 
Thoa 1 lượng sản phẩm lên da trước khi ra ngoài nắng 30 phút. Ngày sử dụng 2-3 lần để đem lại hiệu quả bảo vệ tốt nhất.
Dung tích: 30ml",N/A,N/A,None,False,False,False,
197,Floslek,Floslek - Suncare - Anti-wrinkle Protective Cream SPF30 - 30ml (Kem chống nắng chống nhăn và bảo vệ da),680000,%,680000,"Floslek - Suncare - Anti-wrinkle Protective Cream SPF30 - 30ml ( 
         
Kem chống nắng chống nhăn và bảo vệ da)
Dành cho da khô, da nhạy cảm, da thường. Đặc biệt da lão hóa.","Thành phần: 
- Thành phần chống nắng hóa học: Bảo vệ da khỏi tác hại UVA và UVB, tăng sắc tố sau viêm.
- Matrixyl 3000: Peptide giúp kích thích sản sinh collagen, nhằm chống lão hóa. Giảm sự xuất hiện của các nếp nhăn, cải thiện kết cấu da. 
- Vitamin E: Chống oxy hóa, bảo vệ da khỏi tác hại từ các gốc tự do, hỗ trợ làm giảm quá trình lão hóa.
- Bơ hạt mỡ: Đặc tính nuôi dưỡng, tăng cường độ ẩm cho da. Tăng cường hàng rào bảo vệ da. 
Công dụng: 
Kem chống nắng chống lão hóa bảo vệ da trước ánh nắng mặt trời với màng lọc hiệu quả kết hợp cùng các thành phần chống lão hóa peptide và vitamin E. Trong quá trình bảo vệ, sản phẩm đồng thời cung cấp độ ẩm, tăng sinh collagen và ngăn ngừa lão hóa da.
Chỉ định: 
Dành cho da khô, da nhạy cảm, da thường. Đặc biệt da lão hóa.
Hướng dẫn sử dụng: 
Thoa 1 lượng sản phẩm lên da trước khi ra ngoài nắng 30 phút. Ngày sử dụng 2-3 lần để đem lại hiệu quả bảo vệ tốt nhất.
Dung tích: 30ml",https://vhndistribution.com/san-pham/kem-chong-nang-chong-nhan-anti-wrinkle-spf30-30ml/,https://vhndistribution.com/wp-content/uploads/2023/04/anti-wrinkle-protective-cream-spf30.png,None,False,False,False,
198,Floslek,"Floslek - Revita C Revitalization - Vitamin Concentrate under eyes, on the face, neck, neckline - 30ml (Serum làm sáng và trẻ hóa da)",935000,%,935000,"Floslek - Revita C Revitalization - Vitamin Concentrate under eyes, on the face, neck, neckline - 30ml (Serum làm sáng và trẻ hóa da)
Phù hợp cho làn da chảy xệ, lão hóa, mất nước.
Da có tình trạng thâm mụn, không đồng đều màu.","Thành phần: 
- Vitamin C dạng ổn định hoạt động giúp làm sáng da, mờ thâm, là nguồn nguyên liệu sản sinh collagen tự thân.
- Chiết xuất retinol từ thực vật (Vitanol): Hiệu quả tương tự như Retinol, nhưng với đặc tính ổn định và dịu nhẹ hơn. Mang lại làn da căng mướt, mềm mịn hơn. Ngăn ngừa các dấu hiệu lão hóa.
- Fucogel: Tăng cường thời gian duy trì độ ẩm trên da. Mang lại làn da mềm mại, đàn hồi. 
Công dụng: 
Revita C ứng dụng công nghệ vi nang khiến các dưỡng chất thẩm thấu sâu hơn và phát huy hiệu quả ưu việt hơn trên làn da, đồng thời, làm giảm hiện tượng kích ứng da. Chứa Vitamin C bền vững và hợp chất Vitanol từ thảo dược (Cỏ Linh Lăng) giúp làn da mềm mại, mịn màng, căng mướt, cải thiện hiện tượng thô sần, tối xỉn và chống lão hoá sớm cho da.

Huyết thanh Revita C làm sáng, giảm nhăn và trẻ hóa da nuôi dưỡng làn da vùng mặt, cổ và mắt, sẽ mang lại sự mịn màng, sắc diện đồng đều, tăng cường sự săn chắc và làm chậm quá trình lão hoá.
Chỉ định: 
Phù hợp cho làn da chảy xệ, lão hóa, mất nước.
Da có tình trạng thâm mụn, không đồng đều màu.
Hướng dẫn sử dụng: 
Lấy 1 lượng vừa đủ, thoa đều lên mặt, vỗ nhẹ nhàng cho đến khi sản phẩm thẩm thấu hoàn toàn vào da. Sử dụng ngày 2 lần vào buổi sáng sáng và buổi tối.
Dung tích: 30 ml",N/A,N/A,None,False,False,False,
199,Floslek,Floslek - Revita C Revitalization - Ultra moisturizer day cream - 50ml (Kem dưỡng làm sáng và trẻ hóa da ban ngày),780000,%,780000,"Floslek - Revita C Revitalization - Ultra moisturizer day cream - 50ml (Kem dưỡng làm sáng và trẻ hóa da ban ngày)
- Phù hợp cho làn da chảy xệ, lão hóa, mất nước.
- Da có tình trạng thâm mụn, không đồng đều màu.","Thành phần: 
- Phức hợp làm sáng - Etioline TM (5%) - chiết xuất từ cây Mitracarpur Scaber (cọ nhiệt đới) và Bearberry giúp làm sáng, giảm thâm, cải thiện về độ đồng đều tông da.
- Bơ hạt mỡ: Đặc tính nuôi dưỡng, tăng cường độ ẩm cho da. Tăng cường hàng rào bảo vệ da. 
- Tocopherol - Tiền chất vitamin E: Dưỡng ẩm, chống oxy hóa, tăng cường khả năng hàng rào bảo vệ da. 
- Vitamin C: Kích thích tổng hợp collagen, làm chậm lại sự xuất hiện của các dấu hiệu lão hóa. Làm sáng, giảm thâm, bảo vệ da khỏi tác hại từ tia UV. 
Công dụng: 
Revita C ứng dụng công nghệ vi nang khiến các dưỡng chất thẩm thấu sâu hơn và phát huy hiệu quả ưu việt hơn trên làn da, đồng thời, làm giảm hiện tượng kích ứng da. Chứa Vitamin C bền vững và hợp chất Vitanol từ thảo dược (Cỏ Linh Lăng) giúp làn da mềm mại, mịn màng, căng mướt, cải thiện hiện tượng thô sần, tối xỉn và chống lão hoá sớm cho da.

Kem dưỡng ngày Revita C cung cấp độ ẩm dồi dào cho làn da, bảo vệ da khỏi sự mất nước, thoát ẩm và các tác nhân có hại từ môi trường bên ngoài.
Chỉ định: 
- Phù hợp cho làn da chảy xệ, lão hóa, mất nước.
- Da có tình trạng thâm mụn, không đồng đều màu.
Hướng dẫn sử dụng: 
Lấy 1 lượng kem vừa đủ, chấm đều 5 điểm trên mặt, thoa đều và vỗ nhẹ để sản phẩm thẩm thấu hoàn toàn vào da. Sử dụng vào buổi sáng. Cải thiện rõ rệt sau 4 tuần sử dụng.
Dung tích: 50ml",https://vhndistribution.com/san-pham/kem-duong-lam-sang-giam-nhan-va-tre-hoa-da-ban-ngay-re-vita-c-50ml/,https://vhndistribution.com/wp-content/uploads/2023/04/vita-c-ultra-moisturizer-day-cream.png,None,False,False,False,
200,Floslek,Floslek - Revita C Revitalization - Ultra revitalizer night cream - 50ml (Kem dưỡng làm sáng và trẻ hóa da ban đêm),858000,%,858000,"Floslek - Revita C Revitalization - Ultra revitalizer night cream - 50ml (Kem dưỡng làm sáng và trẻ hóa da ban đêm)
- Phù hợp cho làn da chảy xệ, lão hóa, mất nước.
- Da có tình trạng thâm mụn, không đồng đều màu.","Thành phần: 
- Phức hợp làm sáng - Etioline TM (5%) - chiết xuất từ cây Mitracarpur Scaber (cọ nhiệt đới) và Bearberry giúp làm sáng, giảm thâm, cải thiện về độ đồng đều tông da. 
- Bơ hạt mỡ: Đặc tính nuôi dưỡng, tăng cường độ ẩm cho da. Tăng cường hàng rào bảo vệ da. 
- Tocopherol - Tiền chất vitamin E giúp dưỡng ẩm, tăng cường chức năng của hàng rào bảo vệ da. Chống lão hóa da. 
- Vitamin C: Kích thích tăng sinh tổng hợp Collagen, làm giảm sự xuất hiện của các dấu hiệu lão hóa da. Làm sáng, giảm thâm, đồng đều màu da. Bảo vệ da khỏi tác hại tia UV. 
- Vitanol: Giảm nhăn, giúp trẻ hóa da toàn diện, tăng khả năng cường khả năng phục hồi. Tăng cường độ săn chắc và đàn hồi da. 
Công dụng: 
Revita C ứng dụng công nghệ vi nang khiến các dưỡng chất thẩm thấu sâu hơn và phát huy hiệu quả ưu việt hơn trên làn da, đồng thời, làm giảm hiện tượng kích ứng da. Chứa Vitamin C bền vững và hợp chất Vitanol từ thảo dược (Cỏ Linh Lăng) giúp làn da mềm mại, mịn màng, căng mướt, cải thiện hiện tượng thô sần, tối xỉn và chống lão hoá sớm cho da.

Kem dưỡng đêm Revita C cung cấp độ ẩm dồi dào cho làn da, phục hồi và thúc đẩy tái tạo làn da trong suốt giấc ngủ hỗ trợ làm sáng, giảm thâm. Đồng thời các hoạt chất tăng sinh collagen, giảm nếp nhăn, tăng cường sự đàn hồi, săn chắc và căng bóng cho da.
Chỉ định: 
- Phù hợp cho làn da chảy xệ, lão hóa, mất nước.
- Da có tình trạng thâm mụn, không đồng đều màu.
Hướng dẫn sử dụng: 
Lấy 1 lượng kem vừa đủ, chấm đều 5 điểm trên mặt, thoa đều và vỗ nhẹ để sản phẩm thẩm thấu hoàn toàn vào da. Sử dụng vào buổi tối trước khi đi ngủ. Cải thiện rõ rệt sau 4 tuần sử dụng.
Dung tích: 50ml",https://vhndistribution.com/san-pham/kem-duong-lam-sang-giam-nhan-va-tre-hoa-da-ban-dem-re-vita-c-50ml/,https://vhndistribution.com/wp-content/uploads/2023/04/vita-c-ultra-revitalizer-night-cream.png,None,False,False,False,
201,Floslek,Floslek - WHITE & BEAUTY Spot lightening cream (Kem dưỡng da làm sáng các đốm sậm màu),715000,%,715000,"Floslek - WHITE & BEAUTY Spot lightening cream
 (Kem dưỡng da làm sáng các đốm sậm màu)
Spot lightening cream lý tưởng với làn da nám, tàn nhàng, đồi mồi, tăng sắc tố sau viêm, da xỉn màu, không đều màu.","Thành phần: 
- Phức hợp làm sáng - Etioline TM (5%): Ức chế hoạt động enzyme Tyrosinase, ngăn ngừa hình thành Melanin. Làm sáng bề mặt da, bảo vệ da khỏi tác hại từ tia UV. 
- Bơ hạt mỡ (3%): Đặc tính nuôi dưỡng, tăng cường độ ẩm cho da. Tăng cường hàng rào bảo vệ da. 
- Vitamin E 0.25%: Dưỡng ẩm, chống oxy hóa. Bảo vệ da khỏi tác hại từ môi trường bên ngoài. 
Công dụng: 
Spot lightening cream mang hiệu quả dưỡng trắng và trị nám với công thức dịu nhẹ, phù hợp với nhiều loại da.

Kem dưỡng trắng da và làm mờ vết thâm nám Spot lightening cream có chứa phức hợp làm sáng Etioline TM mang hiệu quả ức chế hoạt động của enzyme Tyrosinase, ngăn ngừa hình thành Melanin. Từ đó, nuôi dưỡng bề mặt da tươi sáng, bảo vệ da khỏi tác hại của tia UV, đồng thời, cấp ẩm dồi dào và nuôi dưỡng cho làn da mềm mại và mượt mà.
Chỉ định: 
Spot lightening cream lý tưởng với làn da nám, tàn nhàng, đồi mồi, tăng sắc tố sau viêm, da xỉn màu, không đều màu.
Hướng dẫn sử dụng: 
Lấy 1 lượng kem vừa đủ thoa đều toàn mặt sau đó vỗ nhẹ để thẩm thấu hoàn toàn sản phẩm vào da. Ngày 2 lần vào buổi sáng và buổi tối. Sử dụng liên tục tối thiểu 4 tuần để đạt hiệu quả cao.
Dung tích: 50ml",https://vhndistribution.com/san-pham/kem-duong-trang-mo-nam-spot-lightening-cream-50ml/,https://vhndistribution.com/wp-content/uploads/2023/04/spot-lightening-cream.png,None,False,False,False,
202,Floslek,"Floslek - WHITE & BEAUTY Spot cream lightening discoloration and freckles (Kem chấm làm sáng các nốt sậm màu, tàn nhang)",610000,%,610000,"Floslek - WHITE & BEAUTY Spot cream lightening discoloration and freckles (
Kem chấm làm sáng các nốt sậm màu, tàn nhang)
Kem lý tưởng với làn da nám, tàn nhàng, đồi mồi, tăng sắc tố sau viêm, da xỉn màu, không đều màu.","Thành phần: 
- Phyllanthus Emblica (Amla) 2% - chiết xuất quả Gooseberry Ấn Độ: Giàu vitamin C, khoáng chất và tannin: Làm sáng, chống oxy hóa mạnh, bảo vệ khỏi tác hại từ tia UV. Kích thích tái tạo da. 
- Vitamin C: Giảm thâm nám, làm đồng đều màu da. 
Công dụng: 
- Giảm thâm/nám, giảm tình trạng tăng sắc tố. 
- Tăng cường tái tạo.
- Làm đồng đều màu da.
Chỉ định: 
Kem lý tưởng với làn da nám, tàn nhàng, đồi mồi, tăng sắc tố sau viêm, da xỉn màu, không đều màu.
Hướng dẫn sử dụng: 
Chấm kem lên những vùng da nám, sắc tố sậm màu, vỗ nhẹ để sản phẩm thẩm thấu vào da. Dùng sáng và tối, ngày 2 lần. Trong trường hợp sử dụng ban ngày, hãy bảo vệ da bằng kem chống nắng chỉ số cao. Sử dụng thường xuyên tối thiểu 8 tuần.
Dung tích: 20ml",https://vhndistribution.com/san-pham/kem-cham-not-sam-mau-diem-nam-intense-spots-and-freckles-lightening-cream-20ml/,https://vhndistribution.com/wp-content/uploads/2023/04/spot-cream-lightening-discolorations-and-freckles.png,None,False,False,False,
203,Floslek,"Floslek - White & Beauty - Day Cream anti-aging against discolourations SPF 30 (Kem làm sáng da, chống lão hóa với chỉ số chống nắng SPF 30)",680000,%,680000,"Floslek - White & Beauty - Day Cream anti-aging against discolourations SPF 30
 (Kem làm sáng da, chống lão hóa với chỉ số chống nắng SPF 30)
- Dành cho làn da không đồng đều sắc tố như nám, tàn nhang, đồi mồi. 
- Dưỡng ẩm và chống lão hóa da. ","Thành phần: 
- Bộ lọc UV: Bảo vệ da khỏi tác hại từ tia UV.
- Panthenol: Làm dịu, phục hồi và duy trì độ ẩm cho da.
- Peptide: Kích thích tăng sinh collagen, làm sáng và tái tạo da.
- Bơ hạt mỡ: Đặc tính nuôi dưỡng, tăng cường độ ẩm cho da. Tăng cường hàng rào bảo vệ da. 
- Chiết xuất nha đam: Làm dịu da.
Công dụng: 
Kem ngày hỗ trợ điều trị nám, làm sáng da và chống lão hóa với chỉ số chống nắng SPF 30 phù hợp với cả làn da nhạy cảm. Với các hoạt chất thông minh đồng thời làm dịu da, cung cấp độ ẩm và tăng sinh collagen, sản phẩm vừa làm sáng da, trẻ hóa da trong suốt thời gian ban ngày.
Chỉ định: 
- Dành cho làn da không đồng đều sắc tố như nám, tàn nhang, đồi mồi. 
- Dưỡng ẩm và chống lão hóa da. 
Hướng dẫn sử dụng: 
Lấy 1 lượng kem vừa đủ thoa đều toàn mặt sau đó vỗ nhẹ để thẩm thấu hoàn toàn sản phẩm vào da. Ngày 2 lần vào buổi sáng và buổi tối. Sử dụng liên tục tối thiểu 4 tuần để đạt hiệu quả cao.
Dung tích: 30ml",N/A,N/A,None,False,False,False,
204,Floslek,Floslek - DERMO EXPERT WHITE & BEAUTY Lightening acid peel night care (Serum peel làm sáng da ban đêm),810000,%,810000,"Floslek - DERMO EXPERT WHITE & BEAUTY Lightening acid peel night care (Serum peel làm sáng da ban đêm)
Dành cho làn da sạm, nám, lão hóa. Da khô và dày sừng.","Thành phần: 
- Mandelic acid: Tẩy tế bào chết, mang lại làn da sáng và đồng đều màu hơn. 
- Azelaic acid: Tăng cường khả năng tái tạo da, cải thiện cấu trúc da.
- Lightening Complex - Etioline™ : Làm sáng, đồng đều màu da. 
- Urea: Giữ ẩm, nuôi dưỡng và làm dịu da. Tăng cường khả năng bảo vệ da tự nhiên.
- Panthenol: Làm dịu, phục hồi và duy trì độ ẩm cho da.
Công dụng: 
Tinh chất tái tạo và làm sáng da hỗ trợ loại bỏ tế bào sừng giúp mịn màng, mềm mại, tăng cường khả năng hấp thụ oxy cho da. Sản phẩm giúp thanh lọc, làm sạch, tăng cường tái tạo bề mặt, cung cấp độ ẩm và làm sáng da, đem đến hiệu quả đồng đều màu da. Sản phẩm lý tưởng kết hợp trong liệu trình điều trị nám.
Chỉ định: 
Dành cho làn da sạm, nám, lão hóa. Da khô và dày sừng.
Hướng dẫn sử dụng: 
Lấy 1 lượng sản phẩm vừa đủ thoa đều lên mặt, vỗ nhẹ cho sản phẩm thẩm thấu hoàn toàn vào da sau đó thoa kem dưỡng. Liều tấn công dùng 7 ngày liên tục, chỉ dùng vào buổi tối. Sau đó duy trì tuần dùng 2 lần.
Dung tích: 30ml",https://vhndistribution.com/san-pham/tinh-chat-tai-tao-da-lightening-acid-peeling-night-care-30ml/,https://vhndistribution.com/wp-content/uploads/2023/04/dermo-expert-white-beauty.png,None,False,False,False,
205,Floslek,Floslek - ZeLove Marine water bomb 2 in 1 (Gel dưỡng ẩm 2 trong 1),650000,%,650000,"Floslek - ZeLove Marine water bomb 2 in 1 (Gel dưỡng ẩm 2 trong 1)
Zelove lý tưởng với da khô, da mất nước. 
Da nhạy cảm, những làn da hay tiếp xúc với môi trường ô nhiễm, phòng lạnh, thiết bị công nghệ... ","Thành phần: 
- Nước biển ngầm Đại Tây Dương – Tinh khiết, dịu nhẹ: Dồi dào khoáng chất như magiê, kali, natri, sắt, mangan.
- Axit hyaluronic: Giữ ẩm, ngậm nước, duy trì độ ẩm lâu dài trên da. 
- Panthenol: Dưỡng ẩm, làm dịu, tái tạo và phục hồi làn da. Provitamin B5 có đặc tính ổn định chức năng bảo vệ của lớp biểu bì.

Công dụng: 
Được ví như ""trái Bomb mọng nước"", ZeLove chứa nước biển ngầm Đại Tây Dương và các hoạt chất độc đáo mang lại sự nuôi dưỡng tuyệt vời cho mọi loại da. Với khả năng cấp ẩm cao, ZeLove sẽ đem lại làn da căng bóng và cảm giác rất tươi mới nhờ công thức gel nhẹ nhàng, mát lạnh. Sản phẩm còn có khả năng làm dịu, phục hồi làn da nhạy cảm. Công thức ưu việt của ZeLove mang lại sản phẩm đa tác dụng: Dưỡng ẩm, mặt nạ ngủ... sẽ là trải nghiệm phong phú trong quá trình dưỡng da.
Chỉ định: 
Zelove lý tưởng với da khô, da mất nước. 
Da nhạy cảm, những làn da hay tiếp xúc với môi trường ô nhiễm, phòng lạnh, thiết bị công nghệ... 
Hướng dẫn sử dụng: 
Lấy 1 lượng vừa đủ, thoa đều lên vùng da mặt và vỗ nhẹ để thẩm thấu hoàn toàn vào da. Ngày 2 lần sáng và tối sau bước làm sạch. Hoặc sử dụng như mặt nạ ngủ: thoa 1 lớp gel mỏng để qua đêm sáng hôm sau rửa sạch lại với nước (tuần 2-3 lần).
Dung tích: 50ml",https://vhndistribution.com/san-pham/gel-duong-am-2-trong-1-zelove-50ml/,https://vhndistribution.com/wp-content/uploads/2023/04/ze-love.png,None,False,False,False,
206,Floslek,Floslek - BALANCE T-zone Gommage Peeling with AHA acids (Gel tẩy da chết chứa AHA),750000,%,750000,"Floslek - BALANCE T-zone Gommage Peeling with AHA acids (Gel tẩy da chết chứa AHA)
Dành cho da hỗn hợp thiên dầu, da dầu, mụn, da dày sừng, lỗ chân lông rộng.","Thành phần: 
- AHA acids (Tartaric Acid, Malic Acid, Citric Acid): Nhẹ nhàng loại bỏ tế bào chết, thu nhỏ lỗ chân lông, mang lại bề mặt da mịn màng, thông thoáng. Giúp các hoạt chất có thể thẩm thấu sâu, mang lại hiệu quả rõ rệt hơn.
- Chiết xuất cây Phỉ: Làm dịu da tức thì.
- Chiết xuất sơ ri: Tái tạo, phục hồi. Dưỡng ẩm và chống lão hóa da nhờ thành phần giàu vitamin C, A, B. 
Công dụng: 
Tẩy tế bào da chết dạng gel siêu nhẹ giúp làm sạch da, loại bỏ tế bào chết, giúp da mịn màng, mềm mượt. Nhóm thành phần acid kết hợp với các chiết xuất thực vật tự nhiên hỗ trợ làm mờ thâm và làm đều màu da, tăng khả năng hấp thụ dưỡng chất của da.
Chỉ định: 
Dành cho da hỗn hợp thiên dầu, da dầu, mụn, da dày sừng, lỗ chân lông rộng.
Hướng dẫn sử dụng: 
Rửa sạch da mặt, sau đó làm ẩm. Lấy lượng vừa đủ sản phẩm, thoa đều lên da (mặt, cổ, ngực tránh vùng mắt). Dùng đầu ngón tay, mát xa nhẹ nhàng cho đến khi xuất hiện các hạt nhỏ tế bào chết trên da. Rửa sạch ngay với nước. Tuần sử dụng 1-2 lần
Dung tích: 125g",https://vhndistribution.com/san-pham/tay-da-chet-danh-cho-da-hon-hop-thien-dau-da-dau-mun-gommage-peeling-125ml/,https://vhndistribution.com/wp-content/uploads/2023/04/gommage-peeling-aha.png,None,False,False,False,
207,Ivatherm,"Ivatherm - Cicaderm Cream - 40ml (Kem phục hồi, hỗ trợ tái tạo da và ngăn ngừa sẹo)",715000,%,715000,"Ivatherm - Cicaderm Cream - 40ml (Kem phục hồi, hỗ trợ tái tạo da và ngăn ngừa sẹo)
Vết thương
Vết bỏng
Sau laser và sẹo vi phẫu
Sau trị liệu xâm lấn, mesotherapy/ thay da
Sau triệt lông
Sau vết mổ trong phẫu thuật thẩm mỹ
Sau phun xăm mày
Hăm tã, côn trùng cắn ở trẻ nhỏ
* Dùng trên vùng vết thương không quá lớn, với những vết thương nặng và cần cầm máu, điều trị, bệnh nhân hãy đến bệnh viện và được điều trị bởi Bác sĩ.","Thành phần: 
 - Nước khoáng Herculane: Làm dịu da tức thì, kháng viêm, chống oxy hóa mạnh mẽ
- Mimosa Tenuiflora: Làm lành tổn thương. Kháng viêm, kháng khuấn. Tăng cường tái tạo & Ngăn ngừa sẹo. Làm dịu, giảm đau, giảm viêm
- Vitamin E: Chống oxy hóa
- Dầu Cọ, dầu Hướng Dương: Làm mềm, dưỡng ẩm. Phục hồi hàng rào bảo vệ 
Công dụng: 
Cicaderm là tâm huyết của nhà sáng lập thương hiệu Ivatherm trong việc kết hợp giữa tiến bộ khoa học và sức mạnh của thiên nhiên giúp tái tạo da mạnh mẽ và ngăn ngừa sẹo. Sự kết hợp độc đáo của nước khoáng Herculane cùng chiết xuất Mimosa Tenuiflora giúp:
- Làm lành tổn thương, làm dịu da tức thì
- Hỗ trợ cầm máu, kích thích tăng sinh tế bào, tăng cường quá trình tái tạo da
- Giảm viêm, kháng khuẩn
- Ngăn ngừa hình thành sẹo và vết thâm.
Chỉ định: 
Vết thương
Vết bỏng
Sau laser và sẹo vi phẫu
Sau trị liệu xâm lấn, mesotherapy/ thay da
Sau triệt lông
Sau vết mổ trong phẫu thuật thẩm mỹ
Sau phun xăm mày
Hăm tã, côn trùng cắn ở trẻ nhỏ
* Dùng trên vùng vết thương không quá lớn, với những vết thương nặng và cần cầm máu, điều trị, bệnh nhân hãy đến bệnh viện và được điều trị bởi Bác sĩ.
Hướng dẫn sử dụng: 
Sử dụng 2-3 lần/ngày hoặc theo chỉ định bác sĩ da liễu.
 Lưu ý: Dùng trên vùng vết thương không quá lớn, với những vết thương nặng và cần cầm máu, điều trị, bệnh nhân hãy đến bệnh viện để được điều trị bởi Bác sĩ. Không sử dụng cho vùng niêm mạc.
Dung tích: 40ml",https://vhndistribution.com/san-pham/kem-tai-tao-da-va-ngan-ngua-seo-cicaderm-cream-40ml-6/,https://vhndistribution.com/wp-content/uploads/2023/04/cicaderm.jpg,None,False,False,False,"1. Kem dưỡng tái tạo da và ngăn ngừa sẹo Cicaderm được định vị tại thị trường Việt Nam là kem dưỡng phục hồi, tái tạo, ngăn ngừa sẹo nên có mặt trong tủ thuốc/ chăm sóc da của mọi gia đình.
Sản phẩm là sự kết hợp của nhà sáng lập Hurezeanu và cựu chủ tịch hiệp hội thẩm mỹ Pháp Dr Alain với mong muốn mang lại một sản phẩm kem tái tạo, ngừa sẹo hiệu quả tối ưu và an toàn cao nhất cho làn da khách hàng.
2. Với công thức độc đáo và duy nhất từ nhãn hàng Ivatherm kết hợp giữa nước khoáng Herculane (1 trong những nguồn nước khoáng cổ đại nhất của Châu Âu tại Rumani có đặc tính: chống viêm, chống oxy hóa, giảm đỏ, phục hồi hàng rào bảo vệ da)  CÙNG Mimosa Tenuiflora - bảo vật của đất nước Mexico được sử dụng trong y học của người Maya cổ và người Mexico giúp cầm máu, lành thương, phục hồi da nhanh chóng tạo nên hiệu quả đột phá - khác biệt trong kem dưỡng Cicaderm:
+ Làm dịu - giảm đỏ - giảm ngứa - giảm kích ứng da nhanh chóng
+ Phục hồi lớp ràng rào bảo vệ da, dưỡng ẩm sâu
+ Tái tạo mô tổn thương, làm lành da, ngăn ngừa sẹo ở tất cả các giai đoạn hình thành sẹo
-> TÁI TẠO - PHỤC HỒI DA - NGĂN NGỪA SẸO HIỆU QUẢ, AN TOÀN.
3. Ứng dụng đa dạng, phong phú trên nhiều nền da tổn thương, từ độ tuổi từ trẻ sơ sinh
: Từ làn da thương tổn, nhạy cảm, kích ứng đến phun thêu, thẩm mỹ, sau dùng thủ thuật - công nghệ cao, sau vết thương lành phẫu thuật thẩm mỹ ĐẾN làn da bị bỏng, vết thương hở... Mọi độ tuổi từ trẻ sơ sinh. 
(Được các Bác sĩ kê đơn: bất cứ bệnh nhân - khách hàng nào sau liệu trình lazer đều cần 1 tuýp Cicaderm 
Các Chuyên gia điều trị hoàn toàn hài lòng với hiệu quả làm dịu, giảm đỏ tái tạo da sau thủ thuật, meso, công nghệ cao
Hiệu quả trị bỏng đáng kinh ngạc (bỏng bô, bỏng do bình nước máy xông...) - phản hồi từ KH
4. Sản phẩm có kết cấu dễ thấm, mỏng nhẹ với cảm giác dễ chịu, không hương liệu. 
5. Kiểm nghiệm lâm sàng minh bạch và rõ ràng."
208,Ivatherm,"Ivatherm - Ivapur - Thermal Micellar Water - 250ml (Nước tẩy trang giàu khoáng chất cho da dầu nhạy cảm, da mụn)",710000,%,710000,"Ivatherm - Ivapur - Thermal Micellar Water - 250ml (Nước tẩy trang giàu khoáng chất cho da dầu nhạy cảm, da mụn)
Dùng cho mọi làn da.
Đặc biệt là da dầu nhạy cảm, da mụn, da hỗn hợp, da tăng tiết dầu do dưỡng ẩm quá mức
Dùng cho cả vùng mắt và môi","Thành phần: 
Nước khoáng Herculane: Làm dịu da tức thì, kháng viêm, chống oxy hóa mạnh mẽ
Alpha Bisabolol: Chống viêm, kháng khuẩn, sát trùng, không gây dị ứng
Allantoin: Làm dịu, dưỡng ẩm, bảo vệ da khỏi các yếu tố kích ứng
Zinc Gluconate: Kiểm soát bã nhờn, ngăn ngừa mụn
Công dụng: 
Nước tẩy trang giàu khoáng chất Herculane giúp:
Làm sạch lớp bã nhờn dư thừa, trang điểm và tạp chất
Chống kích ứng và làm dịu da
Giảm cảm giác căng khô châm chích cho da.
Đặc biệt sản phẩm phục hồi và bảo vệ da ngay trong quá trình làm sạch, mềm dịu như một sản phẩm dung dịch dưỡng ẩm.
Chỉ định: 
Dùng cho mọi làn da.
Đặc biệt là da dầu nhạy cảm, da mụn, da hỗn hợp, da tăng tiết dầu do dưỡng ẩm quá mức
Dùng cho cả vùng mắt và môi
Hướng dẫn sử dụng: 
Sử dụng 1 lần 1 ngày vào buổi tối. Thấm lotion vào một miếng vải hoặc miếng tẩy trang và lau theo chiều từ trong ra ngoài, từ trên xuống dưới.
Dung tích: 250ml",https://vhndistribution.com/san-pham/ivapur-micellar-lotion-nuoc-tay-trang-giau-khoang-chat-cho-da-dau-nhay-cam-da-mun-250ml/,https://vhndistribution.com/wp-content/uploads/2023/06/IVAPUR-Micellar-lotion-250ml.png,None,False,False,False,
209,Ivatherm,"Ivatherm - Ivapur - Hidra Hydrating Cream - 40ml (Kem dưỡng ẩm cho da dầu nhạy cảm, da mụn)",979000,%,979000,"Ivatherm - Ivapur - Hidra Hydrating Cream - 40ml (Kem dưỡng ẩm cho da dầu nhạy cảm, da mụn)
Dùng cho mọi làn da, đặc biệt da dầu nhạy cảm, da khô mỏng yếu sau điều trị mụn trứng cá.","Thành phần: 
Aquaphyline ®: Tăng cường hydrat hoá làn da. Phục hồi sự mềm mại và đàn hồi.
Shea butter: Giữ ẩm và nuôi dưỡng nhờ các vitamin và axit béo thiết yếu. Nó có tác dụng chống viêm và lành thương.
Alphabisabolol: Đặc tính chống viêm và kháng khuẩn.
Herculane Thermal Water: Làm dịu da tức thì, kháng viêm, chống oxy hóa mạnh mẽ
Công dụng: 
Kem dưỡng ẩm mạnh mẽ, cung cấp nước và cân bằng độ ẩm cho da dầu, da mụn, da dầu nhạy cảm, da khô do điều trị mụn. Với đặc tính kháng viêm và giảm kích ứng, sản phẩm làm dịu da tức thì, tăng cường phục hồi hàng rào bảo vệ tự nhiên của làn da.
Nước khoáng Herculane kết hợp cùng các thành phần dưỡng ẩm độc đáo vừa dưỡng ẩm, vừa phục hồi da, hỗ trợ điều trị mụn, phù hợp với cả làn da nhạy cảm.
Chỉ định: 
Dùng cho mọi làn da, đặc biệt da dầu nhạy cảm, da khô mỏng yếu sau điều trị mụn trứng cá.
Hướng dẫn sử dụng: 
Làm sạch da sau đó thoa 1 lớp mỏng đều trên khuôn mặt, ngày 2 lần sáng – tối
lớp dưỡng ẩm tuyệt vời cho lớp trang điểm.

Dung tích: 40ml",https://vhndistribution.com/san-pham/kem-duong-am-cho-da-dau-nhay-cam-da-mun-ivapur-hidra-hydrating-40ml/,https://vhndistribution.com/wp-content/uploads/2023/04/Ivapur_hydrating-cream.jpg,None,False,False,False,
210,Ivatherm,"Ivatherm - Ivapur - Mat Mattifying cream - 40ml (Kem dưỡng kiềm dầu dành cho da dầu nhạy cảm, da mụn)",891000,%,891000,"Ivatherm - Ivapur - Mat Mattifying cream - 40ml (Kem dưỡng kiềm dầu dành cho da dầu nhạy cảm, da mụn)
Dành cho da dầu mụn, da hỗn hợp thiên dầu, da dầu khô thiếu nước","Thành phần: 
5 Alpha avocuta ®: Giảm sản xuất bã nhờn, làm mờ các vùng da sáng bóng
Aquaphyline ®: Hiệu quả dưỡng ẩm mạnh mẽ, phục hồi sự mềm mại và đàn hồi.
Alphabisabolol: Đặc tính chống viêm và kháng khuẩn
Herculane Thermal Water: Làm dịu da tức thì, kháng viêm, chống oxy hóa mạnh mẽ
Công dụng: 
Kem dưỡng ẩm kiểm soát bã nhờn, phục hồi làn da, kháng viêm và ngăn ngừa sự hình thành mụn. Sự kết hợp của nước khoáng Herculane và các thành phần dưỡng ẩm, kiểm soát dầu, kháng viêm giúp sản phẩm mang lại hiệu quả cao trên nền da dầu mụn nhạy cảm.

Chỉ định: 
Dành cho da dầu mụn, da hỗn hợp thiên dầu, da dầu khô thiếu nước
Hướng dẫn sử dụng: 
Làm sạch da sau đó thoa 1 lớp mỏng đều trên khuôn mặt, ngày 2 lần sáng – tối
Dung tích: 40ml",https://vhndistribution.com/san-pham/kem-duong-kiem-dau-danh-cho-da-dau-nhay-cam-da-mun-ivapur-mat-matifying-cream-40ml/,https://vhndistribution.com/wp-content/uploads/2023/04/iavpur-mat.png,None,False,False,False,
211,Ivatherm,"Ivatherm - Ivapur - K Cream for acne- prone oily skin - 30ml (Kem dưỡng giúp giảm mụn đầu đen, giảm bóng nhờn dành cho da hỗn hợp, da dầu nhạy cảm, da mụn)",968000,%,968000,"Ivatherm - Ivapur - K Cream for acne- prone oily skin - 30ml (Kem dưỡng giúp giảm mụn đầu đen, giảm bóng nhờn dành cho da hỗn hợp, da dầu nhạy cảm, da mụn)
Dùng cho da dầu nhạy cảm, da mụn đầu đen, da dầy sừng, sần sùi thô ráp","Thành phần: 
AHA và BHA acids: Tẩy da chết nhẹ, thông thoáng lỗ chân lông, giải phóng bã nhờn
Melaleluca oil: kháng khuẩn,chống viêm. Giảm sản xuất bã nhờn và có tác dụng làm sạch.
Octopirox ®: Kháng khuẩn và chống nấm
Alphabisabolol: Chống viêm và kháng khuẩn.
Herculane Thermal Water: Làm dịu da tức thì, kháng viêm, chống oxy hóa mạnh mẽ

Công dụng: 
Kem dưỡng với công thức mạnh mẽ giảm bít tắc lỗ chân lông, bong tróc lớp tế bào sừng, loại bỏ mụn cám mụn đầu đen, hỗ trợ kiềm dầu, kháng viêm kháng khuẩn và làm dịu da.
Chỉ định: 
Dùng cho da dầu nhạy cảm, da mụn đầu đen, da dầy sừng, sần sùi thô ráp
Hướng dẫn sử dụng: 
Bôi vào buổi sáng và buổi tối lên mặt đã được làm sạch bằng gel tạo bọt IVAPUR hoặc IVAPUR micellar lotion. Lớp nền trang điểm tuyệt vời.
Dung tích: 30ml",https://vhndistribution.com/san-pham/kem-duong-giup-giam-mun-dau-den-giam-bong-nhon-danh-cho-da-hon-hop-da-dau-nhay-cam-da-mun-ivapur-k-30ml/,https://vhndistribution.com/wp-content/uploads/2023/04/ivapur-k.png,None,False,False,False,
212,Ivatherm,Ivatherm - Ivapur - AI Akne-Syt Cream for oily skin with severe imperfections - 30ml (Kem dưỡng giúp giảm mụn sưng viêm),590000,%,590000,"Ivatherm - Ivapur - AI Akne-Syt Cream for oily skin with severe imperfections - 30ml (Kem dưỡng giúp giảm mụn sưng viêm)
Dùng trên các nốt mụn sưng viêm","Thành phần: 
Sytenol A®: Sebo-điều chỉnh, kháng khuẩn và chống viêm
Glycolic acid: Khắc phục sự siêu sừng hóa
Salicylic acid: Tăng tốc tế bào, lột tẩy, tẩy tế bào chết
Octopirox®: Kháng khuẩn và kháng nấm
Alphabisabolol: Chống viêm và kháng khuẩn
Herculane Thermal Water: Làm dịu da tức thì, kháng viêm, chống oxy hóa mạnh mẽ
Công dụng: 
Kem đặc trị mụn thoa lên những nốt mụn viêm giúp đẩy nhanh quá trình loại bỏ mụn viêm. Các thành phần kiểm soát sự sản xuất bã nhờn, giảm bóng dầu trên da, ngăn ngừa mụn tái phát. Hiệu quả điều trị mụn và tái tạo, giảm nguy cơ hình thành sẹo như retinoid nhưng không hề có tác dụng phụ. Đặc biệt kem trị mụn mang lại cảm giác dịu nhẹ với thành phần nước khoáng Herculane, không gây châm chích và khó chịu trên vùng da bị mụn.
Chỉ định: 
Dùng trên các nốt mụn sưng viêm
Hướng dẫn sử dụng: 
Chấm trực tiếp vào nốt mụn. Hấp thụ nhanh chóng vào da. Sử dụng sau khi rửa mặt
Dung tích: 30ml",https://vhndistribution.com/san-pham/kem-dac-tri-mun-sung-viem-mini-product-ivapur-ai-5ml/,https://vhndistribution.com/wp-content/uploads/2023/04/1-3.jpg,None,False,False,False,"Kem chấm mụn kết hợp các hoạt chất vàng trong trị mụn gồm AHA, BHA và Retinol thực vật.
Kết hợp giữa kháng khuẩn C.acnes với kháng nấm nhờ thành phần độc quyền Octopyrox.
Đồng thời phục hồi cấu trúc da sau mụn, hạn chế thâm mụn nhờ Bisabolol, kẽm và nước khoáng Herculane."
213,Ivatherm,"Ivatherm - Ivapur - Purifying Cleansing Gel - 250ml (Sữa rửa mặt thanh lọc da dành cho da dầu mụn nhạy cảm, da mụn)",880000,%,880000,"Ivatherm - Ivapur - Purifying Cleansing Gel - 250ml (Sữa rửa mặt thanh lọc da dành cho da dầu mụn nhạy cảm, da mụn)
Dùng cho da dầu hoặc da hỗn hợp thiên dầu, dễ bị mụn trứng cá. Có thể dùng để cạo râu.
","Thành phần: 
Zincidone®: ức chế mạnh mẽ hoạt động tiết bã nhờn và sự gia tăng của vi khuẩn liên quan đến mụn trứng cá, ngay cả ở nồng độ rất thấp
Red Juniper Essential Oil: kháng viêm, kháng khuẩn cho da
Nước khoáng Herculane: Làm dịu da tức thì, kháng viêm, chống oxy hóa mạnh mẽ
Công dụng: 
Sản phẩm làm sạch chuyên sâu được các bác sĩ da liễu khuyên dùng. Sự kết hợp giữa nguồn nước khoáng Herculane và các hoạt chất thông minh, các thành phần tự nhiên giúp làm dịu da, ức chế hoạt động vi khuẩn gây mụn đồng thời dưỡng ẩm, giảm viêm và điều chỉnh sự sản xuất bã nhờn trên da. Làn da được thanh lọc, khỏe mạnh và hấp thụ dưỡng chất tối ưu hơn.
Chỉ định: 
Dùng cho da dầu hoặc da hỗn hợp thiên dầu, dễ bị mụn trứng cá, dùng được cho da dầu-mụn có kèm nhạy cảm nhẹ đến vừa.  Có thể dùng để cạo râu.

Hướng dẫn sử dụng: 
Sử dụng 1 lần 1 ngày vào buổi tối. Lấy 1 lượng ra lòng bàn tay, tạo bọt kỹ và thoa đều lên da theo chiều xoắn ốc, tập trung vào những điểm lỗ chân lông rộng. Làm sạch lại với nước.
Dung tích: 250ml",https://vhndistribution.com/san-pham/sua-rua-mat-thanh-loc-da-danh-cho-da-dau-mun-nhay-cam-da-mun-250ml/,https://vhndistribution.com/wp-content/uploads/2024/07/Ivapur-Purifying-Cleansing-Gel.jpg,None,False,False,False,
214,Ivatherm,Ivatherm - Ivapur - SPF50+ Anti-shine Fluid - 50ml (Kem chống nắng kiềm dầu),990000,%,990000,"Ivatherm - Ivapur - SPF50+ Anti-shine Fluid - 50ml (Kem chống nắng kiềm dầu)
Dùng cho mọi làn da, đặc biệt da hỗn hợp, da dầu, da nhạy cảm, da nhạy cảm với ánh sáng.","Thành phần: 
Solar filter: màng lọc chống nắng tiên tiến
Glycerin: Dưỡng ẩm, làm dịu da
Nước khoáng Herculane: Làm dịu da tức thì, kháng viêm, chống oxy hóa mạnh mẽ
Công dụng: 
Anti-Shine Fluid with SPF50+ có chỉ số chống nắng cao dành cho da hỗn hợp, da dầu nhạy cảm, dễ nổi mụn. Kem chống nắng dạng lỏng dễ thẩm thấu, lan tỏa vào bề mặt da và tạo cảm giác ráo nhẹ, thoải mái trên da. Không chỉ bảo vệ, ngăn ngừa sự xuất hiện của thâm mụn, các dấu hiệu lão hóa, sản phẩm có chứa nước khoáng Herculane giúp làm dịu và tăng cường sức đề kháng mạnh mẽ cho da.
Chỉ định: 
Dùng cho mọi làn da, đặc biệt da hỗn hợp, da dầu, da nhạy cảm, da nhạy cảm với ánh sáng.
Hướng dẫn sử dụng: 
Làm sạch da sau đó thoa 1 lớp mỏng đều trên khuôn mặt,  ngày 1 lần vào buổi sáng
Dung tích: 50ml",https://vhndistribution.com/san-pham/kem-chong-nang-kiem-dau-ivapur-antishine-fluid-spf50-coming-soon/,https://vhndistribution.com/wp-content/uploads/2024/02/Ivapur-SPF50.jpg,None,False,False,False,
215,Ivatherm,"Ivatherm - Ivawhite - Intensive whitening serum - 30ml (Serum dưỡng trắng dành cho da sạm, nám, tối xỉn, tăng sắc tố)",1518000,%,1518000,"Ivatherm - Ivawhite - Intensive whitening serum - 30ml (Serum dưỡng trắng dành cho da sạm, nám, tối xỉn, tăng sắc tố)
Dùng cho làn da muốn điều trị thâm, nám, tàn nhang, tăng sắc tố. Da muốn làm sáng, đều màu da. Dùng được cho làn da nhạy cảm.","Thành phần: 
Care Active White TG (4-n-butylresorcinol): là chất ức chế mạnh nhất quá trình sản sinh tyrosinase ở người (TYR) và melanin, vượt trội so với axit kojic, arbutin hoặc hydroquinone. Làm sáng, mịn da, giảm các đốm sắc tố và vết nám.
SCIRPUSOL®: Là chất ức chế Tyrosinase hiệu quả gấp ba lần so với axit kojic. Thúc đẩy quá trình giảm sắc tố da và cải thiện độ sáng.
Cinderella Care®: Ngăn chặn quá trình chuyển melanin đến các tế bào sừng và ngăn ngừa hình thành sắc tố da lâu dài. Giảm hơn 90% sự biểu hiện của kinesin, enzym mang sắc tố melanin lên bề mặt da.
Cam thảo: Ức chế các enzym tham gia sản xuất melanin, ở nồng độ rất thấp, do đó tăng cường khả năng dung nạp của sản phẩm.
Herculane Thermal Water: Làm dịu da tức thì, kháng viêm, chống oxy hóa mạnh mẽ
Công dụng: 
Serum đặc trị nám với sự kết hợp độc đáo của các thành phần độc đáo, mang lại hiệu quả mạnh mẽ trong việc ngăn ngừa, điều trị nám, thúc đẩy quá trình làm đều màu, làm sáng da rõ rệt. Nước khoáng Herculane cùng các thành phần thành phần đặc trị hoạt động hiệu quả trên cả nền da nám nhạy cảm.
Chỉ định: 
Dùng cho làn da muốn điều trị thâm, nám, tàn nhang, tăng sắc tố. Da muốn làm sáng, đều màu da. Dùng được cho làn da nhạy cảm.
Hướng dẫn sử dụng: 
Thoa đều lên vùng da mặt và cổ. Dùng sáng và tối trước bước kem dưỡng.
Sử dụng ít nhất 8 tuần. Nên kết hợp cùng với kem dưỡng Ivawhite Whitening Cream để mang lại hiểu quả cao.
Dung tích: 30ml",https://vhndistribution.com/san-pham/serum-dac-tri-nam-lam-sang-da-ivawhite-whitening-serum-30ml/,https://vhndistribution.com/wp-content/uploads/2023/04/ivawhite-serum.jpg,None,False,False,False,"1. Serum điều trị nám, làm sáng da hiệu quả trên cả nền da nám nhạy cảm, da tăng sắc tố, thâm mụn với công thức mạnh mẽ tác động tập trung vào giai đoạn tổng hợp và vận chuyển melanin:
- Care Active White TG (4-n-butylresorcinol): là chất ức chế enzyme tyrosinase (TYR) và sản sinh melanin ở người mạnh nhất hiện tại, vượt trội so với axit kojic, arbutin hoặc hydroquinone. Làm sáng, mịn da, giảm các đốm sắc tố và vết nám.
- SCIRPUSOL®: Là chất ức chế Tyrosinase hiệu quả gấp ba lần so với axit kojic. Thúc đẩy quá trình giảm sắc tố da và cải thiện độ sáng.
- Cinderella Care®: Ngăn chặn quá trình chuyển melanin đến các tế bào sừng và ngăn ngừa hình thành sắc tố da lâu dài. Giảm hơn 90% sự biểu hiện của kinesin, enzym mang sắc tố melanin lên bề mặt da.
- Cam thảo: Ức chế các enzym tham gia sản xuất melanin, ở nồng độ rất thấp, do đó tăng cường khả năng dung nạp của sản phẩm.
- Herculane Thermal Water: Làm dịu da tức thì, kháng viêm, chống oxy hóa mạnh mẽ
-> Hiệu quả mạnh mẽ bên trong da -> Lỹ tưởng nhất khi kết hợp cùng kem Ivawhite Cream để mang lại hiệu quả điều trị nám toàn diện.
2. Serum có kết cấu mỏng nhẹ, dễ thẩm thấu, không bết dính với mùi hương nhẹ nhàng, sang trọng."
216,Ivatherm,"Ivatherm - Ivawhite - Whitening Cream - 50ml (Kem dưỡng làm trắng dành cho da sạm, nám, tối xỉn, tăng sắc tố)",1428000,%,1428000,"Ivatherm - Ivawhite - Whitening Cream - 50ml (Kem dưỡng làm trắng dành cho da sạm, nám, tối xỉn, tăng sắc tố)
Dùng cho làn da muốn điều trị thâm, nám, tàn nhang, tăng sắc tố. Da muốn làm sáng, đều màu da. Dùng được cho làn da nhạy cảm.","Thành phần: 
Wonderlight ™: làm giảm số lượng tế bào hắc tố hoạt động và ức chế sản xuất melanin. Hiệu quả đã được chứng minh lâm sàng đối với các đốm tăng sắc tố và nám da (thử nghiệm in vivo).
Et-VC ™: là một dạng Vitamin C ổn định, được biết đến là chất chống oxy hóa, chống lão hóa, ức chế các enzym tạo ra melanin (TYR, TRP2)
Niacinamide PC: ức chế sự chuyển giao melanin và làm giảm đáng kể các đốm đen. Có tác dụng chống oxy hóa mạnh.
Herculane Thermal Water: Làm dịu da tức thì, kháng viêm, chống oxy hóa mạnh mẽ
Công dụng: 
Kem dưỡng trị nám và làm sáng da an toàn với các thành phần đặc trị tác động mạnh mẽ ức chế sản xuất melanin hình thành nám, đồng thời cung cấp độ ẩm vừa đủ, cho làn da mềm mại, tươi sáng. Nước khoáng Herculane là nhân tố làm dịu, tái tạo hàng rảo bảo vệ giúp sản phẩm hoạt động hiệu quả trên cả nền da nhạy cảm.
Chỉ định: 
Dùng cho làn da muốn điều trị thâm, nám, tàn nhang, tăng sắc tố. Da muốn làm sáng, đều màu da. Dùng được cho làn da nhạy cảm.
Hướng dẫn sử dụng: 
Áp dụng vào buổi sáng và buổi tối trên mặt, cổ. Hiệu quả hơn khi sử dụng kết hợp với Ivawhite Whitening Serum.Tác dụng của các sản phẩm này đạt tối đa sau đợt điều trị từ 2-3 tháng.
Vào buổi sáng hoặc trước khi ra nắng, nên thoa Kem Chống Nắng Sunlight Dry – Touch SPF 50+ để bảo vệ làn da một cách toàn diện.
Dung tích: 50ml",https://vhndistribution.com/san-pham/kem-duong-tri-nam-lam-sang-da-ivawhite-whitening-cream-50ml/,https://vhndistribution.com/wp-content/uploads/2023/04/ivawhite-cream.jpg,None,False,False,False,"1. Kem dưỡng trị nám và làm sáng da hiệu quả và dịu nhẹ, phù hợp trên cả nền da nám nhạy cảm với công thức là sự kết hợp của các hoạt chất tác động vào cả 3 giai đoạn trong quá trình hình thành đốm sắc tố:
- Wonderlight ™ - Chiết xuất hoa bia: làm giảm số lượng tế bào hắc tố hoạt động và ức chế sản xuất melanin. Hiệu quả đã được chứng minh lâm sàng đối với các đốm tăng sắc tố và nám da (thử nghiệm in vivo).
- Et-VC ™: là một dạng Vitamin C ổn định, được biết đến là chất chống oxy hóa, chống lão hóa, ức chế các enzym tạo ra melanin (TYR, TRP2)
- Niacinamide PC: ức chế sự chuyển giao melanin và làm giảm đáng kể các đốm đen. Có tác dụng chống oxy hóa mạnh.
- Herculane Thermal Water: Làm dịu da tức thì, kháng viêm, chống oxy hóa mạnh mẽ.
2. Công thức trị nám, dưỡng ẩm, làm dịu da sử dụng được ngày và đêm.
3. Kết cấu dạng kem nhũ tương, mùi hương sang trọng.

"
217,Ivatherm,Ivatherm - Rosederm - Anti-redness Micellar lotion - 250ml (Nước tẩy trang dành cho da nhạy cảm),820000,%,820000,"Ivatherm - Rosederm - Anti-redness Micellar lotion - 250ml (Nước tẩy trang dành cho da nhạy cảm)
Dùng lý tưởng cho da nhạy cảm, da mẩn đỏ, kích ứng, bệnh đỏ da, giãn mao mạch.","Thành phần: 
Lipacide™ C8G: Cân bằng pH làn da, giảm kích ứng, giảm tiết bã nhờn, tăng cường hệ vi sinh vật có lợi trên da
DEXTRALIP® 10C (Dextran sulphate): Kháng viêm, làm dịu, giảm phù nề, kích ứng, giảm cảm giác dính da. Dưỡng ẩm và làm thông thoáng da.
Herculane Thermal Water: Kháng viêm, làm dịu da kích ứng, chống oxy hóa mạnh mẽ.
Công dụng: 
Nhẹ nhàng làm sạch, loại bỏ lớp trang điểm và làm dịu làn da nhạy cảm dễ bị kích ứng, tái cân bằng độ pH của da. Nước tẩy trang chứa nước nước Herculane giúp giảm viêm, tăng sức đề kháng cho da ngay trong quá trình làm sạch. Thích hợp để tẩy trang vùng mắt và toàn mặt.
Chỉ định: 
Dùng lý tưởng cho da nhạy cảm, da mẩn đỏ, kích ứng, bệnh đỏ da, giãn mao mạch.
Hướng dẫn sử dụng: 
Sử dụng 1 lần /ngày vào buổi tối. Thấm lotion vào một miếng vải hoặc miếng tẩy trang và lau theo chiều từ trong ra ngoài, từ trên xuống dưới.
Dung tích: 250ml",https://vhndistribution.com/san-pham/nuoc-tay-trang-danh-cho-da-chung-do-mat-nhay-cam-rosederm-micellar-lotion-250ml/,https://vhndistribution.com/wp-content/uploads/2023/04/ROSEDERM-MICELLAR-WATER.jpg,None,False,False,False,
218,Ivatherm,"Ivatherm -Rosederm - Anti-redness Cream - 30ml (Kem dưỡng làm dịu, giảm mẩn đỏ dành cho da nhạy cảm dễ bị bệnh trứng cá đỏ)",1012000,%,1012000,"Ivatherm -Rosederm - Anti-redness Cream - 30ml (Kem dưỡng làm dịu, giảm mẩn đỏ dành cho da nhạy cảm dễ bị bệnh trứng cá đỏ)
Da bệnh trứng cá đỏ, da giãn mao mạch, mẫn đỏ, nhạy cảm, kích ứng, da nhiễm corticoid.","Thành phần: 
Aldavine 5x™: Phức hợp polysaccharide từ tảo nâu và tảo đỏ có tác dụng bảo vệ tính toàn vẹn của thành mao mạch và ma trận trung bì. Giảm thoái hóa sợi collagen và elastin, ngăn giãn mao mạch và cải thiện vi tuần hoàn. Giảm cảm giác nóng bừng, đặc biệt với da bệnh trứng cá đỏ.
Dextran sulphate: Kháng viêm, làm dịu, giảm phù nề và kích ứng. Dưỡng ẩm và làm thông thoáng da.
Alphabisabolol: một chiết xuất tự nhiên không gây dị ứng từ cây Vanilomopsis Erythropapa, từ rừng A-ma-zôn, với tác dụng kháng viêm, kháng khuẩn mạnh mẽ. 
Green cosmetic Pigment: thành phần che phủ, giảm đỏ da
Nước khoáng Herculane: Làm dịu da tức thì, kháng viêm, chống oxy hóa mạnh mẽ
Công dụng: 
Kem dưỡng ẩm làm dịu, giảm mẩn đỏ, giảm tình trạng giãn mao mạch và cảm giác nóng rát trên da. Đồng thời chất kem chứa các hạt sắc tố màu xanh sẽ giúp giảm đỏ da khi quan sát bằng mắt thường và đây là một lớp nền trang điểm lý tưởng dành cho những làn da có tình trạng mẩn đỏ.
Chỉ định: 
Da bệnh trứng cá đỏ, da giãn mao mạch, mẫn đỏ, nhạy cảm, kích ứng, da nhiễm corticoid.
Hướng dẫn sử dụng: 
Lấy một lượng kem vừa đủ, bôi lên vùng da bị bệnh.
Sử dụng 1-2 lần/ngày.
Rosederm Cream còn có thể dùng làm lớp nền trang điểm rất tuyệt vời.
Hiệu ứng thẩm mỹ: Chứa một sắc tố xanh làm giảm màu đỏ của da.
Dung tích: 30ml",https://vhndistribution.com/san-pham/kem-duong-am-ngay-va-dem-danh-cho-da-trung-ca-do-gian-mao-mach-rosederm-cream-30ml/,https://vhndistribution.com/wp-content/uploads/2023/04/rosederm-cream.jpg,None,False,False,False,
219,Ivatherm,"Ivatherm - Micellar lotion - 250ml (Nước tẩy trang giàu khoáng chất cho da da dầu, da trang điểm)",790000,%,790000,"Ivatherm - Micellar lotion - 250ml (Nước tẩy trang giàu khoáng chất cho da da dầu, da trang điểm)
Tẩy trang dành cho mọi loại da, đặc biệt là da thường, làn da có trang điểm, dầu nhạy cảm, da mụn.","Thành phần: 
Micelles: Hút và hấp thụ các hạt bụi, bã nhờn và cặn trang điểm
Allantoin: Vai trò chữa bệnh, kháng viêm, làm dịu và giữ ẩm
Gluconolactone: Cải thiện mức độ hydrat hóa của da cũng như điều chỉnh lượng bã nhờn. Nó cũng giúp giữ cân bằng lượng vi khuẩn trên da
Nước khoáng Herculane: Làm dịu da tức thì, kháng viêm và chống oxy hóa mạnh mẽ
Công dụng: 
Nước tẩy trang làm sạch lớp trang điểm và bã nhờn, làm dịu và tươi mới làn da. Sản phẩm cung cấp khoáng chất và làm mềm, nuôi dưỡng làn da ngay trong quá trình làm sạch.
Chỉ định: 
Tẩy trang dành cho mọi loại da, đặc biệt là da thường, làn da có trang điểm, dầu nhạy cảm, da mụn.
Hướng dẫn sử dụng: 
Sử dụng 1 lần /ngày vào buổi tối. Thấm lotion vào một miếng vải hoặc miếng tẩy trang và lau theo chiều từ trong ra ngoài, từ trên xuống dưới.
Dung tích: 250ml",https://vhndistribution.com/san-pham/nuoc-tay-trang-giau-khoang-chat-cho-da-da-dau-da-trang-diem-micellar-lotion-250ml/,https://vhndistribution.com/wp-content/uploads/2023/04/MICELLAR-LOTION.jpg,None,False,False,False,
220,Ivatherm,Ivatherm - Sunlight Mat - SPF50+ Dry touch Fluid - 50ml (Kem chống nắng bảo vệ cao chống nhờn rít dành cho làn da hỗn hợp đến da dầu SPF50+),980000,%,980000,"Ivatherm - Sunlight Mat - SPF50+ Dry touch Fluid - 50ml (Kem chống nắng bảo vệ cao chống nhờn rít dành cho làn da hỗn hợp đến da dầu SPF50+)
Dùng cho mọi làn da, đặc biệt da hỗn hợp, da dầu, da nhạy cảm, da nhạy cảm với ánh sáng.","Thành phần: 
Màng lọc:
UVINUL A+ GRANULAR
TINOSORB S
AAKOSUN PBSA
UVINUL T150
UVINUL A+ GRANULAR– Các sản phẩm chống nắng có thêm lợi ích chống lão hóa có sức hấp dẫn đặc biệt. Uvinul® A Plus không chỉ lọc các tia UVA có hại mà còn bảo vệ chống lại các gốc tự do gây tổn thương da. Bản chất lipophilic của thành phần làm cho nó trở thành một thành phần lý tưởng cho việc chăm sóc, bảo vệ da lâu dài.
TINOSORB S– Tinosorb S đã được phát triển đặc biệt để có chỉ số SPF cao và khả năng chống tia UVA tốt. Khả năng bền vững với ánh sáng tuyệt vời cho phép bảo vệ lâu dài.
AAKOSUN PBSA–Bộ lọc UV lý tưởng để sử dụng trong nhiều sản phẩm mỹ phẩm bao gồm kem chống nắng, kem chống nắng cho em bé, chăm sóc da hàng ngày.Nó là một bộ lọc UV-B phổ rộng.
UVINUL T150– Uvinul® T 150 là bộ lọc tia UVB thích hợp cho các sản phẩm chăm sóc da, chẳng hạn như sản phẩm chống lão hóa da mặt và kem chống nắng.
SENSANOV WR - Sensanov WR dành cho tất cả các loại nhũ tương chăm sóc da và tóc. Tính linh hoạt của khả năng nhũ hóa, khả năng tương thích cao với nhiều chất phụ gia mỹ phẩm, cảm giác độc đáo của nó mang lại một chuỗi cảm giác (cảm giác nhẹ nhàng theo sau là cảm giác về một ""tấm màn nhung mờ"" đọng lại trên da, sau đó là cảm giác kéo dài thoải mái) làm cho nó trở thành chất nhũ hóa lý tưởng để thiết kế nhiều thành phẩm.
Tấm màn bảo vệ, bao bọc làn da, mang đến nhũ tương, sản phẩm có chứa đặc tính giữ nước Sensanov WR, hoàn toàn phù hợp với công thức của kem chống nắng hoặc sản phẩm trang điểm.
EMOLID DD - Emolid DD là một polyester kỵ nước hoạt tính 100% hoàn toàn từ thực vật được tạo thành từ phản ứng của rượu dilinoleyl dimer và axit dilinoleic dimer. Nó làm tăng khả năng chống nước cho sản phẩm.
GLYCERINE 99.5% RSPO MB - Chất làm mềm và dưỡng ẩm, nó được biết là làm mềm da và duy trì mức độ hydrat hóa tối ưu.
Herculane Thermal Water – Thành phần độc quyền của Ivatherm với tác dụng làm dịu da, giảm viêm, chống oxy hóa.

Công dụng: 
Kem chống nắng bảo vệ da 360 độ khỏi tia UVA, UVB, tia hồng ngoại, ánh sáng xanh. Sản phẩm vừa chống nắng, vừa phục hồi làn da, thấm hút dầu. Sản phẩm có kết cấu mềm mại mà không gây bết dính, không để lại vệt trắng, không thấm nước.
Chỉ định: 
Dùng cho mọi làn da, đặc biệt da hỗn hợp, da dầu, da nhạy cảm, da nhạy cảm với ánh sáng.
Hướng dẫn sử dụng: 
Thoa lên mặt, cổ và khe ngực trước khi ra nắng 30 phút và thường xuyên lặp lại
Nếu tiếp xúc nhiều với ánh nắng nên lặp lại sau 2h
Dung tích: 50ml",https://vhndistribution.com/san-pham/kem-chong-nang-danh-cho-da-hon-hop-sunlight-dry-touch-spf50-50ml/,https://vhndistribution.com/wp-content/uploads/2023/04/KCN.jpg,None,False,False,False,"- Kem chống nắng sử dụng trong thời gian điều trị mụn, giúp hạn chế tình trạng sẹo sau mụn
- Kết cấu mỏng nhẹ, dễ tán, không vón vệt và tạo màng phủ mịn thoáng trên da.
- 3 màng lọc chống nắng hóa học tiên tiến."
221,Ivatherm,Ivatherm - Sunlight Hydrating - Face cream SPF5 50+ - 50ml (Kem chống nắng bảo vệ cao cấp ẩm dành cho da thường và da khô SPF50+),998000,%,998000,"Ivatherm - Sunlight Hydrating - Face cream SPF5 50+ - 50ml (Kem chống nắng bảo vệ cao cấp ẩm dành cho da thường và da khô SPF50+)
Dùng cho mọi làn da, đặc biệt da thường, da khô, da nhạy cảm với ánh nắng, da sau điều trị công nghệ cao, sau liệu trình đặc trị mạnh như peel hay meso…","Thành phần: 
Antileukine 6® (Chiết xuất tảo nâu): Duy trì sinh lý của da và phục hồi độ ẩm
Physavie (Chiết xuất trái cây Physalis): Phục hồi collagen và kháng viêm
Bộ lọc năng lượng mặt trời: Sự kết hợp của các bộ lọc với chỉ số chống nắng rất cao SPF 50+
Nước khoáng Herculane: Làm dịu da tức thì, kháng viêm và chống oxy hóa mạnh mẽ
Công dụng: 
Kem chống nắng bảo vệ da 360 độ khỏi tia UVA, UVB, tia hồng ngoại, ánh sáng xanh. Đặc biệt có bổ sung thành phần phục hồi hàng rào bảo vệ da, dưỡng ẩm, phục hồi da trong quá trình chống nắng. Sản phẩm có kết cấu mềm mại mà không gây bết dính, không để lại vệt trắng, không thấm nước.
Chỉ định: 
Dùng cho mọi làn da, đặc biệt da thường, da khô, da nhạy cảm với ánh nắng, da sau điều trị công nghệ cao, sau liệu trình đặc trị mạnh như peel hay meso…
Hướng dẫn sử dụng: 
Thoa lên mặt, cổ và khe ngực trước khi ra nắng 30 phút và thường xuyên lặp lại
Nếu tiếp xúc nhiều với ánh nắng nên lặp lại sau 2h
Dung tích: 50ml",https://vhndistribution.com/san-pham/kem-chong-nang-duong-am-sunlight-hydrating-spf50-50ml/,https://vhndistribution.com/wp-content/uploads/2023/04/sunlight-360.jpg,None,False,False,False,
222,Ivatherm,Ivatherm - Multi-performance - Lip Balm - 15ml (Kem dưỡng môi giàu dưỡng và khoáng chất cải thiện làn môi khô nứt nẻ),528000,%,528000,"Ivatherm - Multi-performance - Lip Balm - 15ml (Kem dưỡng môi giàu dưỡng và khoáng chất cải thiện làn môi khô nứt nẻ)
Dưỡng ẩm cho làn da môi hàng ngày. Đặc biệt cho làn da môi khô, nứt nẻ, da môi sau phun xăm.","Thành phần: 
Cupuacu Butter: Dưỡng ẩm, chống oxi hóa, giảm kích ứng da
Shea Butter: Làm dịu da, giảm kích ứng, chống oxi hóa và dưỡng ẩm
Macadamia oil: Giúp nuôi dưỡng và làm mềm vùng da rất khô trên môi
Nước khoáng Herculane: Làm dịu da tức thì, kháng viêm và chống oxy hóa mạnh mẽ
Công dụng: 
Dưỡng ẩm và làm mềm môi khô nứt nẻ. Khoáng chất và các hoạt chất dưỡng ẩm làm dịu, giảm viêm và cung cấp độ ẩm sâu, giúp da môi được phục hồi nhanh chóng với cảm giác dễ chịu.
Chỉ định: 
Dưỡng ẩm cho làn da môi hàng ngày. Đặc biệt cho làn da môi khô, nứt nẻ, da môi sau phun xăm.
Hướng dẫn sử dụng: 
Sau khi làm sạch da vùng môi, lấy một lượng kem vừa đủ thoa đều lên môi.
Dung tích: 15ml",https://vhndistribution.com/san-pham/kem-duong-moi-giau-duong-va-khoang-chat-cai-thien-lan-moi-kho-nut-ne-lip-balm-nourishing-and-repairing-15ml/,https://vhndistribution.com/wp-content/uploads/2023/04/LIP-BALM.jpg,None,False,False,False,"- Son dưỡng có kết cấu dạng sáp với hàm lượng các chất dưỡng ẩm thực vật cao, tạo màng giữ ẩm cho môi trong thời gian dài, đồng thời làm mềm mịn cho môi, giảm các nếp nhăn vùng môi.
- Thiết kế đầu ra nhỏ, đảm bảo lấy được 1 lượng vừa đủ cho môi, cùng vùng đầu ra có dạng hình giống như thỏi son, giúp việc thoa sản phẩm trở nên thuận tiện hơn.
- Dung tích bao bì nhỏ gọn, tiện để vào bất cứ đâu khi mang theo bên người."
223,Ivatherm,"Ivatherm - Anti-wrinkle cream - 50ml (Kem giảm nếp nhăn, chống lão hóa dành cho da nhạy cảm)",1848000,%,1848000,"Ivatherm - Anti-wrinkle cream - 50ml (Kem giảm nếp nhăn, chống lão hóa dành cho da nhạy cảm)
Dùng cho mọi loại da, đặc biệt làn da nhạy cảm có nếp nhăn và dấu hiệu lão hoá","Thành phần: 
Nước khoáng Herculane: Làm dịu da tức thì, kháng viêm và chống oxy hóa mạnh mẽ
Viniferol®- một phức hợp thu được từ Viniferine và Resveratrol, chiết xuất từ ​​thân cây nho Bordeaux
Dầu Macadamia – Được biết đến với đặc tính chống oxy hóa mạnh, Dầu Macadamia giúp da chống lại tác hại của các gốc tự do
Shea Butter – được sử dụng trong nhiều thế kỷ để dưỡng ẩm cho da, Shea Butter giúp da hấp thụ tất cả các axit béo thiết yếu, vitamin và chất chống oxy hóa trong sản phẩm. Những điều này góp phần vào sự mềm mại của da, giúp da trông mềm mại và mịn màng hơn
Alpha-bisabolol – một chiết xuất tự nhiên từ rừng A-ma-zôn, được các nhà khoa học sử dụng với tác dụng làm dịu da trong việc giảm viêm
Vitamin A, C và E – bộ ba quyền lực, những loại vitamin này giúp da chống lại các gốc tự do gây lão hóa da.
Công dụng: 
Kem dưỡng với công thức kết hợp đa dạng các thành phần trẻ hóa da, chống lão hóa sẽ ức chế tác động co cơ ngăn ngừa sự hình thành nếp nhăn, chống oxi hoá mạnh mẽ và dưỡng ẩm chuyên sâu từ đó giúp làn da cải thiện được việc hình thành nếp nhăn và lão hoá da. Nước khoáng Herculane có mặt trong bảng thành phần giúp làm dịu da, phù hợp với cả làn da nhạy cảm.
Chỉ định: 
Dùng cho mọi loại da, đặc biệt làn da nhạy cảm có nếp nhăn và dấu hiệu lão hoá
Hướng dẫn sử dụng: 
Dùng sau serum như một bước khóa ẩm để giúp làn da căng bóng, mịn màng.
Dung tích: 50ml",https://vhndistribution.com/san-pham/kem-giam-nep-nhan-chong-lao-hoa-danh-cho-da-nhay-cam-anti-wrinkle-cream-50ml/,https://vhndistribution.com/wp-content/uploads/2023/04/anti-wrinkle-face-cream.png,None,False,False,False,
224,Ivatherm,Ivatherm - Aquafil - Hydra Complex Gel-Cream Eyes Contour - 15ml (Kem chống lão hóa và giảm thâm quầng mắt),989000,%,989000,"Ivatherm - Aquafil - Hydra Complex Gel-Cream Eyes Contour - 15ml (Kem chống lão hóa và giảm thâm quầng mắt)
Sản phẩm phù hợp cho mọi loại da, đặc biệt là làn da nhạy cảm có nếp nhăn, khô và dấu hiệu lão hóa","Thành phần: 
Aquaphyline®: Chiết xuất từ cây chùm ngây (Viola Tricolor), có tác dụng dưỡng ẩm mạnh mẽ theo 2 cơ chế: tổng hợp aquaporins và tăng lượng Axit Hyaluronic.
Aldavine 5X (Chiết xuất rong biển): Tác dụng làm tăng hoạt động vi tuần hoàn mạch máu và làm hạn chế sự xuất hiện của quầng thâm và bọng mắt
Matrixyl 3000: Peptide truyền tín hiệu giúp tái cấu trúc và sửa chữa, kích hoạt quá trình tổng hợp các đại phân tử chất nền ngoại bào
Herculane Thermal Water: Nước khoáng Herculane: Làm dịu da tức thì, kháng viêm và chống oxy hóa mạnh mẽ
Hyaluronic Acid & Glycerin: Chất dưỡng ẩm mạnh mẽ, hạn chế sự mất nước qua da (TEWL)
Công dụng: 
Kem dưỡng mắt phục hồi sự mềm mại và căng mọng của vùng da khô, mất nước quanh mắt, giảm sự tối màu của quầng thâm mắt, giảm kích thước của bọng mắt.
Công thức siêu nhẹ giúp chăm sóc da toàn diện cho vùng da mỏng manh quanh mắt.
Chỉ định: 
Sản phẩm phù hợp cho mọi loại da, đặc biệt là làn da nhạy cảm có nếp nhăn, khô và dấu hiệu lão hóa
Hướng dẫn sử dụng: 
Sau khi làm sạch da, lấy một lượng vừa đủ thoa lên vùng mắt, massage nhẹ nhàng đến khi thẩm thấu hoàn toán.
Dung tích: 15ml",https://vhndistribution.com/san-pham/kem-chong-lao-hoa-va-giam-tham-quang-mat-aquafil-hydra-complex-15ml/,https://vhndistribution.com/wp-content/uploads/2023/04/aquafil-hydra-complex-1.png,None,False,False,False,
225,Ivatherm,"Ivatherm - Aquafil - Hydra Cleansing Foam - 160ml (Sữa rửa mặt dạng bọt mịn dành cho da khô, mất nước, nhạy cảm)",880000,%,880000,"Ivatherm - Aquafil - Hydra Cleansing Foam - 160ml (Sữa rửa mặt dạng bọt mịn dành cho da khô, mất nước, nhạy cảm)
Dùng cho tất cả mọi loại da. Đặc biệt là làn da khô, mất nước, nhạy cảm. Da sau điều trị công nghệ cao, sau peel, lazer, meso…","Thành phần: 
Leucidal SF Max: Là một thành phần dựa trên lợi khuẩn mạnh mẽ được tạo ra bởi quá trình lên men của Lactobacilus, có tác dụng cân bằng hệ vi sinh vật, bảo vệ da 
Aloe Vera Bio: Có tác dụng làm dịu, tái tạo, nuôi dưỡng và chống viêm 
Orange Blossom Hydrolate Bio: Hoạt động giống như một loại toner tự nhiên với tác dụng dưỡng ẩm và làm tươi mới 
Glycerine: Có nguồn gốc thực vật là chất giữ ẩm hiệu quả, thu hút và giữ nước vào lớp biểu bì, giúp da mịn màng và ẩm mượt. 
Nước khoáng Herculane: Làm dịu da tức thì, kháng viêm và chống oxy hóa mạnh mẽ
Công dụng: 
Sữa rửa mặt dạng bọt mịn giúp nhẹ nhàng làm sạch, loại bỏ lớp trang điểm và tạp chất trên mặt, mắt và môi, đồng thời dưỡng ẩm và bảo vệ hệ vi sinh vật của da. Da sẽ trở nên mịn màng, mượt mà và tươi sáng hơn. Với thành phần giàu nước khoáng Herculane, sữa rửa mặt dạng bọt Aquafil Hydra có tác dụng làm dịu và giảm đỏ với cả làn da nhạy cảm nhất.
Chỉ định: 
Dùng cho tất cả mọi loại da. Đặc biệt là làn da khô, mất nước, nhạy cảm. Da sau điều trị công nghệ cao, sau peel, lazer, meso…
Hướng dẫn sử dụng: 
Thoa bọt sữa rửa mặt lên mặt ướt, 2 lần/ngày, sáng và tối. Mát xa nhẹ nhàng bằng đầu ngón tay rồi rửa sạch. Tiếp tục quy trình bằng cách xịt Herculane Thermal Water.

Dung tích: 160ml",https://vhndistribution.com/san-pham/sua-rua-mat-dang-bot-min-danh-cho-da-kho-mat-nuoc-nhay-cam-aquafil-hydra-cleansing-foam-160ml/,https://vhndistribution.com/wp-content/uploads/2024/07/A-quafil-hydra.jpg,None,False,False,False,"- Sữa rửa mặt dịu nhẹ phù hợp với mọi loại da và tình trạng da, có thể dùng cho da sau thủ thuật thẩm mỹ.
- Dạng tạo bọt sẵn phù hợp với cuộc sống hiện đại, người có ít thời gian hoặc người mới bắt đầu chăm sóc da.
- Bổ sung lợi khuẩn lên men và chiết xuất từ nha đam và hoa cam tăng cường sức khỏe hàng rào bảo vệ da."
226,Ivatherm,Ivatherm - Aquafil - Hydra Hydrating Serum - 30ml (Serum dưỡng ẩm phục hồi & trẻ hoá),980000,%,980000,"Ivatherm - Aquafil - Hydra Hydrating Serum - 30ml (Serum dưỡng ẩm phục hồi & trẻ hoá)
Dùng dưỡng ẩm cho mọi loại da, đặc biệt là da khô, mất nước, da nhạy cảm. Dùng cho da sau thực hiện thủ thuật, peel, mesotherapy, công nghệ cao...","Thành phần: 
Aquaphyline: Chiết xuất từ cây chùm ngây (Viola Tricolor), có tác dụng dưỡng ẩm mạnh mẽ theo 2 cơ chế: tổng hợp aquaporins và tăng lượng Axit Hyaluronic.
Hyaluronic Acid: thành phần hút nước và dưỡng ẩm trong da
Matrixyl 3000: Peptide truyền tín hiệu giúp tái cấu trúc và sửa chữa, kích hoạt quá trình tổng hợp các đại phân tử chất nền ngoại bào
Natural Vegetable Glyxerin: Glyxerin có nguồn gốc thực vật là chất giữ ẩm hiệu quả, thu hút và giữ nước vào lớp biểu bì, giúp da mịn màng và ẩm mượt. 
Nước khoáng Herculane: Làm dịu da tức thì, kháng viêm và chống oxy hóa mạnh mẽ
Công dụng: 
Serum với kết cấu lỏng nhẹ, không bết dính, nhanh chóng thẩm thấu vào da, cung cấp độ ẩm tức thì và lâu dài vào sâu các lớp của da. Công thức tập trung gấp đôi các thành phần dưỡng ẩm tiên tiến (Aquaphylline® – kích thích da ngậm nước) kết hợp với Peptide và Axit hyaluronic.
Nước khoáng độc quyền Herculane làm dịu, phục hồi cho làn da nhạy cảm.
Ngay trong quá trình dưỡng ẩm, phục hồi, sản phẩm làm mềm, đều màu da, tăng sinh collagen, cải thiện độ săn chắc, đàn hồi và ngăn ngừa sự xuất hiện của nếp nhăn, giúp làn da lấy lại vẻ rạng rỡ, tươi trẻ.
Chỉ định: 
Dùng dưỡng ẩm cho mọi loại da, đặc biệt là da khô, mất nước, da nhạy cảm. Dùng cho da sau thực hiện thủ thuật, peel, mesotherapy, công nghệ cao...
Hướng dẫn sử dụng: 
Sau khi làm sạch, lấy một lượng vừa đủ thoa đều lên vùng da mặt và cổ. Dùng sáng và tối trước bước kem dưỡng.
Dung tích: 30ml",https://vhndistribution.com/san-pham/serum-duong-am-phuc-hoi-tre-hoa-aquafil-hydra-hydrating-serum-30ml/,https://vhndistribution.com/wp-content/uploads/2024/01/Serum-IVT.jpg,None,False,False,False,"1. Serum dưỡng ẩm tái tạo, phục hồi, trẻ hóa da quốc dân: Bởi hiệu quả rõ rệt, an toàn, ứng dụng đa dạng mọi tình trạng da với mức giá tầm trung, dễ dàng tiếp cận được với người dùng
2. Công thức kết hợp của nước khoáng Herculane (1 trong những nguồn nước khoáng cổ đại nhất của Châu Âu tại Rumani có đặc tính: chống viêm, chống oxy hóa, giảm đỏ, phục hồi hàng rào bảo vệ da) kết hợp cùng các thành phần siêu cấp nước, dưỡng ẩm như: Aquaphyline (chiết xuất hoa Viola - thành phần được đăng kí bảo hộ bởi Ivatherm) + Peptide sinh học Matrixyl 3000 + HA  mang lại hiệu quả:
+ Dưỡng ẩm tức thì và lâu dài 
+ Làm dịu da, phục hồi lớp hàng rào bảo vệ, tăng cường sức đề kháng cho da
+ Tăng cường sản sinh Collagen, HA nội sinh trong da, giúp da săn chắc, căng bóng
3. Serum dễ thấm, cảm giác thoải mái dễ chịu, trải nghiệm 100% người dùng hài lòng
4. Dễ dàng kết hợp đa dạng trong tất cả các phác đồ chăm sóc da tại nhà: da nhạy cảm, treatment, tổn thương, sau peel - laser, máy công nghệ cao...
 Không chỉ là serum chăm sóc, cấp nước, phục hồi da nhạy cảm, serum Hydra Aquafil lý tưởng để chăm sóc trước, trong và sau liệu trình điều trị da.
(Trong phác đồ nhà VHN thì serum phục hồi, tái tạo da, làm dịu SOS cao cấp là Serum Unstress Christina, ở phân khúc trung cấp là Serum Hydra Aquafil Ivatherm - nên SP được gọi là serum dưỡng ẩm, phục hồi quốc dân)"
227,Ivatherm,Ivatherm - Glycolic acid cleanser - 150ml (Sữa rửa mặt làm sạch và làm sáng da),990000,%,990000,"Ivatherm - Glycolic acid cleanser - 150ml (Sữa rửa mặt làm sạch và làm sáng da)
Dùng cho mọi loại da","Thành phần: 
Glycolic Acid: thúc đẩy loại bỏ tế bào chết, giúp da đạt độ trắng sáng trực quan trên bề mặt
Natural Vegetable Glyxerin: Glyxerin có nguồn gốc thực vật là chất giữ ẩm hiệu quả, thu hút và giữ nước vào lớp biểu bì, giúp da mịn màng và ẩm mượt. 
Nước khoáng Herculane: Làm dịu da tức thì, kháng viêm và chống oxy hóa mạnh mẽ
Công dụng: 
Gel rửa mặt với 3% Glycolic acid kết hợp cùng các hoạt chất giúp: làm sạch da, loại bỏ tế bào chết tối xỉn, làm tăng độ trắng sáng rạng rỡ, tăng tái tạo sản sinh tế bào mới, tăng sự hấp thu dưỡng chất, mang lại làn da mịn màng, tươi sáng, trẻ trung. Khoáng chất Herculane làm dịu da, tăng cường hàng rào bảo vệ da trong quá trình làm sạch
Chỉ định: 
Dùng cho mọi loại da
Hướng dẫn sử dụng: 
Sử dụng 1 lần 1 ngày vào buổi tối. Lấy 1 lượng ra lòng bàn tay, tạo bọt kỹ và thoa đều lên da theo chiều xoắn ốc, tập trung vào những điểm lỗ chân lông rộng. Làm sạch lại với nước.
Dung tích: 150ml",https://vhndistribution.com/san-pham/sua-rua-mat-lam-sach-va-lam-sang-da-glycolic-acid-cleanser/,https://vhndistribution.com/wp-content/uploads/2024/02/glycolic.jpg,None,False,False,False,"- Sữa rửa mặt phù hợp với nhu cầu chăm sóc gói gọn cho mọi làn da, nhưng phù hợp nhất với những làn da dầu, mụn, dày sừng
- Chứa Glycolic acid 3%, có thể sử dụng hàng ngày
- Hỗ trợ bạt sừng giúp da mềm mịn và đồng đều màu da."
228,Ivatherm,"Ivatherm - Multi-Performance - Cleansing milk Face And Eyes - 200ml (Sữa tẩy trang dịu nhẹ, cân bằng da)",781000,%,781000,"Ivatherm - Multi-Performance - Cleansing milk Face And Eyes - 200ml (Sữa tẩy trang dịu nhẹ, cân bằng da)
Phù hợp với mọi loại da","Thành phần: 
Dầu cây lưu ly: Nhờ chứa Linoleic Acid nồng độ cao (30%), một trong những axit béo không bão hòa đa thiết yếu, dầu cây lưu ly giúp sữa rửa mặt cung cấp độ ẩm cho da, không để lại cảm giác khô căng sau khi sử dụng. 

Axit Hyaluronic: Nổi tiếng như một miếng bọt biển phân tử, Axit Hyaluronic có thể chứa tới 1000 lần thể tích của chính nó trong nước.

Herculane Thermal Water: Có tác dụng làm dịu và làm dịu làn da nhạy cảm. 
Công dụng: 
Sản phẩm làm sạch dạng sữa chứa thành phần Acid Hyaluronic giúp ngăn ngừa mất nước xuyên biểu bì và giúp da được dưỡng ẩm mạnh mẽ, cũng như trông và cảm thấy mềm mại và dẻo dai hơn. Với thành phần nước khoáng Herculane và dầu cây Lưu ly sẽ nuôi dưỡng và tăng cường sức đề kháng cho làn da ngay trong quá trình làm sạch.

Chỉ định: 
Phù hợp với mọi loại da
Hướng dẫn sử dụng: 
Lấy 1ml thoa đều lên mặt và cổ, thoa đều bằng các vòng tròn nhỏ. Sau đó nhũ hóa và rửa lại sạch bằng nước.
Dung tích: 200 ml",N/A,N/A,None,False,False,False,
229,Pharmalife,Pharmalife - CollagenaT - 250ml (Thức uống bổ sung collagen thủy phân),990000,%,990000,"Pharmalife - CollagenaT - 250ml (Thức uống bổ sung collagen thủy phân)
- Liều tấn công: 1 ống/ngày trong 30 ngày
- Duy trì: 2 ngày/1 ống ","Thành phần: 
Trong mỗi lọ 25ml chứa:
- Collagen thủy phân 5g
- L-glutamic acid
- L-Proline
- Glycine
- Hyaluronic acid 
- Ascorbic acid
- Alpha Lipoic acid
- Centella asiatica (chiết xuất rau má)
- Camellia sinensis (chiết xuất trà xanh)
- Polygonum cuspidatum (chiết xuất Cốt khí củ)
- Elastin
- L-ornithine
- Vitamin B6
Công dụng: 
- Collagen peptide (5g): Trẻ hoá da, giảm nhăn, chống lão hoá, cải thiện đường nét khuôn mặt, chống chảy xệ 
- Vitamin C (100mg), Resveratrol, Polyphenol: Chống oxy hoá, giữ ẩm, tái tạo collagen mới, làm sáng da
- Acid amin: Tái tạo phân tử collagen mới
- Elastin: Tăng cường độ đàn hồi da
- Hyaluronic acid (25mg): Cấp ẩm, giữ nước, giúp da căng mịn
Chỉ định: 
- Liều tấn công: 1 ống/ngày trong 30 ngày
- Duy trì: 2 ngày/1 ống 
Hướng dẫn sử dụng: 
- Người có nhu cầu ngăn chặn lão hoá sớm hoặc đã có dấu hiệu lão hoá. 
- Người bị nám da, lão hoá da, da xỉn màu
- Người có làn da khô, thiếu ẩm, nếp nhăn li ti, kém săn chắc
- Người muốn chăm sóc bổ sung cho da, tóc, móng hàng ngày
- Dùng từ 20 tuổi trở lên
Dung tích: Hộp 10 ống, mỗi ống 25ml",https://vhndistribution.com/san-pham/collagen-thuy-phan-tre-hoa-lam-sang-da-collagenat-no-age-drink-h-10-ong-hop/,https://vhndistribution.com/wp-content/uploads/2023/04/collagenaT-2.png,None,False,False,False,
230,Pharmalife,Pharmalife - Collagen Plus - 250ml (Thức uống bổ sung collagen thủy phân tăng cường),1100000,%,1100000,"Pharmalife - Collagen Plus - 250ml (Thức uống bổ sung collagen thủy phân tăng cường)
- Liều tấn công: 1 ống/ngày trong 30 ngày
- Duy trì: 2 ngày/1 ống ","Thành phần: 
Trong mỗi lọ 25ml chứa:
- Collagen thủy phân 5g
- L-glutamic acid
- L-Proline
- Glycine
- Hyaluronic acid 
- Ascorbic acid
- Alpha Lipoic acid
- Centella asiatica (chiết xuất rau má)
- Camellia sinensis (chiết xuất trà xanh)
- Polygonum cuspidatum (chiết xuất Cốt khí củ)
- Elastin
- L-ornithine
- Vitamin B6
Công dụng: 
- Collagen peptide (5g): Trẻ hoá da, giảm nhăn, chống lão hoá, cải thiện đường nét khuôn mặt, chống chảy xệ 
- Vitamin C (100mg), Resveratrol, Polyphenol: Chống oxy hoá, giữ ẩm, tái tạo collagen mới, làm sáng da
- Acid amin: Tái tạo phân tử collagen mới
- Elastin: Tăng cường độ đàn hồi da
- Hyaluronic acid (38mg): Cấp ẩm, giữ nước, giúp da căng mịn
Chỉ định: 
- Liều tấn công: 1 ống/ngày trong 30 ngày
- Duy trì: 2 ngày/1 ống 
Hướng dẫn sử dụng: 
- Người có nhu cầu ngăn chặn lão hoá sớm hoặc đã có dấu hiệu lão hoá. 
- Người bị nám da, lão hoá da, da xỉn màu
- Người có làn da khô, thiếu ẩm, nếp nhăn li ti, kém săn chắc
- Người muốn chăm sóc bổ sung cho da, tóc, móng hàng ngày
- Dùng từ 20 tuổi trở lên
Dung tích: Hộp 10 ống, mỗi ống 25ml",https://vhndistribution.com/san-pham/collagen-lam-sang-tre-hoa-da-collagen-plus-10-ong-hop/,https://vhndistribution.com/wp-content/uploads/2023/04/collagen-plus-2.png,None,False,False,False,
231,Pharmalife,"Pharmalife - Skin Detox - 30 tablets (Viên uống thải độc, chống oxy hóa và làm đẹp da - 30 viên)",495000,%,495000,"Pharmalife - Skin Detox - 30 tablets (Viên uống thải độc, chống oxy hóa và làm đẹp da - 30 viên)
1 viên/ngày trước bữa ăn chính với nhiều nước. 
","Thành phần: 
- L-Methionine
- Ascorbic acid
- Hoa Viola (Viola tricolor)
- Chiết xuất khô hạt nho (Vitis vinifera)
- Chiết xuất khô quả Serenoa (Serenoa repens)
- Dầu hoa Lưu ly (Borago officinalis)
- Niacin
- Vitamin E
- Vitamin B6
- Kẽm, selen
- Biotin
Công dụng: 
- Chiết xuất hạt nho: Chất chống oxy hóa mạnh, bảo vệ cơ thể chống lại oxy hoá và các gốc tự do.
- L – Methionine: Giải độc paracetamol, tăng tổng hợp Glutathion ở gan, tăng cường khả năng hấp thu Zn, Selen
- Chiết xuất cây cọ lùn: Ức chế 5 - ɑ reductase giúp giảm sản xuất bã nhờn
- Selen, Zn, vitamin B3: Kiềm dầu, hỗ trợ điều trị mụn
Chỉ định: 
1 viên/ngày trước bữa ăn chính với nhiều nước. 

Hướng dẫn sử dụng: 
- Đào thải độc tố cho mọi loại da hàng ngày
- Bệnh nhân có da dầu, da mụn để ngăn ngừa mụn, giảm tiết dầu và giảm tình trạng mụn hiện tại.
- Người thường xuyên tiếp xúc với môi trường ngoài trời hay các môi trường độc hại, môi trường nhiều vi khuẩn…
- Dùng từ 15 tuổi.

Dung tích: Hộp 30 viên nén",https://vhndistribution.com/san-pham/vien-uong-thai-doc-ho-tro-dieu-tri-mun-skin-detox-30-vien-hop/,https://vhndistribution.com/wp-content/uploads/2023/04/skin-detox.png,None,False,False,False,
232,Pharmalife,"Pharmalife - Skin Pury - 60 tablets (Viên uống thải độc, chống oxy hóa và làm đẹp da - 60 viên)",715000,%,715000,"Pharmalife - Skin Pury - 60 tablets (Viên uống thải độc, chống oxy hóa và làm đẹp da - 60 viên)
1 viên/ngày trước bữa ăn chính với nhiều nước. 
","Thành phần: 
- L-Methionine
- Ascorbic acid
- Hoa Viola (Viola tricolor)
- Chiết xuất khô hạt nho (Vitis vinifera)
- Chiết xuất khô quả Serenoa (Serenoa repens)
- Dầu hoa Lưu ly (Borago officinalis)
- Niacin
- Vitamin E
- Vitamin B6
- Kẽm, selen
- Biotin
Công dụng: 
- Chiết xuất hạt nho: Chất chống oxy hóa mạnh, bảo vệ cơ thể chống lại oxy hoá và các gốc tự do.
- L – Methionine: Giải độc paracetamol, tăng tổng hợp Glutathion ở gan, tăng cường khả năng hấp thu Zn, Selen
- Chiết xuất cây cọ lùn: Ức chế 5 - ɑ reductase giúp giảm sản xuất bã nhờn
- Selen, Zn, vitamin B3: Kiềm dầu, hỗ trợ điều trị mụn
Chỉ định: 
1 viên/ngày trước bữa ăn chính với nhiều nước. 

Hướng dẫn sử dụng: 
- Đào thải độc tố cho mọi loại da hàng ngày
- Bệnh nhân có da dầu, da mụn để ngăn ngừa mụn, giảm tiết dầu và giảm tình trạng mụn hiện tại.
- Người thường xuyên tiếp xúc với môi trường ngoài trời hay các môi trường độc hại, môi trường nhiều vi khuẩn…
- Dùng từ 15 tuổi.

Dung tích: Hộp 60 viên nén",https://vhndistribution.com/san-pham/vien-uong-thai-doc-chong-oxy-hoa-lam-dep-da-skin-pury-60-vien-hop/,https://vhndistribution.com/wp-content/uploads/2023/04/skin-pury-2.png,None,False,False,False,
233,Pharmalife,Pharmalife - Solesan Protect - 30 tablets (Viên uống chống nắng và bảo vệ da),650000,%,650000,"Pharmalife - Solesan Protect - 30 tablets (Viên uống chống nắng và bảo vệ da)
1 viên/ngày - trước/sau ăn với nhiều nước. 
Lưu ý: Có thể dùng 2 viên/ngày trước thời điểm tắm nắng trong thời gian ngắn để tăng hiệu quả tác động.
","Thành phần: 
- Vitamin C
- Chiết xuất khô của hạt nho (Vitis vinifera)
- Chiết xuất khô lá dương xỉ (Polypodium leucotomos)
- Chiết xuất khô lá trà xanh (Camellia sinensis)
- Hesperidin
- Axit α-Lipoic (ALA)
- Vitamin E
- Chiết xuất khô rễ Cốt khí củ (Polygonum cuspidatum)
- Niacin
Công dụng: 
- Polypodium Leucotomos ( chiết xuất dương xỉ): Giúp giảm viêm + tác hại của gốc tự do gây ra bởi tia UV
- Vitamin C, vitamin E, vitamin B3, chiết xuất nho, chiết xuất trà xanh, rễ cốt khí củ: Chống oxy hóa, giảm tác hại của gốc tự do gây ra bởi tia UV


Chỉ định: 
1 viên/ngày - trước/sau ăn với nhiều nước. 
Lưu ý: Có thể dùng 2 viên/ngày trước thời điểm tắm nắng trong thời gian ngắn để tăng hiệu quả tác động.

Hướng dẫn sử dụng: 
- Người có công việc hay phải tiếp xúc với ánh nắng mặt trời.
- Kết hợp cùng các liệu trình laser, thay da sinh học, tắm trắng...
- Kết hợp với kem chống nắng đường bôi để tăng cường hiệu quả bảo vệ da hàng ngày.
- Dùng từ 15 tuổi trở lên.

Dung tích: Hộp 30 viên nén",https://vhndistribution.com/san-pham/vien-uong-chong-nang-solesan-protect-30-vien-hop/,https://vhndistribution.com/wp-content/uploads/2023/04/solesan-2-1.png,None,False,False,False,"- Viên uống hỗ trợ bảo vệ da, kết hợp sử dụng cùng kem chống nắng làm gia tăng khả năng chống nắng.
- Khả năng chống oxy hóa mạnh nhờ được tăng cường đa dạng các hoạt chất chống oxy hóa từ thực vật như Resveratrol, Polyphenol, Bioflavonoid, EGCG, cùng các chất chống oxy hóa mạnh khác như vitamin C, E, B3, ALA đem lại khả năng bảo vệ da toàn diện
- Hỗ trợ chức năng hàng rào bảo vệ da, làm sáng da và ngăn ngừa tình trạng tăng sắc tố. Kết hợp trong các liều trình điều trị thẩm mỹ da."
234,Pharmalife,Pharmalife - Oxantin - 60 tablets (Viên uống hỗ trợ giảm mỡ và tăng cường chuyển hóa),495000,%,495000,"Pharmalife - Oxantin - 60 tablets (Viên uống hỗ trợ giảm mỡ và tăng cường chuyển hóa)
3 viên/lần trước bữa ăn trưa + tối.
(Uống nhiều nước trong ngày) 
","Thành phần: 
- Chiết xuất khô rễ Đại hoàng (Rheum palmatum)
- Inulin
- Fructo-oligosaccharides (FOS)
- Chiết xuất khô anh đào chua (Prunus cerasus)
- Bột tảo bẹ Wakame (Undaria pinnatifida)
Công dụng: 
- Bột rong biển Wakame: giảm lipid huyết thanh và ngăn chặn sự tích tụ chất béo 
- Inulin: Giúp lợi tiểu, giảm lượng axit uric trong máu, chứa axit malic với chất lượng rất tốt, có ích cho cơ thể
- Fructo-oligosaccharide ( FOS): FOS bảo vệ đa dạng tính sinh học và chức năng của hệ tiêu hóa cơ thể. 



Chỉ định: 
3 viên/lần trước bữa ăn trưa + tối.
(Uống nhiều nước trong ngày) 

Hướng dẫn sử dụng: 
- Thừa cân
- Tình trạng tích tụ mỡ bụng
- Ăn uống khó tiêu, đầy bụng và chướng hơi
- Táo bón thường xuyên
- Rối loạn tiêu hóa
- Nam giới nhậu nhiều, dễ tích mỡ và tích độc gan

Dung tích: Hộp 60 viên nén",https://vhndistribution.com/san-pham/vien-uong-ho-tro-giam-mo-tang-cuong-chuyen-hoa-oxantin-30-vien-hop/,https://vhndistribution.com/wp-content/uploads/2023/04/oxantin-2.png,None,False,False,False,
235,Pharmalife,Pharmalife - Immuno Plus - 60 tablets (Viên uống tăng sức đề kháng),550000,%,550000,"Pharmalife - Immuno Plus - 60 tablets (Viên uống tăng sức đề kháng)
2 viên/ngày chia hai lần sáng, trưa. Dùng trước khi ăn và uống kèm cùng nhiều nước.
","Thành phần: 
- Astragalus membronaceuus (chiết xuất rễ cây xương ngựa)
- Eleutherococcus senticosus (chiết xuất rễ nhân sâm Siberi)
- Rosa canina (chiết xuất quả tầm xuân)
- Uncoria tomentosa (chiết xuất vỏ cây móng mèo)
- Spirulina plantensis (bột tảo xoắn)
- Curcuma longa (chiết xuất củ nghệ)
- Kẽm, đồng, selen
- Vitamin E
Công dụng: 
- Chiết xuất khô rễ cây  Hoàng Kỳ: Giảm mức đường huyết, kích hoạt Tế bào lympho B Tăng cường sản xuất kháng thể không đặc hiệu IgM, G, A.Thúc đẩy sự biểu hiện của các cytokine gây viêm.
- Chiết xuất khô rễ Nhân Sâm Siberi: Dịch chiết từ rễ cây Eleutherococcus senticosus đã ức chế sự sao chép sản xuất của virus :Thinovirus ở người (HRV), Virus hợp bào hô hấp (RSV), Virus cúm A.
- Chiết xuất khô quả Tầm Xuân: Chứa 70% vitamin C, hoạt tính chống oxy hóa mạnh
- SPIRULINA: Thành phần chứa các protein với giá trị sinh học cao, 8 loại axit amin và axit béo thiết yếu như omega-3 và omega-6, các loại vitamin, khoáng chất.
- Chiết xuất khô vỏ cây Câu Đằng: Chống viêm, chống oxy hóa, tác dụng bảo vệ tế bào thần kinh, ngăn chặn quá trình lão hóa, đặc biệt ở người già.











Chỉ định: 
2 viên/ngày chia hai lần sáng, trưa. Dùng trước khi ăn và uống kèm cùng nhiều nước.

Hướng dẫn sử dụng: 
- Người cao tuổi.
- Người hay bị ốm, nhiễm trùng tái phát.
- Người trên 15 tuổi cần bổ sung, tăng cường sức đề kháng, sức miễn dịch của cơ thể trong một giai đoạn nhất định.
- Người dưới 15 tuổi cần hỏi ý kiến của bác sĩ.
- Mắc các bệnh lý: HIV, tiểu đường , Ung thư đang điều trị hóa chất, hội chứng thận hư.
- Người bênh sử dụng các thuốc ức chế miễn dịch lâu dài như corticoid, methotrexat, cyclosporin,…
- Bệnh nhân phẫu thuật cắt bỏ lách.

Dung tích: Hộp 60 viên nén",https://vhndistribution.com/san-pham/thuc-pham-bao-ve-suc-khoe-immuno-plus-60-vien-hop/,https://vhndistribution.com/wp-content/uploads/2023/04/immuno.png,None,False,False,False,
236,Preime,Preime - SKIN RENEW Skin Renewal Solution (),6600000,%,6600000,"Preime - SKIN RENEW Skin Renewal Solution ()
1. Da có nếp nhăn trên vùng mặt.
2. Da xỉn màu, tối màu, máu sắc không đồng đều.
3. Da yếu, tổn thương cần phục hồi
4. Hỗ trợ điều trị sẹo rỗ
","Thành phần: 
METHYLSILANOL MANNURONATE +
HYALURONIC ACID +
ASCORBIC ACID +

Công dụng: 
Kết cấu da được cải thiện
Da rạng rỡ và ngậm nước
Giảm sự xuất hiện của nếp nhăn và tăng sắc tố

Chỉ định: 
1. Da có nếp nhăn trên vùng mặt.
2. Da xỉn màu, tối màu, máu sắc không đồng đều.
3. Da yếu, tổn thương cần phục hồi
4. Hỗ trợ điều trị sẹo rỗ

Hướng dẫn sử dụng: 
Cấy meso, lăn kim,
phi kim, điện di hoặc bôi thoa.
Dung tích: 5ml/ ống x 5/ hộp
",https://vhndistribution.com/san-pham/skin-renew-skin-renewal-solution/,https://vhndistribution.com/wp-content/uploads/2024/11/Skin_Renew_vial-1.png,None,False,False,True,
237,Preime,Preime - SKIN LIFT Multipeptide Lifting Solution (),7920000,%,7920000,"Preime - SKIN LIFT Multipeptide Lifting Solution ()
1. Da chảy xệ, lão hóa
2. Da có nếp nhăn trên vùng mặt( nếp nhăn cảm xúc).
3. Da đàn hồi kém thiếu săn chắc.","Thành phần: 
DMEA +
RESVERATROL +
PEPTIDES +

Công dụng: 
Cải thiện độ đàn hồi và kết cấu của da
Giảm nếp nhăn và nếp nhăn
Da mịn màng, rạng rỡ
Chỉ định: 
1. Da chảy xệ, lão hóa
2. Da có nếp nhăn trên vùng mặt( nếp nhăn cảm xúc).
3. Da đàn hồi kém thiếu săn chắc.
Hướng dẫn sử dụng: 
Cấy meso, lăn kim,
phi kim, điện di hoặc bôi thoa.
Dung tích: 5ml/ ống x 5/ hộp",https://vhndistribution.com/san-pham/skin-lift-multipeptide-lifting-solution-coming-soon/,https://vhndistribution.com/wp-content/uploads/2024/11/Skin_Lift_vial-1.png,None,False,False,True,
238,Preime,Preime - PDRN Booster Nucleotide Rejuvenating Solution (),N/A,%,N/A,"Preime - PDRN Booster Nucleotide Rejuvenating Solution ()
Da bị lão hóa, nhăn trùng, chảy xệ.
Da nhạy cảm, yếu, cần phục hồi
Bề mặt da sần sùi, khô ráp, lỗ chân lông to,
Da bị sẹo rỗ lâu năm
Các trường hợp rạn da.","Thành phần: 
POLYDEOXYRIBONUCLEOTIDE +
HYALURONIC ACID  +  
GLUTATHIONE +  

Công dụng: 
Tái tạo, phục hồi da mạnh mẽ
Da rạng rỡ và ngậm nước, căng bóng
Tăng sinh Collagen, giảm sự xuất hiện của các nếp nhăn, tăng độ săn chắc, đàn hồi cho da

Chỉ định: 
Da bị lão hóa, nhăn trùng, chảy xệ.
Da nhạy cảm, yếu, cần phục hồi
Bề mặt da sần sùi, khô ráp, lỗ chân lông to,
Da bị sẹo rỗ lâu năm
Các trường hợp rạn da.
Hướng dẫn sử dụng: 
Cấy meso, lăn kim,
phi kim, điện di hoặc bôi thoa.
Dung tích: 5 ống/ hộp x 3ml",https://vhndistribution.com/san-pham/pdrn-booster-nucleotide-rejuvenating-solution/,https://vhndistribution.com/wp-content/uploads/2024/11/PDRN-Booster_vial-1.png,None,False,False,True,
239,Preime,Preime - TXA Bright Melablock Brightening Solution  (),N/A,%,N/A,"Preime - TXA Bright Melablock Brightening Solution  ()

Tăng sắc tố
Da bị tổn thương do ánh sáng
Da lão hóa
","Thành phần: 
TRANEXAMIC ACID+
HYALURONIC ACID +
OLIGOPEPTIDE +

Công dụng: 
Làm sáng, nâng tone da.
Làm đồng đều màu da.
Làm mờ rõ rệt các vết thâm,nám tàn nhang.
Làm giảm đỏ da giãn mạch những làn da nhạy cảm,
 trứng cá đỏ.
Làm giảm tác hại của ánh sáng mặt trời trên da.
Chỉ định: 

Tăng sắc tố
Da bị tổn thương do ánh sáng
Da lão hóa

Hướng dẫn sử dụng: 
Cấy meso, lăn kim,
phi kim, điện di hoặc bôi thoa.
Dung tích: 5 ống/ hộp x 5ml",https://vhndistribution.com/san-pham/txa-bright-melablock-brightening-solution-coming-soon/,https://vhndistribution.com/wp-content/uploads/2024/11/TXA_Bright-1.png,None,False,False,True,
240,Preime,Preime - HA 3.5 Dual Hydrating Solution (),6800000,%,6800000,"Preime - HA 3.5 Dual Hydrating Solution ()
Da mất nước, da có nhiều nếp nhăn","Thành phần: 
HYALURONIC ACID 

Công dụng: 
Cải thiện độ ẩm cho da
Giảm sự xuất hiện của đường nhăn và nếp nhăn
Da mịn màng, rạng rỡ
Chỉ định: 
Da mất nước, da có nhiều nếp nhăn
Hướng dẫn sử dụng: 
Meso, lăn kim, phi kim,
 bôi thoa, điện di.
Dung tích: 5ml/ống x 5 ống/ hộp",https://vhndistribution.com/san-pham/ha-3-5-dual-hydrating-solution/,https://vhndistribution.com/wp-content/uploads/2024/11/HA_3.5_1.png,None,False,False,True,"- HA đa trọng lượng phân tử (kích thước nhỏ và kích thước lớn) tạo ra tác động dưỡng ẩm đa tầng ( ở cả sâu dưới da và nông trên bề mặt)
- Nồng độ 3.5% là nồng độ HA cao nhất được cho phép trên thị trường cho các sản phẩm meso chăm sóc da.
- Linh hoạt trong việc kết hợp với các sản phẩm hoạt chất khác để tăng cường độ ẩm cho da."
241,Preime,Preime - GLUTATHIONE + B3 Brightening Solution (),2948000,%,2948000,"Preime - GLUTATHIONE + B3 Brightening Solution ()
Da bị sạm nám, tàn nhang,
da không đều màu, lão hóa.","Thành phần: 
GLUTATHIONE + 
 NIACINAMIDE + 

Công dụng: 
Làm sáng da 
Giảm tình trạng tăng sắc tố
Chống oxy hóa
Chỉ định: 
Da bị sạm nám, tàn nhang,
da không đều màu, lão hóa.
Hướng dẫn sử dụng: 
Cấy meso, lăn kim, phi kim,
 bôi thoa, điện di.
Dung tích: 5ml/ ống x 5/ hộp",https://vhndistribution.com/san-pham/glutathione-b3-brightening-solution/,https://vhndistribution.com/wp-content/uploads/2024/11/GlutathioneB3_1.png,None,False,False,True,
242,Preime,Preime - ASCORBIC ACID + NT Antioxidant Radiance Solution (),3179000,%,3179000,"Preime - ASCORBIC ACID + NT Antioxidant Radiance Solution ()
Sử dụng cho các bệnh nhân rám má,
tàn nhang, xỉn màu, lão hóa, rạn da.","Thành phần: 
ASCORBIC ACID + 
 NIACINAMIDE + 
TOCOPHERYL ACETATE +

Công dụng: 
Làm sáng da
Cải thiện tông màu da
Chống oxy hoá và  phối hợp điều trị tổn thương da do ánh sáng, viêm, tăng sắc tố và da khô nhạy cảm

Chỉ định: 
Sử dụng cho các bệnh nhân rám má,
tàn nhang, xỉn màu, lão hóa, rạn da.
Hướng dẫn sử dụng: 
Cấy meso, lăn kim, phi kim,
 bôi thoa, điện di.
Dung tích: 5ml x 5 lọ/hộp",https://vhndistribution.com/san-pham/ascorbic-acid-nt-antioxidant-radiance-solution/,https://vhndistribution.com/wp-content/uploads/2024/11/7.-Ascorbic_AcidNT_1.png,None,False,False,True,
243,Preime,Preime - Retinol + TC Retexture Finish Solution (),N/A,%,N/A,"Preime - Retinol + TC Retexture Finish Solution ()
Cải thiện bề mặt da dày sừng, thô sần, lỗ chân lông to
mụn đầu đen, mụn viêm nhẹ, da nhiều bã nhờn
nếp nhăn trên bề mặt, da sần vỏ cam.
hỗ trợ điều trị rạn da","Thành phần: 
RETINYL PALMITATE
TOCOPHERYL +
CENTELLA ASIATICA +

Công dụng: 
Cải thiện kết cấu da
Da rạng rỡ
Làn da mịn màng, tươi sáng
Hỗ trợ điều trị mụn trứng cá, lỗ chân lông rộng
Tăng sinh collagen, trẻ hóa da

Chỉ định: 
Cải thiện bề mặt da dày sừng, thô sần, lỗ chân lông to
mụn đầu đen, mụn viêm nhẹ, da nhiều bã nhờn
nếp nhăn trên bề mặt, da sần vỏ cam.
hỗ trợ điều trị rạn da
Hướng dẫn sử dụng: 
Lăn kim, phi kim,
 điện di, bôi thoa
Dung tích: 5ml x 5 ống/hộp",https://vhndistribution.com/san-pham/retinol-tc-retexture-finish-solution/,https://vhndistribution.com/wp-content/uploads/2024/11/Retinol_vial-1.png,None,False,False,True,
244,Preime,Preime - PPC + Deox Contouring Solution (),N/A,%,N/A,"Preime - PPC + Deox Contouring Solution ()
Tích mỡ cục bộ","Thành phần: 
PHOSPHATIDYCHOLINE +
DEOXYCHOLATE +

Công dụng: 
Giảm tích tụ mỡ
Đường nét cơ thể được cải thiện

Chỉ định: 
Tích mỡ cục bộ
Hướng dẫn sử dụng: 
Meso, lăn kim, phi kim,
 bôi thoa, điện di.
Dung tích: 5ml/ống x 5 ống/hộp",https://vhndistribution.com/san-pham/ppc-deox-contouring-solution/,https://vhndistribution.com/wp-content/uploads/2024/11/ppc-1.png,None,False,False,True,
245,Preime,Preime - Renew Bio - Exosome Solution (),N/A,%,N/A,"Preime - Renew Bio - Exosome Solution ()
 Da lão hóa, nếp nhăn
 Da yếu, tổn thương cần phục hồi
 Hỗ trợ điều trị sẹo rỗ
","Thành phần: 
PLANT EXOSOME ( 10 -30 BILLION) 
PLANT EXTRACT ( 0,1%)
SODIUM HYALURONATE ( 0,5%)
PEPTIDE  (1%)
CYANOCOBALAMI ( 0,1%)
Công dụng: 
Tăng tốc độ tái tạo da
Trẻ hóa da tự nhiên
Cải thiện kết cấu da
Chỉ định: 
 Da lão hóa, nếp nhăn
 Da yếu, tổn thương cần phục hồi
 Hỗ trợ điều trị sẹo rỗ

Hướng dẫn sử dụng: 
Cấy meso, lăn kim, phi kim, bôi thoa, điện di.
Dung tích: ",https://vhndistribution.com/san-pham/renew-bio-exosome-solution-coming-soon/,https://vhndistribution.com/wp-content/uploads/2024/11/Renew_vial-1.png,None,False,False,True,
246,Dermoaroma,"Dermoaroma - Peeling System - Juvena - 50ml (Liệu trình thay da, đổi mới trẻ hóa da)",9800000,%,9800000,"Dermoaroma - Peeling System - Juvena - 50ml (Liệu trình thay da, đổi mới trẻ hóa da)
1. Làn da lão hóa do tuổi tác và lão hóa do ánh sáng: nhăn, chùng, chảy xệ.
2. Làn da khô, thô sần nhẹ đến trung bình.","Thành phần: 
- Trichloroacetic acid 30%
- Mandelic acid 10%
- Phytic acid 1%
- Hyaluronic acid
- Sodium DNA 
- Olea Europaea (Tế bào gốc cây Ooliu)
- Zanthoxylum Pipertium (Tế bào gốc cây hạt tiêu)
- Retinol
- Oligopeptide-20 
Công dụng: 
Sản phẩm Peel Juvena trẻ hoá toàn diện cho làn da giúp tái tạo làn da thô ráp ngay tức thì, đồng thời tăng cường độ săn chắc, đàn hồi cho làn da, giảm thiểu nhanh chóng nếp nhăn trên bề mặt da. Kết hợp cùng công nghệ tiên tiến sẽ bảo vệ độ tinh khiết và thúc đẩy khả năng thẩm thấu của sản phẩm.

Hiệu quả trẻ hoá và tái tạo làn da thô ráp, lão hoá ngay tức thì:
Juvena chứa 30% TCA, hoạt chất có tác động mạnh mẽ trên làn da thô ráp, trả lại làn da sự mềm mại và mịn màng.
Thành phần PDRN giúp điều hòa phản ứng viêm, thúc đẩy tăng sinh nguyên bào sợi, cải thiện vi tuần hoàn, tăng tốc độ sửa chữa DNA tế bào.
Tế bào gốc mầm cây Olive hoang dã mang hiệu quả sạc năng lượng cho các tế bào da, tăng cường sản sinh protein cấu trúc, phục hồi độ săn chắc và đàn hồi của làn da.

Tăng cường độ săn chắc, đàn hồi cho làn da, giảm nếp nhăn trên bề mặt da:
Các tế bào chưa biệt hoá của hoa tiêu Nhật Bản mang hiệu quả ngăn ngừa tổn thương da do tia UV, làm chậm quá trình lão hóa. 
Oligopeptide 20 mang hiệu quả thúc đẩy tăng trưởng tế bào nhanh chóng trong 72h

Ứng dụng công nghệ tiên tiến giúp các hoạt chất trong sản phẩm có tính ổn định cao và khả năng thẩm thấu sâu hơn, mang đến hiệu quả nhanh chóng và giảm hiện tượng kích ứng rõ rệt:
Dẫn xuất Hyaluronic acid nanogel - kích thước Nano giảm mất nước qua da, giảm viêm và giảm gốc tự do (ROS), đồng thời bảo vệ tế bào khi tiếp xúc với tia UV.
Retinol viên nang làm giảm hiện tượng kích ứng nhờ quá trình thẩm thấu nhanh chóng, giải phóng và khuếch tán ngay lập tức, tăng cường sự đàn hồi & giảm nếp nhăn trên bề mặt da.

Chỉ định: 
1. Làn da lão hóa do tuổi tác và lão hóa do ánh sáng: nhăn, chùng, chảy xệ.
2. Làn da khô, thô sần nhẹ đến trung bình.
Hướng dẫn sử dụng: 
Sử dụng ngoài da tại chỗ, theo chỉ định và hướng dẫn của chuyên gia
Dung tích: Hộp 10 ống, mỗi ống 5ml",https://vhndistribution.com/san-pham/juvena-bio-booster-lieu-trinh-tai-tao-tre-hoa-da-coming-soon/,https://vhndistribution.com/wp-content/uploads/2024/11/1.-juvena_box-1.png,None,False,False,True,"- Peel da mức độ trung bình nhẹ nhờ 30% TCA và 10% Mandelic
- Cải thiện đồng thời, toàn diện các biểu hiện liên quan tới lão hóa da (nếp nhăn, da chùng nhão, chảy xệ) và tăng sắc tố
- Tăng cường cấu trúc da, hỗ trợ làm mờ sẹo rỗ và giảm tình trạng lỗ chân lông rộng."
247,Dermoaroma,Dermoaroma - Peeling System - Restructa - 50ml (Liệu trình thay da giảm mụn và ngừa thâm sẹo),9800000,%,9800000,"Dermoaroma - Peeling System - Restructa - 50ml (Liệu trình thay da giảm mụn và ngừa thâm sẹo)
1. Phù hợp với da dầu, da hỗn hợp, lỗ chân lông rộng và bít tắc.
2. Làn da mụn trứng cá
3. Da dày sừng
4. Làn da gặp hiện tượng tăng sắc tố sau mụn viêm.","Thành phần: 
- Lactic acid 9%
- Mandelic acid 5%
- Shikimic acid 3%
- Pyruvic acid 1.97%
- Ascorbyl Glucoside
- DMAE
- Copper PCA
Công dụng: 
Sản phẩm Peel - Restructa tái cấu trúc da, là liệu pháp đặc trị cải thiện rõ rệt làn da dày sừng, thô ráp, sần sùi, dễ nổi mụn trứng cá nhờ các hoạt chất có khả năng kháng khuẩn, kháng viêm. Restructa còn có hiệu quả trong việc tăng cường hàng rào bảo vệ, thúc đẩy phục hồi da, mang lại làn da khoẻ mạnh.

Kháng khuẩn, làm giảm các nốt viêm và điều tiết bã nhờn, cải thiện nền da mụn.
Shimiki acid giúp ức chế quá trình nhiễm trùng do vi khuẩn, giảm các nốt viêm, thông thoáng lỗ chân lông, ngăn ngừa hình thành nhân mụn.
Mandelic acid giúp tẩy da chết nhẹ nhàng, làm sạch bã nhờn, hỗ trợ kháng khuẩn gây mụn.
Lactic acid giúp lấy đi tế bào chết trên bề mặt đồng thời khôi phục hàng rào bảo vệ da.

Tăng cường hàng rào bảo vệ da, thúc đẩy phục hồi da mang đến làn da khoẻ mạnh:
DMAE giúp ổn định màng tế bào, chống oxy hóa, đồng thời tăng khả năng tổng hợp Collagen & Elastin giúp tăng độ săn chắc và đàn hồi cho da.
Pyrolidone Carboxylic Acid (PCA) giúp giữ ẩm, thúc đẩy tổng hợp lipid và biệt hóa biểu bị; khôi phục hàng rào bảo vệ da.
Cải thiện kết cấu và sắc diện da.
Bakuchiol giúp kích thích đổi mới tế bào da, làm mờ nếp nhăn và rãnh nhăn và cải thiện tông màu và kết cấu da

Chỉ định: 
1. Phù hợp với da dầu, da hỗn hợp, lỗ chân lông rộng và bít tắc.
2. Làn da mụn trứng cá
3. Da dày sừng
4. Làn da gặp hiện tượng tăng sắc tố sau mụn viêm.
Hướng dẫn sử dụng: 
Sử dụng ngoài da tại chỗ, theo chỉ định và hướng dẫn của chuyên gia
Dung tích: Hộp 10 ống, mỗi ống 5ml",https://vhndistribution.com/san-pham/restructa-bio-booster-lieu-trinh-tri-mun-va-giam-tham-coming-soon/,https://vhndistribution.com/wp-content/uploads/2024/11/3.-restructa_bottle.png,None,False,False,True,"- Peel có tác dụng giảm viêm và kháng khuẩn mạnh cho những nền da mụn nhờ các hoạt chất như Mandelic acid, Lactic, Pyruvic và Shikimic acid
- Cải thiện đồng thời kết cấu da trong quá trình điều trị mụn, giảm hình thành sẹo và tăng sắc tố sau viêm
- Phục hồi hàng rào bảo vệ da nhờ tăng cường hàng rào hydro-lipid với Copper PCA và lactic acid"
248,Dermoaroma,Dermoaroma - Peeling System - Radiance - 50ml (Liệu trình thay da làm sáng và giảm đốm sậm màu),9800000,%,9800000,"Dermoaroma - Peeling System - Radiance - 50ml (Liệu trình thay da làm sáng và giảm đốm sậm màu)
1. Phù hợp với làn da có hiện tượng nám, da tăng sắc tố sau viêm.
2. Làn da có đốm nâu, tàn nhang
3. Điều trị rối loạn sắc tố do lão hóa ánh sáng","Thành phần: 
- Citric acid 20%
- Glycolic acid 7%
- Tranexamic acid 5%
- Ascorbyl glucoside
- Resorcinol
- Azelaic acid
- Postassium Azeloyl Diglycinate
- Glutathione
- Retinol
- Oligopeptide-34
Công dụng: 
Sản phẩm Peel Radiance làm sáng da sẽ mang đến sự tươi sáng, mịn màng và rạng rỡ nhờ hiệu quả làm mờ vết thâm nám, ngăn chặn hình thành những đốm nám mới. Bên cạnh đó, sản phẩm còn chứa các hoạt chất chống Oxy hoá, ngăn ngừa tăng sắc tố sau viêm, cải thiện kết cấu và sắc diện da.

Làm mờ vết thâm nám trên bề mặt da, ngăn chặn hình thành những đốm nám mới
Tranexamic acid giúp giảm tương tác giữa tế bào sừng và tế bào sắc tố, từ đấy ức chế hình thành sắc tố đậm màu mới.
Oligopeptide 34 giúp giảm vận chuyển Melanosome lên tế bào sừng, giảm hoạt động của tế bào T, từ đó tăng tác dụng chống viêm, đồng thời cải thiện sắc diện da.
Azelaic acid được hoạt hóa để chống lại các tế bào hắc tố tăng hoạt, đồng thời có đặc tính kháng viêm, kháng khuẩn.
Zeloglycine làm giảm hoạt động của tyrosine từ đó, giảm sản sinh Melanin trong da. Tăng cường độ đàn hồi và điều tiết bã nhờn.

Chống Oxy hoá, ngăn ngừa tăng sắc tố sau viêm
Glutathion là chất chống oxy hóa mạnh, hỗ trợ làm sáng da.

Cải thiện kết cấu và sắc diện da.
Retinol dạng vi nang thẩm thấu nhanh chóng, giải phóng có kiểm soát. Tăng cường sự đàn hồi & giảm nếp nhăn trên bề mặt da.
Chỉ định: 
1. Phù hợp với làn da có hiện tượng nám, da tăng sắc tố sau viêm.
2. Làn da có đốm nâu, tàn nhang
3. Điều trị rối loạn sắc tố do lão hóa ánh sáng
Hướng dẫn sử dụng: 
Sử dụng ngoài da tại chỗ, theo chỉ định và hướng dẫn của chuyên gia
Dung tích: Hộp 10 ống, mỗi ống 5ml",https://vhndistribution.com/san-pham/radiance-bio-booster-lieu-trinh-tri-nam-lam-sang-da-coming-soon/,https://vhndistribution.com/wp-content/uploads/2024/11/2.-radiance_bottle.png,None,False,False,True,"- Peel nông cùng công nghệ liposome giúp hạn chế tối đa nguy cơ tăng sắc tố sau điều trị
- Tập hợp các hoạt chất ức chế sắc tố và làm sáng da nổi bật, an toàn như Tranexamic, Glycolic, Azelaic, Resorcinol, Glutathion, Vitamin C
- Dưỡng trắng, sáng da an toàn và toàn diện"
249,Dermoaroma,"Dermoaroma - Peeling System - Intima - 50ml (Liệu trình thay da dành cho da vùng kín, nhạy cảm)",9800000,%,9800000,"Dermoaroma - Peeling System - Intima - 50ml (Liệu trình thay da dành cho da vùng kín, nhạy cảm)
Lý tưởng cho những vùng da kín như:
Khu vực môi lớn
 Khu vực quanh hậu môn 
 Vùng bẹn
 Nách, khuỷu tay, đầu gối
 Mông và quầng vú","Thành phần: 
- Trichloroacetic acid 3%
- Mandelic acid 5%
- Tranexamic acid 3%
- Ascorbyl glycoside
- Resorcinol
- Urea
- Phytic acid
- Alpha arbutin
- Copper PCA
- Daucus Carota Sativa (tế bào gốc cà rốt)
Công dụng: 
Sản phẩm Peel Intima dành cho vùng da kín như một liệu pháp chăm sóc tinh tế sẽ mang đến sự nâng niu cho vùng da nhạy cảm. Với nồng độ các hoạt chất lý tưởng, sản phẩm sẽ nhẹ nhàng loại bỏ tế bào chết và làm sáng da, đồng thời, giúp làn da vùng kín trở nên săn chắc và đàn hồi hơn.

Loại bỏ tế bào chết và làm sáng vùng kín một cách nhẹ nhàng và êm ái
Resorcinol - tiền chất của Hydroquinone có tác dụng giảm sắc tố đậm màu, đồng thời tác động trực tiếp lên tyrosinase, ức chế sản xuất melanin.
Alfa arbutin có tác dụng làm đều màu da, làm giảm hiện tượng sạm da và ngăn ngừa hình thành các vết tăng sắc tố.
Tranexamic acid giảm tương tác giữa tế bào sừng và tế bào sắc tố, từ đấy hạn chế tăng tổng hợp sắc tố đậm màu mới.

Mang lại làn da săn chắc, đàn hồi cho làn da vùng kín
Trichloroacetic acid 3% với hiệu quả kích thích sản sinh Collagen & Elastin từ đó, tăng cường sự săn chắc và đàn hồi cho da.
Pyrolidone carboxylic acid (PCA) giúp tăng cường hàng rào độ ẩm của da, tăng cường tổng hợp và biệt hóa các lipid biểu, mang đến sự mềm mại, mịn màng và khoẻ mạnh cho da.

Hoàn toàn an toàn và hiệu quả
Được bào chế bởi Công nghệ sinh học, sản phẩm Intima sẽ giúp các hoạt chất trong sản phẩm đảm bảo được độ tinh khiết và khả năng thẩm thấu cao mang đến hiệu quả và sự an toàn cho vùng da nhạy cảm nhất.
Chỉ định: 
Lý tưởng cho những vùng da kín như:
Khu vực môi lớn
 Khu vực quanh hậu môn 
 Vùng bẹn
 Nách, khuỷu tay, đầu gối
 Mông và quầng vú
Hướng dẫn sử dụng: 
Sử dụng ngoài da tại chỗ, theo chỉ định và hướng dẫn của chuyên gia
Dung tích: Hộp 10 ống, mỗi ống 5ml",https://vhndistribution.com/san-pham/intima-bio-booster-lieu-trinh-tre-hoa-vung-kin-coming-soon/,https://vhndistribution.com/wp-content/uploads/2024/11/5.-intima_bottle.png,None,False,False,True,"- Peel nhẹ nhàng, tinh tế cho cả những vùng da nhạy cảm nhất
- Tập trung cải thiện vấn đề sắc tố, giúp da sáng hồng, khỏe mạnh
- Khả năng bạt sừng nhẹ, nhưng vẫn đủ hỗ trợ cho sự thâm nhập của các hoạt chất làm trắng sáng khác vào trong da"
250,Dermoaroma,"Dermoaroma - Peeling System - Cell Renew - 50ml (Liệu trình thay da, đổi mới toàn diện)",9800000,%,9800000,"Dermoaroma - Peeling System - Cell Renew - 50ml (Liệu trình thay da, đổi mới toàn diện)
DÙNG CHO MỌI TÌNH TRẠNG DA
1. Làn da thô sẩn, không đều màu. 
2. Tình trạng tăng sắc tố da, nám, nám biểu bì tàn nhang, đồi mồi.
3. Thâm, sẹo do mụn trứng cá.
4. Trẻ hóa bề mặt da","Thành phần: 
- Trichloroacetic acid 35% 
- Glycolic acid 3,5%
- Urea 
- Aminobutyric acid 
- Daucus Carota Sativa (tế bào gốc cà rốt)
Công dụng: 
Sản phẩm Peel Cell Renewal - tái tạo tế bào là liệu pháp chăm sóc toàn diện và phù hợp với mọi tình trạng da. Chứa những hoạt chất với nồng độ cao, Cell Renewal sẽ thúc đẩy làn da săn chắc hơn, làm sáng và đồng đều màu da, kích thích vi tuần hoàn nhằm mang lại làn da hồng hào và tăng cường sắc diện da, đồng thời nhanh chóng mang đến sự mềm mại và mịn màng cho làn da.

Thúc đẩy làn da săn chắc hơn, làm sáng và đồng đều màu da.  
Trichloroacetic acid 35% giúp lấy đi tế bào sừng chết, kích thích sản sinh collagen và elastin, làm đầy những đường nhăn, nếp nhăn sâu. Hỗ trợ điều trị vấn đề về sẹo. 
Aminobutyric acid, còn được gọi là GABA - là một loại acid amin tự nhiên sẽ hỗ trợ tổng hợp collagen và hyaluronic acid, làm tăng độ đàn hồi, bổ sung độ ẩm cho da. 

Kích thích vi tuần hoàn nhằm mang lại làn da hồng hào và tăng cường sắc diện da.
Tế bào phân sinh của daucus carota Sativa callus lysate chứa nguồn anthocyanin mạnh mẽ - là một loại flavonoid, có đặc tính chống oxy hóa mạnh, chống lại các tác động của lão hóa và stress oxy hóa, mang đặc tính kháng viêm, làm dịu và giảm đỏ, cải thiện vi tuần hoàn máu, tăng cường hàng rào bảo vệ da tự nhiên và bảo vệ da khỏi tác động từ tia UV. 

Nhanh chóng loại bỏ sự thô ráp sần sùi, tối xỉn, trả lại sự mềm mại và mịn màng cho làn da.
Trichloroacetic acid kết hợp cùng Glycolic acid se mang đến hiệu quả loại bỏ tế bào chết, mang lại làn da sáng, đều màu, mịn màng và rạng rỡ hơn, làm sạch sâu lỗ chân lông.

Chỉ định: 
DÙNG CHO MỌI TÌNH TRẠNG DA
1. Làn da thô sẩn, không đều màu. 
2. Tình trạng tăng sắc tố da, nám, nám biểu bì tàn nhang, đồi mồi.
3. Thâm, sẹo do mụn trứng cá.
4. Trẻ hóa bề mặt da
Hướng dẫn sử dụng: 
Sử dụng ngoài da tại chỗ, theo chỉ định và hướng dẫn của chuyên gia
Dung tích: Hộp 10 ống, mỗi ống 5ml",https://vhndistribution.com/san-pham/cell-renew-bio-booster-lieu-trinh-tai-tao-toan-dien-be-mat-da-coming-soon/,https://vhndistribution.com/wp-content/uploads/2024/11/4.-cell_bottle.png,None,False,False,True,"- Peel TCA mức độ trung bình nhưng giảm thiểu tối đa những cảm giác khó chịu trên da khi peel
- Cải thiện toàn diện, tổng thể làn da, giúp làm mờ các đốm tăng sắc tố, nếp nhăn và tình trạng sẹo lõm
- Tăng cường hiệu quả cho các liệu trình peel khác."
251,Dermoaroma,Dermoaroma - Peeling System - Pre-peel pH Prep Solution - 200ml (Dung dịch chuẩn bị da trước peel),6000000,%,6000000,"Dermoaroma - Peeling System - Pre-peel pH Prep Solution - 200ml (Dung dịch chuẩn bị da trước peel)
Dành cho mọi loại da trước khi thực hiện trị liệu peel tại cơ sở.","Thành phần: 
- Glycolic acid 20%
- Mandelic acid 5%
- Tartaric acid 1%
Công dụng: 
Sản phẩm Pre-peeling là giải pháp giúp làn da sẵn sàng tiếp nhận bước peel bằng cách đưa độ pH tự nhiên của da dần trở về mức thấp hơn.
Mandelic acid, glycolic acid, tataric acid - Tổ hợp AHA giúp chuẩn bị nền da trước peel, các dưỡng chất được hoạt động hiệu quả hơn. 
pH 4: Hạ độ pH tự nhiên của da, chuẩn bị da trước bước peel có chứa nồng độ acid cao
Chỉ định: 
Dành cho mọi loại da trước khi thực hiện trị liệu peel tại cơ sở.
Hướng dẫn sử dụng: 
Sử dụng ngoài da tại chỗ, theo chỉ định và hướng dẫn của chuyên gia
Dung tích: Hộp 1 chai 200ml",https://vhndistribution.com/san-pham/pre-peeling-ph-prep-solution-coming-soon/,https://vhndistribution.com/wp-content/uploads/2024/11/7.-bottle_01.png,None,False,False,True,
252,Dermoaroma,Dermoaroma - Peeling System - Neutralizer Toner pH Balancer - 200ml (Dung dịch trung hòa sau peel),6000000,%,6000000,"Dermoaroma - Peeling System - Neutralizer Toner pH Balancer - 200ml (Dung dịch trung hòa sau peel)
Dành cho mọi loại da sau khi thực hiện trị liệu peel tại cơ sở.","Thành phần: 
- Glycerin 10%
- Sodium bicarbonate 5%
- Aloe Vera (chiết xuất lá nha đam) 
- Ocimum Bacilicum (chiết xuất lá húng tây) 
- Panthenol
- Polyquaternium-7
Công dụng: 
Sản phẩm trung hoà sau peel được thiết kế để tăng độ pH tự nhiên của da sau khi hoàn thành quá trình peel, giúp tăng khả năng hấp thu của sản phẩm dưỡng phục hồi.
Bisabol, chiết xuất nha đam, chiết xuất hoa cúc mang đặc tính làm dịu, kháng viêm mạnh mẽ. 
Sodium carbonat có đặc tính kiềm hóa. 

Chỉ định: 
Dành cho mọi loại da sau khi thực hiện trị liệu peel tại cơ sở.
Hướng dẫn sử dụng: 
Sử dụng ngoài da tại chỗ, theo chỉ định và hướng dẫn của chuyên gia
Dung tích: Hộp 1 chai 200ml",https://vhndistribution.com/san-pham/neutralizer-ph-toner-balancer-coming-soon/,https://vhndistribution.com/wp-content/uploads/2024/11/8.-bottle_02.png,None,False,False,True,
253,Dermoaroma,Dermoaroma - Peeling System - GF20 Exosomes Boost skin serum - 200ml (Serum tăng cường phục hồi da với exosome và yếu tố tăng trưởng),11000000,%,11000000,"Dermoaroma - Peeling System - GF20 Exosomes Boost skin serum - 200ml (Serum tăng cường phục hồi da với exosome và yếu tố tăng trưởng)
Sử dụng chăm sóc tại salon. Dành cho mọi loại da sau khi thực hiện trị liệu peel, mesotherapy, công nghệ cao tại cơ sở.","Thành phần: 
- Sodium Lactate 5%
- Colostrum (công nghệ AMPLEX+) 5%
- Panthenol 3%
- Tocopheryl Acetate 2.5%
- Vitis vinifera seed oil (dầu hạt nho)
- Macadamia Ternìolia seed oil (dầu hạt mắc ca)
- Ocimum Basilicum Leaf extract (chiết xuất lá húng tây)
- Tocopherol
- Butyrospermum parkii butter (bơ hạt mỡ)
- Zinc hydrolyzed hyaluronate
- Squalene
- Simmondia Chinensis seed oil (dầu hạt jojoba)
- Lactic acid
- Bisabolol
- Rosmarinus Officinalis extract (chiết xuất hương thảo)
- Sodium DNA
- Bacillus Ferment
Công dụng: 

Tinh chất phục hồi da cao cấp GF20 Exosome chứa các thành phần hác thành phần hoạt tính sinh học để tăng cường kết quả điều trị và bảo vệ da khỏi tác hại của môi trường, mang hiệu quả nuôi dưỡng và phục hồi da nhanh chóng sau quá trình peel
Công nghệ độc quyền với 20 tỷ Exosome và 20 yếu tố tăng trưởng.
PDRN (sodium DNA) giúp phục hồi các lớp hàng rào bảo vệ da, cung cấp các chất dinh dưỡng cho da, thúc đẩy tổng hợp Collagen, mang lại bề mặt da săn chắc, mịn màng, khôi phục lại sự khoẻ mạnh cho làn da.
Seadermium mang hiệu quả cải thiện nếp nhăn sâu, mang lại làn da đàn hồi và săn chắc. Cung cấp độ ẩm cho da. 
Sodium Lactate có tác dụng trong việc dưỡng ẩm, phục hồi độ ẩm nhanh chóng cho da.
Lactic acid giúp tăng cường độ ẩm cho da. 
Chỉ định: 
Sử dụng chăm sóc tại salon. Dành cho mọi loại da sau khi thực hiện trị liệu peel, mesotherapy, công nghệ cao tại cơ sở.
Hướng dẫn sử dụng: 
Sử dụng vào buổi sáng và buổi tối trước khi thực hiện trị liệu peel tại cơ sở 2 tuần. 

Dung tích: Hộp 1 chai 200ml",https://vhndistribution.com/san-pham/gf20-exosomes-boost-skin-cream-coming-soon/,https://vhndistribution.com/wp-content/uploads/2024/11/6.-GF-20.png,None,False,False,True,
254,Dermoaroma,Dermoaroma - Peeling System - GF20 Exosomes Boost skin serum - 50ml (Serum tăng cường phục hồi da với exosome và yếu tố tăng trưởng),5060000,%,5060000,"Dermoaroma - Peeling System - GF20 Exosomes Boost skin serum - 50ml (Serum tăng cường phục hồi da với exosome và yếu tố tăng trưởng)
Sử dụng chăm sóc tại nhà. Dành cho mọi loại da sau khi thực hiện trị liệu peel, mesotherapy, công nghệ cao tại cơ sở.","Thành phần: 
- Sodium Lactate 5%
- Colostrum (công nghệ AMPLEX+) 5%
- Panthenol 3%
- Tocopheryl Acetate 2.5%
- Vitis vinifera seed oil (dầu hạt nho)
- Macadamia Ternìolia seed oil (dầu hạt mắc ca)
- Ocimum Basilicum Leaf extract (chiết xuất lá húng tây)
- Tocopherol
- Butyrospermum parkii butter (bơ hạt mỡ)
- Zinc hydrolyzed hyaluronate
- Squalene
- Simmondia Chinensis seed oil (dầu hạt jojoba)
- Lactic acid
- Bisabolol
- Rosmarinus Officinalis extract (chiết xuất hương thảo)
- Sodium DNA
- Bacillus Ferment
Công dụng: 

Tinh chất phục hồi da cao cấp GF20 Exosome chứa các thành phần hác thành phần hoạt tính sinh học để tăng cường kết quả điều trị và bảo vệ da khỏi tác hại của môi trường, mang hiệu quả nuôi dưỡng và phục hồi da nhanh chóng sau quá trình peel
Công nghệ độc quyền với 20 tỷ Exosome và 20 yếu tố tăng trưởng.
PDRN (sodium DNA) giúp phục hồi các lớp hàng rào bảo vệ da, cung cấp các chất dinh dưỡng cho da, thúc đẩy tổng hợp Collagen, mang lại bề mặt da săn chắc, mịn màng, khôi phục lại sự khoẻ mạnh cho làn da.
Seadermium mang hiệu quả cải thiện nếp nhăn sâu, mang lại làn da đàn hồi và săn chắc. Cung cấp độ ẩm cho da. 
Sodium Lactate có tác dụng trong việc dưỡng ẩm, phục hồi độ ẩm nhanh chóng cho da.
Lactic acid giúp tăng cường độ ẩm cho da. 
Chỉ định: 
Sử dụng chăm sóc tại nhà. Dành cho mọi loại da sau khi thực hiện trị liệu peel, mesotherapy, công nghệ cao tại cơ sở.
Hướng dẫn sử dụng: 
Sử dụng vào buổi sáng và tối trước khi thực hiện trị liệu peel tại cơ sở 2 tuần và sau thực hiện liệu trình peel tại cơ sở 2 tuần. 

Dung tích: Hộp 1 lọ 50ml",https://vhndistribution.com/san-pham/gf20-exosomes-boost-skin-cream-coming-soon/,https://vhndistribution.com/wp-content/uploads/2024/11/6.-GF-20.png,None,False,False,False,
255,Dermoaroma,Dermoaroma - Peeling System - H8 Night skin serum - 50ml (Serum tăng cường tái tạo da ban đêm),4290000,%,4290000,"Dermoaroma - Peeling System - H8 Night skin serum - 50ml (Serum tăng cường tái tạo da ban đêm)
Phù hợp đối với mọi loại da, hỗ trợ hiệu quả chuẩn bị nền da trước peel và tái tạo da sau peel.","Thành phần: 
- Glycolic acid 8%
- Prunus amygdalus dulcis oil (dầu hạnh nhân)
- Glycerin
- Citric acid
- Tartaric acid
- Tocopheryl acetate
- Argania Spinosa Kernel Oil (dầu argan)
- Bisabolol
- Polyquaternium-10
- Sodium hyaluronate
Công dụng: 

Tinh chất dưỡng ban đêm H8 chứa công thức sáng tạo, dựa trên polysacarit lên men có nguồn gốc biển giúp tăng cường chức năng hàng rào bảo vệ da, phục hồi và nuôi dưỡng làn da sau peel.
Glycolic acid cùng Citric acid giúp loại bỏ tế bào chết trên bề mặt da, mang lại làn da sáng, mịn màng và rạng rỡ.
Hyaluronic acid duy trì độ ẩm, tăng cường độ đàn hồi da.
Dầu hạnh nhân giúp cung cấp độ ẩm, nuôi dưỡng làn da. 
Chỉ định: 
Phù hợp đối với mọi loại da, hỗ trợ hiệu quả chuẩn bị nền da trước peel và tái tạo da sau peel.
Hướng dẫn sử dụng: 
Sử dụng vào buổi tối trước khi thực hiện trị liệu peel tại cơ sở 2 tuần và sau thực hiện liệu trình peel tại cơ sở 2 tuần. 

Dung tích: Hộp 1 lọ 50ml",N/A,N/A,None,False,False,False,
256,Dermoaroma,Purasomes Skin Glow Complex -Exosome phục hồi và làm sáng da ( 3x 5ml),15000000,%,15000000,N/A,"Thành phần: 
AMPLEX+ (20 tỷ đơn vị exosome, 200mg 20 yếu tố tăng trưởng mạnh mẽ nhất)
- 100mg HA (50mg HWM, 50mg LWM)
- Dẫn xuất vitamin C ổn định
- Amino acid – Peptide – 3 chất chống oxy hóa
- Tế bào gốc từ lựu
Chỉ định
- Đảo ngược quá trình tổng hợp và vận chuyển melanin. Giảm rõ rệt sự hình thành đốm sắc tố. Giảm tổng hợp protein mang melanophilin.
- Phục hồi sức sống và độ rạng rỡ của làn da. Tăng cường vẻ sáng bóng. Ngăn ngừa các gốc tự do.
- Xây dựng lại hàng rào bảo vệ da kéo dài và chống oxy hóa mạnh trước các bức xạ mặt trời.",https://vhndistribution.com/san-pham/purasomes-sgc100-skin-glow-complex/,https://vhndistribution.com/san-pham/purasomes-sgc100-skin-glow-complex/#&gid=1&pid=1,None,False,False,True,"- Công nghệ AMPLEX+ độc quyền được cấp bằng sáng chế về Y học tái tạo và thẩm mỹ
- Phục hồi sức khỏe làn da nhờ exosome và các yếu tố tăng trưởng
- Tập trung cải thiện vấn đề tăng sắc tố nhờ các phức hợp peptide độc quyền như GenoWhite và MelaTrepein 5000"
257,Dermoaroma,"Purasomes Nutri Complex - Exosome phục hồi, sửa chữa da toàn diện  ( 3 x 5ml)",15000000,%,15000000,N/A," - AMPLEX+ (20 tỷ đơn vị exosome, 200mg 20 yếu tố tăng trưởng mạnh mẽ nhất)
- 150mg HA (75mg HWM, 75mg LWM)
- PDRN
- 23 amino acid – 10 vitamin – 6 CoEnzyme
- Chất chống oxy hóa
CHỉ định:
- Hoạt động trên những làn da khô, mệt mỏi, lão hóa và tổn thương do ánh sáng bằng cách khuếch đại mạnh mẽ hiệu suất tế bào.
- Sửa chữa những lớp sâu dưới da. Hỗ trợ hình thành collagen và duy trì độ săn chắc, đàn hồi của da.
- Bổ sung và nuôi dưỡng sâu cho da. Tăng cường khả năng thẩm thấu dưỡng chất. Thúc đẩy tăng sinh hình thành mạch máu và mô mới.
- Định hình chất lượng nền da mới, tái tạo phần khung đàn hồi lâu dài, da săn chắc hơn và đường nét rõ hơn.
",https://vhndistribution.com/san-pham/purasomes-nc150-nutri-complex/,https://vhndistribution.com/san-pham/purasomes-nc150-nutri-complex/#&gid=1&pid=1,None,False,False,False,"- Công nghệ AMPLEX+ độc quyền được cấp bằng sáng chế về Y học tái tạo và thẩm mỹ
- Phục hồi sức khỏe làn da nhờ exosome và các yếu tố tăng trưởng
- Nuôi dưỡng sâu và tối ưu cho tế bào, tăng cường hiệu suất hoạt động nhờ phức hợp nuôi dưỡng đa dạng và toàn diện gồm PDRN, acid amin, vitamin, Co-enzyme và các chất chống oxy hóa."